resolution,isReIntervention,app,timezone,interventionType,interventionDuration,timestamp,timeIntervalUntilReIntervention
openedApp,False,instagram,Europe/Berlin,breathingExercise,1.5,1750964193.977175,300.0
openedApp,False,instagram,Europe/Berlin,breathingExercise,1.5,1750968306.5320458,300.0
openedApp,True,instagram,Europe/Berlin,breathingExercise,1.5,1750968621.703866,240.0
openedApp,False,instagram,Europe/Berlin,breathingExercise,1.5,1750968963.5543752,120.0
openedApp,True,instagram,Europe/Berlin,breathingExercise,1.5,1750969100.1737862,120.0
openedApp,False,instagram,Europe/Berlin,breathingExercise,1.5,1751000902.770438,120.0
openedApp,False,instagram,Europe/Berlin,breathingExercise,1.5,1751001558.100915,60.0
openedApp,False,instagram,Europe/Berlin,breathingExercise,1.5,1751007220.68146,60.0
openedApp,True,instagram,Europe/Berlin,breathingExercise,1.5,1751007294.2399678,60.0
openedApp,True,instagram,Europe/Berlin,breathingExercise,1.5,1751007360.897324,60.0
openedApp,False,instagram,Europe/Berlin,breathingExercise,1.5,1751011930.742676,60.0
openedApp,False,instagram,Europe/Berlin,breathingExercise,1.5,1751012466.948204,120.0
dismissedAppOpening,False,instagram,Europe/Berlin,breathingExercise,1.5,1751014539.918645,
dismissedAppOpening,False,instagram,Europe/Berlin,breathingExercise,1.5,1751015421.692776,
openedApp,False,instagram,Europe/Berlin,breathingExercise,1.5,1751029178.800239,60.0
dismissedAppOpening,False,instagram,Europe/Berlin,breathingExercise,1.5,1751032231.873966,
openedApp,False,instagram,Europe/Berlin,breathingExercise,1.5,1751032244.770773,120.0
openedApp,False,instagram,Europe/Berlin,breathingExercise,1.5,1751042937.682047,120.0
openedApp,False,instagram,Europe/Berlin,breathingExercise,1.5,1751059145.697552,60.0
openedApp,False,instagram,Europe/Berlin,breathingExercise,1.5,1751064834.714793,120.0
openedApp,True,instagram,Europe/Berlin,breathingExercise,1.5,1751065833.1977139,240.0
openedApp,True,instagram,Europe/Berlin,breathingExercise,1.5,1751066088.624301,60.0
openedApp,False,instagram,Europe/Berlin,breathingExercise,1.5,1751091759.628432,120.0
openedApp,False,instagram,Europe/Berlin,breathingExercise,1.5,1751091997.9710789,180.0
openedApp,True,instagram,Europe/Berlin,breathingExercise,1.5,1751093035.9796882,60.0
openedApp,True,instagram,Europe/Berlin,breathingExercise,1.5,1751093105.1196442,180.0
openedApp,True,instagram,Europe/Berlin,breathingExercise,1.5,1751093294.885611,120.0
openedApp,True,instagram,Europe/Berlin,breathingExercise,1.5,1751093589.10329,300.0
openedApp,True,instagram,Europe/Berlin,breathingExercise,1.5,1751093902.651252,300.0
openedApp,True,instagram,Europe/Berlin,breathingExercise,1.5,1751094272.9318871,180.0
openedApp,True,instagram,Europe/Berlin,breathingExercise,1.5,1751094455.250136,240.0
openedApp,False,instagram,Europe/Berlin,breathingExercise,1.5,1751095749.891757,180.0
dismissedAppOpening,True,instagram,Europe/Berlin,breathingExercise,1.5,1751096081.212755,
openedApp,False,instagram,Europe/Berlin,breathingExercise,1.5,1751097304.8286672,120.0
openedApp,False,instagram,Europe/Berlin,breathingExercise,1.5,1751101161.458821,180.0
openedApp,True,instagram,Europe/Berlin,breathingExercise,1.5,1751101359.135452,180.0
openedApp,True,instagram,Europe/Berlin,breathingExercise,1.5,1751101537.6553102,180.0
dismissedAppOpening,False,instagram,Europe/Berlin,breathingExercise,1.5,1751101892.350183,
openedApp,False,instagram,Europe/Berlin,breathingExercise,1.5,1751102357.90456,180.0
openedApp,False,instagram,Europe/Berlin,breathingExercise,1.5,1751107660.639524,180.0
openedApp,False,instagram,Europe/Berlin,breathingExercise,1.5,1751110349.534834,60.0
dismissedAppOpening,False,instagram,Europe/Berlin,breathingExercise,1.5,1751110896.207566,
openedApp,False,instagram,Europe/Berlin,breathingExercise,1.5,1751112282.282536,60.0
openedApp,False,instagram,Europe/Berlin,breathingExercise,1.5,1751112428.069458,60.0
openedApp,True,instagram,Europe/Berlin,breathingExercise,1.5,1751112503.5853438,120.0
openedApp,False,instagram,Europe/Berlin,breathingExercise,1.5,1751115262.475529,180.0
dismissedAppOpening,False,instagram,Europe/Berlin,breathingExercise,1.5,1751115410.2941232,
openedApp,False,instagram,Europe/Berlin,breathingExercise,1.5,1751117208.604371,60.0
openedApp,False,instagram,Europe/Berlin,breathingExercise,1.5,1751123610.0060658,600.0
openedApp,False,instagram,Europe/Berlin,breathingExercise,1.5,1751126123.14553,60.0
openedApp,False,instagram,Europe/Berlin,breathingExercise,1.5,1751134237.694752,60.0
dismissedAppOpening,False,instagram,Europe/Berlin,breathingExercise,1.5,1751134288.8690848,
openedApp,False,instagram,Europe/Berlin,breathingExercise,1.5,1751138416.835593,120.0
openedApp,False,instagram,Europe/Berlin,breathingExercise,1.5,1751138493.484,120.0
dismissedAppOpening,False,instagram,Europe/Berlin,breathingExercise,1.5,1751139531.028446,
dismissedAppOpening,False,instagram,Europe/Berlin,breathingExercise,1.5,1751139539.2836041,
openedApp,False,instagram,Europe/Berlin,breathingExercise,1.5,1751181034.374479,300.0
openedApp,False,instagram,Europe/Berlin,breathingExercise,1.5,1751181455.4986072,120.0
openedApp,True,instagram,Europe/Berlin,breathingExercise,1.5,1751181587.515229,180.0
openedApp,True,instagram,Europe/Berlin,breathingExercise,1.5,1751181775.282444,60.0
openedApp,False,instagram,Europe/Berlin,breathingExercise,1.5,1751185190.345961,60.0
openedApp,True,instagram,Europe/Berlin,breathingExercise,1.5,1751185264.108749,180.0
openedApp,True,instagram,Europe/Berlin,breathingExercise,1.5,1751185454.8854809,120.0
dismissedAppOpening,False,instagram,Europe/Berlin,breathingExercise,1.5,1751185496.085143,
openedApp,False,instagram,Europe/Berlin,breathingExercise,1.5,1751193013.2217898,60.0
openedApp,False,instagram,Europe/Berlin,breathingExercise,1.5,1751194251.787076,60.0
openedApp,False,instagram,Europe/Berlin,breathingExercise,1.5,1751195619.884167,120.0
openedApp,False,instagram,Europe/Berlin,breathingExercise,1.5,1751196098.063459,60.0
openedApp,False,instagram,Europe/Berlin,breathingExercise,1.5,1751196633.549109,60.0
openedApp,False,instagram,Europe/Berlin,breathingExercise,1.5,1751197698.7460341,60.0
openedApp,False,instagram,Europe/Berlin,breathingExercise,1.5,1751200092.4566832,180.0
openedApp,False,instagram,Europe/Berlin,breathingExercise,1.5,1751201546.0218658,360.0
openedApp,False,instagram,Europe/Berlin,breathingExercise,1.5,1751203003.393587,120.0
openedApp,False,instagram,Europe/Berlin,breathingExercise,1.5,1751203071.571101,60.0
openedApp,True,instagram,Europe/Berlin,breathingExercise,1.5,1751203143.01263,60.0
openedApp,False,instagram,Europe/Berlin,breathingExercise,1.5,1751204619.632474,60.0
openedApp,False,instagram,Europe/Berlin,breathingExercise,1.5,1751209674.1044931,60.0
openedApp,True,instagram,Europe/Berlin,breathingExercise,1.5,1751209761.9135408,120.0
openedApp,False,instagram,Europe/Berlin,breathingExercise,1.5,1751212734.575042,60.0
openedApp,True,instagram,Europe/Berlin,breathingExercise,1.5,1751212933.211008,180.0
openedApp,False,instagram,Europe/Berlin,breathingExercise,1.5,1751215430.8682718,180.0
openedApp,False,instagram,Europe/Berlin,breathingExercise,1.5,1751216181.81117,60.0
openedApp,False,instagram,Europe/Berlin,breathingExercise,1.5,1751221326.6536489,240.0
openedApp,True,instagram,Europe/Berlin,breathingExercise,1.5,1751221580.149012,120.0
openedApp,True,instagram,Europe/Berlin,breathingExercise,1.5,1751221993.133858,60.0
openedApp,False,instagram,Europe/Berlin,breathingExercise,1.5,1751226546.2632809,60.0
openedApp,True,instagram,Europe/Berlin,breathingExercise,1.5,1751226629.286633,240.0
openedApp,True,instagram,Europe/Berlin,breathingExercise,1.5,1751228805.908237,60.0
openedApp,False,instagram,Europe/Berlin,breathingExercise,1.5,1751258903.976059,240.0
openedApp,False,instagram,Europe/Berlin,breathingExercise,1.5,1751279580.083441,60.0
openedApp,False,instagram,Europe/Berlin,breathingExercise,1.5,1751280560.893773,180.0
openedApp,False,instagram,Europe/Berlin,breathingExercise,1.5,1751282352.4884691,60.0
openedApp,False,instagram,Europe/Berlin,breathingExercise,1.5,1751282376.3955631,60.0
openedApp,False,instagram,Europe/Berlin,breathingExercise,1.5,1751283802.688721,60.0
openedApp,False,instagram,Europe/Berlin,breathingExercise,1.5,1751297822.990098,180.0
openedApp,False,instagram,Europe/Berlin,breathingExercise,1.5,1751298625.94912,180.0
openedApp,True,instagram,Europe/Berlin,breathingExercise,1.5,1751298824.119152,180.0
openedApp,True,instagram,Europe/Berlin,breathingExercise,1.5,1751299013.782339,240.0
openedApp,False,instagram,Europe/Berlin,breathingExercise,1.5,1751303550.586417,60.0
openedApp,False,instagram,Europe/Berlin,breathingExercise,1.5,1751306546.891348,600.0
openedApp,True,instagram,Europe/Berlin,breathingExercise,1.5,1751307163.018177,300.0
openedApp,True,instagram,Europe/Berlin,breathingExercise,1.5,1751307473.1910481,180.0
openedApp,True,instagram,Europe/Berlin,breathingExercise,1.5,1751307663.5054688,180.0
openedApp,False,instagram,Europe/Berlin,breathingExercise,1.5,1751307973.177676,180.0
dismissedAppOpening,False,instagram,Europe/Berlin,breathingExercise,1.5,1751308159.712195,
openedApp,False,instagram,Europe/Berlin,breathingExercise,1.5,1751311367.9632602,180.0
openedApp,True,instagram,Europe/Berlin,breathingExercise,1.5,1751313892.2108269,180.0
dismissedAppOpening,True,instagram,Europe/Berlin,breathingExercise,1.5,1751314077.745253,
openedApp,False,instagram,Europe/Berlin,breathingExercise,1.5,1751345156.6686459,180.0
dismissedAppOpening,False,instagram,Europe/Berlin,breathingExercise,1.5,1751351359.801124,
openedApp,False,instagram,Europe/Berlin,breathingExercise,1.5,1751356847.826546,180.0
openedApp,False,instagram,Europe/Berlin,breathingExercise,1.5,1751359247.817523,180.0
openedApp,False,instagram,Europe/Berlin,breathingExercise,1.5,1751366930.6443481,180.0
openedApp,False,instagram,Europe/Berlin,breathingExercise,1.5,1751368876.9217548,180.0
dismissedAppOpening,False,instagram,Europe/Berlin,breathingExercise,1.5,1751371344.996348,
openedApp,False,instagram,Europe/Berlin,breathingExercise,1.5,1751372477.908979,180.0
dismissedAppOpening,False,instagram,Europe/Berlin,breathingExercise,1.5,1751374211.0405989,
openedApp,False,instagram,Europe/Berlin,breathingExercise,1.5,1751379410.2721229,180.0
dismissedAppOpening,False,instagram,Europe/Berlin,breathingExercise,1.5,1751379824.03549,
openedApp,False,instagram,Europe/Berlin,breathingExercise,1.5,1751380719.295512,180.0
dismissedAppOpening,False,instagram,Europe/Berlin,breathingExercise,1.5,1751381341.043147,
openedApp,False,instagram,Europe/Berlin,breathingExercise,1.5,1751383067.146965,240.0
openedApp,False,instagram,Europe/Berlin,breathingExercise,1.5,1751383199.155657,180.0
dismissedAppOpening,False,instagram,Europe/Berlin,breathingExercise,1.5,1751383422.754734,
openedApp,False,instagram,Europe/Berlin,breathingExercise,1.5,1751383832.958277,180.0
dismissedAppOpening,False,instagram,Europe/Berlin,breathingExercise,1.5,1751384434.663974,
openedApp,False,instagram,Europe/Berlin,breathingExercise,1.5,1751387307.0328012,180.0
openedApp,False,instagram,Europe/Berlin,breathingExercise,1.5,1751387790.685934,600.0
openedApp,False,instagram,Europe/Berlin,breathingExercise,1.5,1751387820.361651,600.0
openedApp,True,instagram,Europe/Berlin,breathingExercise,1.5,1751388431.634612,600.0
openedApp,False,instagram,Europe/Berlin,breathingExercise,1.5,1751388876.36663,300.0
openedApp,False,instagram,Europe/Berlin,breathingExercise,1.5,1751389183.317738,180.0
dismissedAppOpening,False,instagram,Europe/Berlin,breathingExercise,1.5,1751389852.756239,
openedApp,False,instagram,Europe/Berlin,breathingExercise,1.5,1751391231.8481522,240.0
openedApp,False,instagram,Europe/Berlin,breathingExercise,1.5,1751392459.022341,300.0
openedApp,True,instagram,Europe/Berlin,breathingExercise,1.5,1751392771.821449,240.0
openedApp,False,instagram,Europe/Berlin,breathingExercise,1.5,1751393202.977683,180.0
openedApp,True,instagram,Europe/Berlin,breathingExercise,1.5,1751393375.201175,180.0
openedApp,True,instagram,Europe/Berlin,breathingExercise,1.5,1751393554.9201,180.0
dismissedAppOpening,False,instagram,Europe/Berlin,breathingExercise,1.5,1751394408.385561,
openedApp,False,instagram,Europe/Berlin,breathingExercise,1.5,1751398824.935138,240.0
openedApp,False,instagram,Europe/Berlin,breathingExercise,1.5,1751402860.236157,240.0
openedApp,False,instagram,Europe/Berlin,breathingExercise,1.5,1751403023.932181,180.0
openedApp,False,instagram,Europe/Berlin,breathingExercise,1.5,1751431619.997507,180.0
openedApp,False,instagram,Europe/Berlin,breathingExercise,1.5,1751438083.410712,180.0
openedApp,False,instagram,Europe/Berlin,breathingExercise,1.5,1751441612.8634682,180.0
dismissedAppOpening,False,instagram,Europe/Berlin,breathingExercise,1.5,1751442077.781086,
openedApp,False,instagram,Europe/Berlin,breathingExercise,1.5,1751445180.069082,180.0
openedApp,False,instagram,Europe/Berlin,breathingExercise,1.5,1751451566.037842,180.0
openedApp,False,instagram,Europe/Berlin,breathingExercise,1.5,1751452973.483409,180.0
openedApp,False,instagram,Europe/Berlin,breathingExercise,1.5,1751461837.695428,180.0
openedApp,False,instagram,Europe/Berlin,breathingExercise,1.5,1751462046.5616999,180.0
openedApp,False,instagram,Europe/Berlin,breathingExercise,1.5,1751464573.738483,180.0
openedApp,False,instagram,Europe/Berlin,breathingExercise,1.5,1751465808.8171458,180.0
openedApp,False,instagram,Europe/Berlin,breathingExercise,1.5,1751470239.646474,120.0
openedApp,False,instagram,Europe/Berlin,breathingExercise,1.5,1751471120.566855,180.0
openedApp,False,instagram,Europe/Berlin,breathingExercise,1.5,1751471836.343406,240.0
openedApp,True,instagram,Europe/Berlin,breathingExercise,1.5,1751472263.335433,300.0
openedApp,False,instagram,Europe/Berlin,breathingExercise,1.5,1751472654.6769419,300.0
openedApp,False,instagram,Europe/Berlin,breathingExercise,1.5,1751472824.937941,300.0
openedApp,False,instagram,Europe/Berlin,breathingExercise,1.5,1751473020.555448,420.0
dismissedAppOpening,False,instagram,Europe/Berlin,breathingExercise,1.5,1751473258.11312,
dismissedAppOpening,False,instagram,Europe/Berlin,breathingExercise,1.5,1751473261.334221,
openedApp,False,instagram,Europe/Berlin,breathingExercise,1.5,1751473286.53739,300.0
openedApp,False,instagram,Europe/Berlin,breathingExercise,1.5,1751473314.074451,300.0
openedApp,False,instagram,Europe/Berlin,breathingExercise,1.5,1751473486.048767,540.0
openedApp,False,instagram,Europe/Berlin,breathingExercise,1.5,1751473983.5480108,300.0
openedApp,True,instagram,Europe/Berlin,breathingExercise,1.5,1751474368.759773,600.0
openedApp,False,instagram,Europe/Berlin,breathingExercise,1.5,1751474522.181432,360.0
openedApp,True,instagram,Europe/Berlin,breathingExercise,1.5,1751474946.2872639,180.0
openedApp,False,instagram,Europe/Berlin,breathingExercise,1.5,1751475129.540582,180.0
openedApp,False,instagram,Europe/Berlin,breathingExercise,1.5,1751476687.355099,420.0
openedApp,False,instagram,Europe/Berlin,breathingExercise,1.5,1751489777.0555239,180.0
openedApp,True,instagram,Europe/Berlin,breathingExercise,1.5,1751489972.677165,180.0
openedApp,False,instagram,Europe/Berlin,breathingExercise,1.5,1751518212.825934,180.0
openedApp,False,instagram,Europe/Berlin,breathingExercise,1.5,1751519470.293968,180.0
openedApp,True,instagram,Europe/Berlin,breathingExercise,1.5,1751519662.537921,120.0
openedApp,False,instagram,Europe/Berlin,breathingExercise,1.5,1751531255.8519912,180.0
openedApp,False,instagram,Europe/Berlin,breathingExercise,1.5,1751531757.153086,180.0
openedApp,False,instagram,Europe/Berlin,breathingExercise,1.5,1751537081.964844,180.0
openedApp,False,instagram,Europe/Berlin,breathingExercise,1.5,1751538789.5663838,180.0
openedApp,False,instagram,Europe/Berlin,breathingExercise,1.5,1751541307.3021178,180.0
openedApp,False,instagram,Europe/Berlin,breathingExercise,1.5,1751543536.684556,240.0
openedApp,False,instagram,Europe/Berlin,breathingExercise,1.5,1751545656.8412461,180.0
dismissedAppOpening,False,instagram,Europe/Berlin,breathingExercise,1.5,1751546829.1244369,
dismissedAppOpening,False,instagram,Europe/Berlin,breathingExercise,1.5,1751550536.54522,
openedApp,False,instagram,Europe/Berlin,breathingExercise,1.5,1751553769.342442,180.0
openedApp,False,instagram,Europe/Berlin,breathingExercise,1.5,1751557743.8407168,180.0
openedApp,False,instagram,Europe/Berlin,breathingExercise,1.5,1751558010.542171,180.0
openedApp,False,instagram,Europe/Berlin,breathingExercise,1.5,1751558306.832489,180.0
openedApp,True,instagram,Europe/Berlin,breathingExercise,1.5,1751558585.669699,180.0
openedApp,True,instagram,Europe/Berlin,breathingExercise,1.5,1751558768.757189,300.0
openedApp,False,instagram,Europe/Berlin,breathingExercise,1.5,1751559099.8586988,300.0
openedApp,True,instagram,Europe/Berlin,breathingExercise,1.5,1751559412.373661,240.0
openedApp,False,instagram,Europe/Berlin,breathingExercise,1.5,1751559489.0578852,300.0
openedApp,False,instagram,Europe/Berlin,breathingExercise,1.5,1751576032.064132,240.0
openedApp,False,instagram,Europe/Berlin,breathingExercise,1.5,1751576928.642428,600.0
openedApp,False,instagram,Europe/Berlin,breathingExercise,1.5,1751576965.099949,600.0
openedApp,False,instagram,Europe/Berlin,breathingExercise,1.5,1751577452.2599201,180.0
openedApp,False,instagram,Europe/Berlin,breathingExercise,1.5,1751604990.441447,180.0
openedApp,False,instagram,Europe/Berlin,breathingExercise,1.5,1751606221.7389479,180.0
dismissedAppOpening,False,instagram,Europe/Berlin,breathingExercise,1.5,1751607461.97171,
openedApp,False,instagram,Europe/Berlin,breathingExercise,1.5,1751610397.87799,180.0
openedApp,False,instagram,Europe/Berlin,breathingExercise,1.5,1751622665.9234018,240.0
openedApp,False,instagram,Europe/Berlin,breathingExercise,1.5,1751627574.57128,180.0
openedApp,False,instagram,Europe/Berlin,breathingExercise,1.5,1751627783.448102,180.0
openedApp,False,instagram,Europe/Berlin,breathingExercise,1.5,1751627868.7230039,180.0
openedApp,False,instagram,Europe/Berlin,breathingExercise,1.5,1751631956.974067,240.0
dismissedAppOpening,False,instagram,Europe/Berlin,breathingExercise,1.5,1751632203.0059462,
openedApp,False,instagram,Europe/Berlin,breathingExercise,1.5,1751632243.975663,240.0
openedApp,False,instagram,Europe/Berlin,breathingExercise,1.5,1751632685.8287,240.0
openedApp,False,instagram,Europe/Berlin,breathingExercise,1.5,1751641989.324675,180.0
openedApp,False,instagram,Europe/Berlin,breathingExercise,1.5,1751643818.57113,240.0
openedApp,False,instagram,Europe/Berlin,breathingExercise,1.5,1751649670.3138561,180.0
openedApp,False,instagram,Europe/Berlin,breathingExercise,1.5,1751652120.7421908,600.0
openedApp,False,instagram,Europe/Berlin,breathingExercise,1.5,1751655339.4082599,300.0
openedApp,False,instagram,Europe/Berlin,breathingExercise,1.5,1751657914.371958,240.0
openedApp,False,instagram,Europe/Berlin,breathingExercise,1.5,1751658880.495657,180.0
openedApp,False,instagram,Europe/Berlin,breathingExercise,1.5,1751659176.464364,180.0
openedApp,False,instagram,Europe/Berlin,breathingExercise,1.5,1751659529.714395,180.0
openedApp,False,instagram,Europe/Berlin,breathingExercise,1.5,1751690613.053121,180.0
openedApp,True,instagram,Europe/Berlin,breathingExercise,1.5,1751690808.60538,300.0
openedApp,False,instagram,Europe/Berlin,breathingExercise,1.5,1751690992.138001,240.0
openedApp,True,instagram,Europe/Berlin,breathingExercise,1.5,1751691356.424998,240.0
openedApp,False,instagram,Europe/Berlin,breathingExercise,1.5,1751691500.017257,180.0
openedApp,True,instagram,Europe/Berlin,breathingExercise,1.5,1751691694.212173,600.0
openedApp,False,instagram,Europe/Berlin,breathingExercise,1.5,1751693577.935124,360.0
openedApp,False,instagram,Europe/Berlin,breathingExercise,1.5,1751693874.894696,600.0
openedApp,False,instagram,Europe/Berlin,breathingExercise,1.5,1751697283.5294828,240.0
openedApp,True,instagram,Europe/Berlin,breathingExercise,1.5,1751697589.680036,240.0
openedApp,True,instagram,Europe/Berlin,breathingExercise,1.5,1751697859.881561,420.0
openedApp,False,instagram,Europe/Berlin,breathingExercise,1.5,1751698405.411368,240.0
dismissedAppOpening,False,instagram,Europe/Berlin,breathingExercise,1.5,1751698533.943163,
dismissedAppOpening,False,instagram,Europe/Berlin,breathingExercise,1.5,1751698538.7242231,
openedApp,False,instagram,Europe/Berlin,breathingExercise,1.5,1751702422.117724,180.0
openedApp,False,instagram,Europe/Berlin,breathingExercise,1.5,1751703199.049986,180.0
openedApp,False,instagram,Europe/Berlin,breathingExercise,1.5,1751705190.2310581,240.0
openedApp,True,instagram,Europe/Berlin,breathingExercise,1.5,1751705442.96649,360.0
openedApp,False,instagram,Europe/Berlin,breathingExercise,1.5,1751708740.755384,240.0
openedApp,False,instagram,Europe/Berlin,breathingExercise,1.5,1751709244.823493,180.0
openedApp,False,instagram,Europe/Berlin,breathingExercise,1.5,1751709996.804739,180.0
openedApp,False,instagram,Europe/Berlin,breathingExercise,1.5,1751714202.073652,180.0
openedApp,False,instagram,Europe/Berlin,breathingExercise,1.5,1751791789.3733459,180.0
openedApp,False,instagram,Europe/Berlin,breathingExercise,1.5,1751796219.891953,240.0
openedApp,True,instagram,Europe/Berlin,breathingExercise,1.5,1751796482.5193849,240.0
openedApp,False,instagram,Europe/Berlin,breathingExercise,1.5,1751796777.8143249,240.0
openedApp,False,instagram,Europe/Berlin,breathingExercise,1.5,1751797827.744565,180.0
openedApp,False,instagram,Europe/Berlin,breathingExercise,1.5,1751799314.8515139,240.0
openedApp,True,instagram,Europe/Berlin,breathingExercise,1.5,1751799568.353236,600.0
openedApp,False,instagram,Europe/Berlin,breathingExercise,1.5,1751799770.1359382,600.0
openedApp,True,instagram,Europe/Berlin,breathingExercise,1.5,1751800397.3484612,600.0
openedApp,False,instagram,Europe/Berlin,breathingExercise,1.5,1751801002.8747082,600.0
openedApp,False,instagram,Europe/Berlin,breathingExercise,1.5,1751801437.807687,420.0
openedApp,False,instagram,Europe/Berlin,breathingExercise,1.5,1751802647.734291,360.0
openedApp,False,instagram,Europe/Berlin,breathingExercise,1.5,1751803017.498225,240.0
openedApp,False,instagram,Europe/Berlin,breathingExercise,1.5,1751803215.5050511,300.0
openedApp,False,instagram,Europe/Berlin,breathingExercise,1.5,1751803260.635783,300.0
openedApp,False,instagram,Europe/Berlin,breathingExercise,1.5,1751806572.394896,600.0
dismissedAppOpening,False,instagram,Europe/Berlin,breathingExercise,1.5,1751807006.034703,
openedApp,False,instagram,Europe/Berlin,breathingExercise,1.5,1751810104.9851918,240.0
openedApp,False,instagram,Europe/Berlin,breathingExercise,1.5,1751812460.4585,300.0
openedApp,False,instagram,Europe/Berlin,breathingExercise,1.5,1751812950.600718,300.0
dismissedAppOpening,False,instagram,Europe/Berlin,breathingExercise,1.5,1751813015.431099,
openedApp,False,instagram,Europe/Berlin,breathingExercise,1.5,1751813352.027391,300.0
openedApp,False,instagram,Europe/Berlin,breathingExercise,1.5,1751813756.758222,300.0
openedApp,False,instagram,Europe/Berlin,breathingExercise,1.5,1751828249.874671,240.0
openedApp,False,instagram,Europe/Berlin,breathingExercise,1.5,1751830298.642671,240.0
openedApp,False,instagram,Europe/Berlin,breathingExercise,1.5,1751872892.5947819,300.0
dismissedAppOpening,False,instagram,Europe/Berlin,breathingExercise,1.5,1751873504.047091,
openedApp,False,instagram,Europe/Berlin,breathingExercise,1.5,1751880908.677829,180.0
openedApp,False,instagram,Europe/Berlin,breathingExercise,1.5,1751881946.147667,240.0
openedApp,False,instagram,Europe/Berlin,breathingExercise,1.5,1751885879.419549,240.0
openedApp,False,instagram,Europe/Berlin,breathingExercise,1.5,1751886440.851851,180.0
openedApp,False,instagram,Europe/Berlin,breathingExercise,1.5,1751891141.6394,300.0
openedApp,False,instagram,Europe/Berlin,breathingExercise,1.5,1751905505.479692,240.0
openedApp,False,instagram,Europe/Berlin,breathingExercise,1.5,1751907614.657699,240.0
openedApp,True,instagram,Europe/Berlin,breathingExercise,1.5,1751907941.6292892,600.0
openedApp,False,instagram,Europe/Berlin,breathingExercise,1.5,1751908312.839416,600.0
openedApp,True,instagram,Europe/Berlin,breathingExercise,1.5,1751908936.936705,360.0
openedApp,True,instagram,Europe/Berlin,breathingExercise,1.5,1751909306.749916,300.0
openedApp,True,instagram,Europe/Berlin,breathingExercise,1.5,1751909615.159607,240.0
openedApp,True,instagram,Europe/Berlin,breathingExercise,1.5,1751909861.9703588,300.0
openedApp,True,instagram,Europe/Berlin,breathingExercise,1.5,1751910174.545094,300.0
openedApp,True,instagram,Europe/Berlin,breathingExercise,1.5,1751910483.899205,240.0
openedApp,True,instagram,Europe/Berlin,breathingExercise,1.5,1751910780.6740608,300.0
openedApp,False,instagram,Europe/Berlin,breathingExercise,1.5,1751920163.678216,360.0
openedApp,True,instagram,Europe/Berlin,breathingExercise,1.5,1751920576.92766,360.0
openedApp,False,instagram,Europe/Berlin,breathingExercise,1.5,1751953436.06939,240.0
openedApp,False,instagram,Europe/Berlin,breathingExercise,1.5,1751955248.166617,180.0
openedApp,False,instagram,Europe/Berlin,breathingExercise,1.5,1751955982.1333709,180.0
openedApp,False,instagram,Europe/Berlin,breathingExercise,1.5,1751956050.347937,180.0
dismissedAppOpening,False,instagram,Europe/Berlin,breathingExercise,1.5,1751957092.2967901,
openedApp,False,instagram,Europe/Berlin,breathingExercise,1.5,1751959887.165545,180.0
openedApp,False,instagram,Europe/Berlin,breathingExercise,1.5,1751965086.5810819,180.0
openedApp,False,instagram,Europe/Berlin,breathingExercise,1.5,1751965215.230277,240.0
openedApp,False,instagram,Europe/Berlin,breathingExercise,1.5,1751969954.886971,180.0
openedApp,False,instagram,Europe/Berlin,breathingExercise,1.5,1751978772.317713,180.0
openedApp,False,instagram,Europe/Berlin,breathingExercise,1.5,1751982621.162527,180.0
openedApp,False,instagram,Europe/Berlin,breathingExercise,1.5,1751986156.956202,180.0
openedApp,False,instagram,Europe/Berlin,breathingExercise,1.5,1751988691.335075,180.0
dismissedAppOpening,False,instagram,Europe/Berlin,breathingExercise,1.5,1751989172.063806,
dismissedAppOpening,False,instagram,Europe/Berlin,breathingExercise,1.5,1751997395.2459102,
dismissedAppOpening,False,instagram,Europe/Berlin,breathingExercise,1.5,1752008599.348877,
openedApp,False,instagram,Europe/Berlin,breathingExercise,1.5,1752010025.861486,180.0
dismissedAppOpening,False,instagram,Europe/Berlin,breathingExercise,1.5,1752010303.3028178,
openedApp,False,instagram,Europe/Berlin,breathingExercise,1.5,1752010309.051077,180.0
openedApp,False,instagram,Europe/Berlin,breathingExercise,1.5,1752018308.543964,180.0
openedApp,False,instagram,Europe/Berlin,breathingExercise,1.5,1752019340.769651,180.0
openedApp,False,instagram,Europe/Berlin,breathingExercise,1.5,1752019606.990078,180.0
openedApp,False,instagram,Europe/Berlin,breathingExercise,1.5,1752019721.5779781,180.0
openedApp,False,instagram,Europe/Berlin,breathingExercise,1.5,1752020139.148913,600.0
openedApp,False,instagram,Europe/Berlin,breathingExercise,1.5,1752020847.506,180.0
openedApp,True,instagram,Europe/Berlin,breathingExercise,1.5,1752021038.126737,180.0
openedApp,False,instagram,Europe/Berlin,breathingExercise,1.5,1752021292.2576241,600.0
dismissedAppOpening,False,instagram,Europe/Berlin,breathingExercise,1.5,1752021585.462856,
openedApp,False,instagram,Europe/Berlin,breathingExercise,1.5,1752021608.608388,180.0
openedApp,False,instagram,Europe/Berlin,breathingExercise,1.5,1752021891.692586,180.0
openedApp,False,instagram,Europe/Berlin,breathingExercise,1.5,1752022103.683418,180.0
openedApp,True,instagram,Europe/Berlin,breathingExercise,1.5,1752022297.376532,180.0
openedApp,True,instagram,Europe/Berlin,breathingExercise,1.5,1752022583.006764,240.0
openedApp,False,instagram,Europe/Berlin,breathingExercise,1.5,1752023073.702745,180.0
openedApp,False,instagram,Europe/Berlin,breathingExercise,1.5,1752045295.908958,180.0
openedApp,False,instagram,Europe/Berlin,breathingExercise,1.5,1752045585.988626,600.0
openedApp,True,instagram,Europe/Berlin,breathingExercise,1.5,1752046193.385745,600.0
openedApp,True,instagram,Europe/Berlin,breathingExercise,1.5,1752046802.683693,600.0
openedApp,False,instagram,Europe/Berlin,breathingExercise,1.5,1752047338.37082,600.0
openedApp,True,instagram,Europe/Berlin,breathingExercise,1.5,1752047951.035351,600.0
openedApp,True,instagram,Europe/Berlin,breathingExercise,1.5,1752048561.9675179,600.0
openedApp,False,instagram,Europe/Berlin,breathingExercise,1.5,1752049170.313271,240.0
openedApp,True,instagram,Europe/Berlin,breathingExercise,1.5,1752049418.762675,180.0
openedApp,True,instagram,Europe/Berlin,breathingExercise,1.5,1752049599.813807,240.0
openedApp,False,instagram,Europe/Berlin,breathingExercise,1.5,1752049938.952887,600.0
dismissedAppOpening,False,instagram,Europe/Berlin,breathingExercise,1.5,1752050272.811291,
openedApp,False,instagram,Europe/Berlin,breathingExercise,1.5,1752050509.1324248,180.0
openedApp,False,instagram,Europe/Berlin,breathingExercise,1.5,1752053124.300488,600.0
openedApp,False,instagram,Europe/Berlin,breathingExercise,1.5,1752053318.6178432,600.0
openedApp,False,instagram,Europe/Berlin,breathingExercise,1.5,1752059372.496844,300.0
openedApp,False,instagram,Europe/Berlin,breathingExercise,1.5,1752059818.057078,180.0
openedApp,False,instagram,Europe/Berlin,breathingExercise,1.5,1752060544.3371248,180.0
openedApp,False,instagram,Europe/Berlin,breathingExercise,1.5,1752060911.467005,180.0
dismissedAppOpening,False,instagram,Europe/Berlin,breathingExercise,1.5,1752061149.785161,
openedApp,False,instagram,Europe/Berlin,breathingExercise,1.5,1752064449.617508,180.0
openedApp,True,instagram,Europe/Berlin,breathingExercise,1.5,1752064643.5004702,180.0
openedApp,False,instagram,Europe/Berlin,breathingExercise,1.5,1752064756.155775,240.0
openedApp,False,instagram,Europe/Berlin,breathingExercise,1.5,1752064990.402771,540.0
openedApp,False,instagram,Europe/Berlin,breathingExercise,1.5,1752065172.076295,420.0
openedApp,False,instagram,Europe/Berlin,breathingExercise,1.5,1752065267.421463,300.0
openedApp,False,instagram,Europe/Berlin,breathingExercise,1.5,1752065613.0630379,300.0
dismissedAppOpening,False,instagram,Europe/Berlin,breathingExercise,1.5,1752065825.054853,
openedApp,False,instagram,Europe/Berlin,breathingExercise,1.5,1752080017.131196,180.0
openedApp,False,instagram,Europe/Berlin,breathingExercise,1.5,1752082816.856668,180.0
openedApp,False,instagram,Europe/Berlin,breathingExercise,1.5,1752090364.716115,240.0
dismissedAppOpening,False,instagram,Europe/Berlin,breathingExercise,1.5,1752137739.971603,
openedApp,False,instagram,Europe/Berlin,breathingExercise,1.5,1752137746.990532,180.0
openedApp,False,instagram,Europe/Berlin,breathingExercise,1.5,1752140824.625214,180.0
openedApp,False,instagram,Europe/Berlin,breathingExercise,1.5,1752140954.199637,180.0
openedApp,False,instagram,Europe/Berlin,breathingExercise,1.5,1752142535.238018,240.0
openedApp,False,instagram,Europe/Berlin,breathingExercise,1.5,1752143068.8587132,180.0
openedApp,False,instagram,Europe/Berlin,breathingExercise,1.5,1752145319.748538,180.0
openedApp,False,instagram,Europe/Berlin,breathingExercise,1.5,1752150849.519872,240.0
openedApp,False,instagram,Europe/Berlin,breathingExercise,1.5,1752158156.2237,180.0
dismissedAppOpening,False,instagram,Europe/Berlin,breathingExercise,1.5,1752159122.483321,
openedApp,False,instagram,Europe/Berlin,breathingExercise,1.5,1752160754.6267262,180.0
openedApp,False,instagram,Europe/Berlin,breathingExercise,1.5,1752161169.902793,180.0
openedApp,False,instagram,Europe/Berlin,breathingExercise,1.5,1752162328.551641,600.0
openedApp,True,instagram,Europe/Berlin,breathingExercise,1.5,1752163706.5539951,600.0
openedApp,False,instagram,Europe/Berlin,breathingExercise,1.5,1752164268.00899,600.0
openedApp,True,instagram,Europe/Berlin,breathingExercise,1.5,1752164994.7061791,600.0
openedApp,True,instagram,Europe/Berlin,breathingExercise,1.5,1752165605.869255,240.0
openedApp,True,instagram,Europe/Berlin,breathingExercise,1.5,1752165854.8202991,600.0
openedApp,True,instagram,Europe/Berlin,breathingExercise,1.5,1752166462.05399,600.0
openedApp,True,instagram,Europe/Berlin,breathingExercise,1.5,1752167141.3172212,600.0
openedApp,False,instagram,Europe/Berlin,breathingExercise,3.0,1752175909.0193238,300.0
openedApp,True,instagram,Europe/Berlin,breathingExercise,3.0,1752176224.263,240.0
openedApp,False,instagram,Europe/Berlin,breathingExercise,3.0,1752216134.1672812,240.0
dismissedAppOpening,False,instagram,Europe/Berlin,breathingExercise,3.0,1752220466.2166228,
openedApp,False,instagram,Europe/Berlin,breathingExercise,3.0,1752221589.980157,180.0
openedApp,False,instagram,Europe/Berlin,breathingExercise,3.0,1752235658.434917,600.0
openedApp,False,instagram,Europe/Berlin,breathingExercise,3.0,1752236619.248723,240.0
openedApp,False,instagram,Europe/Berlin,breathingExercise,3.0,1752247773.554806,240.0
openedApp,False,instagram,Europe/Berlin,breathingExercise,3.0,1752265753.348407,300.0
openedApp,False,instagram,Europe/Berlin,breathingExercise,3.0,1752300069.451833,180.0
openedApp,False,instagram,Europe/Berlin,breathingExercise,3.0,1752308640.471508,180.0
openedApp,False,instagram,Europe/Berlin,breathingExercise,3.0,1752308784.841665,300.0
openedApp,False,instagram,Europe/Berlin,breathingExercise,3.0,1752311064.94419,180.0
dismissedAppOpening,False,instagram,Europe/Berlin,breathingExercise,3.0,1752312314.803335,
openedApp,False,instagram,Europe/Berlin,breathingExercise,3.0,1752313683.573067,180.0
openedApp,False,instagram,Europe/Berlin,breathingExercise,3.0,1752321258.323351,420.0
openedApp,False,instagram,Europe/Berlin,breathingExercise,3.0,1752322467.5714722,600.0
openedApp,False,instagram,Europe/Berlin,breathingExercise,3.0,1752323159.8514829,600.0
openedApp,False,instagram,Europe/Berlin,breathingExercise,3.0,1752324298.813796,600.0
openedApp,False,instagram,Europe/Berlin,breathingExercise,3.0,1752324931.833852,600.0
openedApp,False,instagram,Europe/Berlin,breathingExercise,3.0,1752326221.8713999,600.0
openedApp,False,instagram,Europe/Berlin,breathingExercise,3.0,1752328343.705532,600.0
openedApp,False,instagram,Europe/Berlin,breathingExercise,3.0,1752330482.599971,180.0
openedApp,False,instagram,Europe/Berlin,breathingExercise,3.0,1752330576.4112191,240.0
openedApp,False,instagram,Europe/Berlin,breathingExercise,3.0,1752331149.583974,360.0
dismissedAppOpening,False,instagram,Europe/Berlin,breathingExercise,3.0,1752337369.223388,
openedApp,False,instagram,Europe/Berlin,breathingExercise,3.0,1752337565.225126,600.0
dismissedAppOpening,False,instagram,Europe/Berlin,breathingExercise,3.0,1752338576.181047,
openedApp,False,instagram,Europe/Berlin,breathingExercise,3.0,1752338590.507529,480.0
openedApp,True,instagram,Europe/Berlin,breathingExercise,3.0,1752339085.576467,600.0
openedApp,False,instagram,Europe/Berlin,breathingExercise,3.0,1752339923.18579,600.0
openedApp,True,instagram,Europe/Berlin,breathingExercise,3.0,1752340539.988389,600.0
openedApp,True,instagram,Europe/Berlin,breathingExercise,3.0,1752341141.488631,600.0
openedApp,False,instagram,Europe/Berlin,breathingExercise,3.0,1752342877.514245,300.0
openedApp,False,instagram,Europe/Berlin,breathingExercise,3.0,1752343839.2084908,600.0
openedApp,False,instagram,Europe/Berlin,breathingExercise,3.0,1752344479.5592,600.0
dismissedAppOpening,False,instagram,Europe/Berlin,breathingExercise,3.0,1752345088.732682,
openedApp,False,instagram,Europe/Berlin,breathingExercise,3.0,1752345478.686952,600.0
openedApp,False,instagram,Europe/Berlin,breathingExercise,3.0,1752347479.961333,180.0
openedApp,False,instagram,Europe/Berlin,breathingExercise,3.0,1752355420.9528599,300.0
openedApp,True,instagram,Europe/Berlin,breathingExercise,3.0,1752355737.256083,300.0
openedApp,False,instagram,Europe/Berlin,breathingExercise,3.0,1752376628.962459,180.0
openedApp,False,instagram,Europe/Berlin,breathingExercise,3.0,1752392054.173396,600.0
openedApp,False,instagram,Europe/Berlin,breathingExercise,3.0,1752395419.951662,420.0
openedApp,False,instagram,Europe/Berlin,breathingExercise,3.0,1752396866.635752,600.0
openedApp,False,instagram,Europe/Berlin,breathingExercise,3.0,1752397050.6860209,180.0
openedApp,False,instagram,Europe/Berlin,breathingExercise,3.0,1752399288.979871,180.0
openedApp,True,instagram,Europe/Berlin,breathingExercise,3.0,1752399486.8242211,600.0
openedApp,True,instagram,Europe/Berlin,breathingExercise,3.0,1752400403.840585,180.0
openedApp,False,instagram,Europe/Berlin,breathingExercise,3.0,1752402339.0963988,600.0
openedApp,True,instagram,Europe/Berlin,breathingExercise,3.0,1752403233.84874,420.0
openedApp,False,instagram,Europe/Berlin,breathingExercise,3.0,1752403655.643499,600.0
openedApp,False,instagram,Europe/Berlin,breathingExercise,3.0,1752406620.8354058,600.0
openedApp,False,instagram,Europe/Berlin,breathingExercise,3.0,1752406830.2626328,600.0
dismissedAppOpening,False,instagram,Europe/Berlin,breathingExercise,3.0,1752407113.660579,
openedApp,False,instagram,Europe/Berlin,breathingExercise,3.0,1752407407.586252,600.0
openedApp,False,instagram,Europe/Berlin,breathingExercise,3.0,1752409241.364075,240.0
openedApp,True,instagram,Europe/Berlin,breathingExercise,3.0,1752409788.889007,600.0
openedApp,False,instagram,Europe/Berlin,breathingExercise,3.0,1752411670.120208,600.0
openedApp,False,instagram,Europe/Berlin,breathingExercise,3.0,1752414453.981365,600.0
openedApp,False,instagram,Europe/Berlin,breathingExercise,3.0,1752417422.366225,600.0
openedApp,False,instagram,Europe/Berlin,breathingExercise,3.0,1752420176.681253,180.0
openedApp,True,instagram,Europe/Berlin,breathingExercise,3.0,1752421221.727713,300.0
dismissedAppOpening,False,instagram,Europe/Berlin,breathingExercise,3.0,1752426868.953537,
openedApp,False,instagram,Europe/Berlin,breathingExercise,3.0,1752426995.926937,180.0
openedApp,False,instagram,Europe/Berlin,breathingExercise,3.0,1752431634.066165,240.0
openedApp,False,instagram,Europe/Berlin,breathingExercise,3.0,1752433134.110368,600.0
openedApp,False,instagram,Europe/Berlin,breathingExercise,3.0,1752473870.971467,240.0
openedApp,False,instagram,Europe/Berlin,breathingExercise,3.0,1752481025.365479,600.0
openedApp,False,instagram,Europe/Berlin,breathingExercise,3.0,1752481212.635179,600.0
openedApp,False,instagram,Europe/Berlin,breathingExercise,3.0,1752488088.9571881,540.0
dismissedAppOpening,False,instagram,Europe/Berlin,breathingExercise,3.0,1752488639.296568,
openedApp,False,instagram,Europe/Berlin,breathingExercise,3.0,1752489219.925236,600.0
openedApp,False,instagram,Europe/Berlin,breathingExercise,3.0,1752490430.362433,540.0
dismissedAppOpening,False,instagram,Europe/Berlin,breathingExercise,3.0,1752501150.4011421,
openedApp,False,instagram,Europe/Berlin,breathingExercise,3.0,1752504075.561575,600.0
openedApp,False,instagram,Europe/Berlin,breathingExercise,3.0,1752505484.82568,600.0
openedApp,False,instagram,Europe/Berlin,breathingExercise,3.0,1752506747.92874,600.0
openedApp,False,instagram,Europe/Berlin,breathingExercise,3.0,1752508600.144208,300.0
openedApp,False,instagram,Europe/Berlin,breathingExercise,3.0,1752509592.454845,240.0
openedApp,False,instagram,Europe/Berlin,breathingExercise,3.0,1752510263.924839,240.0
openedApp,True,instagram,Europe/Berlin,breathingExercise,3.0,1752510519.682055,600.0
openedApp,True,instagram,Europe/Berlin,breathingExercise,3.0,1752511795.886029,600.0
openedApp,False,instagram,Europe/Berlin,breathingExercise,3.0,1752514053.864615,600.0
dismissedAppOpening,False,instagram,Europe/Berlin,breathingExercise,3.0,1752518486.6247501,
openedApp,False,instagram,Europe/Berlin,breathingExercise,3.0,1752522401.87262,600.0
openedApp,False,instagram,Europe/Berlin,breathingExercise,3.0,1752522800.8017201,360.0
dismissedAppOpening,False,instagram,Europe/Berlin,breathingExercise,3.0,1752522847.4894772,
openedApp,False,instagram,Europe/Berlin,breathingExercise,3.0,1752522858.19062,600.0
openedApp,False,instagram,Europe/Berlin,breathingExercise,3.0,1752524527.672648,600.0
openedApp,False,instagram,Europe/Berlin,breathingExercise,3.0,1752525074.4520059,420.0
openedApp,False,instagram,Europe/Berlin,breathingExercise,3.0,1752525429.131534,180.0
openedApp,True,instagram,Europe/Berlin,breathingExercise,3.0,1752525622.015207,180.0
openedApp,False,instagram,Europe/Berlin,breathingExercise,3.0,1752554488.567956,180.0
openedApp,False,instagram,Europe/Berlin,breathingExercise,3.0,1752558470.780824,600.0
openedApp,False,instagram,Europe/Berlin,breathingExercise,3.0,1752571757.513884,600.0
openedApp,False,instagram,Europe/Berlin,breathingExercise,3.0,1752579503.769051,360.0
openedApp,False,instagram,Europe/Berlin,breathingExercise,3.0,1752588730.081903,600.0
openedApp,False,instagram,Europe/Berlin,breathingExercise,3.0,1752595173.794259,600.0
openedApp,False,instagram,Europe/Berlin,breathingExercise,3.0,1752604628.340592,480.0
openedApp,False,instagram,Europe/Berlin,breathingExercise,3.0,1752614159.951583,540.0
openedApp,True,instagram,Europe/Berlin,breathingExercise,3.0,1752614716.367943,600.0
dismissedAppOpening,False,instagram,Europe/Berlin,breathingExercise,3.0,1752655312.596552,
openedApp,False,instagram,Europe/Berlin,breathingExercise,3.0,1752659850.335712,300.0
openedApp,False,instagram,Europe/Berlin,breathingExercise,3.0,1752661130.630657,420.0
openedApp,False,instagram,Europe/Berlin,breathingExercise,3.0,1752673668.6437979,180.0
openedApp,False,instagram,Europe/Berlin,breathingExercise,3.0,1752673707.637408,240.0
openedApp,False,instagram,Europe/Berlin,breathingExercise,3.0,1752680334.014199,600.0
openedApp,False,instagram,Europe/Berlin,breathingExercise,3.0,1752682297.308548,600.0
openedApp,False,instagram,Europe/Berlin,breathingExercise,3.0,1752684004.314883,300.0
openedApp,False,instagram,Europe/Berlin,breathingExercise,3.0,1752684104.1543179,300.0
openedApp,False,instagram,Europe/Berlin,breathingExercise,3.0,1752688246.5018358,600.0
openedApp,False,instagram,Europe/Berlin,breathingExercise,3.0,1752689392.8993402,300.0
dismissedAppOpening,False,instagram,Europe/Berlin,breathingExercise,3.0,1752689521.13185,
openedApp,False,instagram,Europe/Berlin,breathingExercise,3.0,1752690472.235272,300.0
openedApp,True,instagram,Europe/Berlin,breathingExercise,3.0,1752690785.74916,600.0
openedApp,False,instagram,Europe/Berlin,breathingExercise,3.0,1752691314.823359,180.0
openedApp,False,instagram,Europe/Berlin,breathingExercise,3.0,1752693220.864677,600.0
openedApp,False,instagram,Europe/Berlin,breathingExercise,3.0,1752693363.820116,180.0
openedApp,False,instagram,Europe/Berlin,breathingExercise,3.0,1752695135.311718,180.0
openedApp,False,instagram,Europe/Berlin,breathingExercise,3.0,1752696191.44927,180.0
openedApp,False,instagram,Europe/Berlin,breathingExercise,3.0,1752699219.447291,180.0
openedApp,False,instagram,Europe/Berlin,breathingExercise,3.0,1752700188.114352,180.0
openedApp,False,instagram,Europe/Berlin,breathingExercise,3.0,1752702123.99574,300.0
openedApp,True,instagram,Europe/Berlin,breathingExercise,3.0,1752702436.189362,180.0
openedApp,True,instagram,Europe/Berlin,breathingExercise,3.0,1752702629.979622,180.0
openedApp,True,instagram,Europe/Berlin,breathingExercise,3.0,1752702820.2628632,180.0
openedApp,False,instagram,Europe/Berlin,breathingExercise,3.0,1752702976.91834,180.0
openedApp,False,instagram,Europe/Berlin,breathingExercise,3.0,1752731274.536613,240.0
openedApp,False,instagram,Europe/Berlin,breathingExercise,3.0,1752751334.6546679,240.0
dismissedAppOpening,False,instagram,Europe/Berlin,breathingExercise,3.0,1752759923.687573,
openedApp,False,instagram,Europe/Berlin,breathingExercise,3.0,1752759983.2736669,180.0
dismissedAppOpening,False,instagram,Europe/Berlin,breathingExercise,3.0,1752760013.327839,
dismissedAppOpening,False,instagram,Europe/Berlin,breathingExercise,3.0,1752768621.244203,
openedApp,False,instagram,Europe/Berlin,breathingExercise,3.0,1752778377.3528318,300.0
openedApp,True,instagram,Europe/Berlin,breathingExercise,3.0,1752780746.396477,240.0
openedApp,True,instagram,Europe/Berlin,breathingExercise,3.0,1752781138.078716,300.0
openedApp,True,instagram,Europe/Berlin,breathingExercise,3.0,1752781451.1317182,300.0
openedApp,False,instagram,Europe/Berlin,breathingExercise,3.0,1752781799.6940598,240.0
openedApp,False,instagram,Europe/Berlin,breathingExercise,3.0,1752781837.771371,300.0
openedApp,True,instagram,Europe/Berlin,breathingExercise,3.0,1752782152.613862,180.0
openedApp,False,instagram,Europe/Berlin,breathingExercise,3.0,1752782391.468072,240.0
openedApp,False,instagram,Europe/Berlin,breathingExercise,3.0,1752782600.301931,180.0
openedApp,True,instagram,Europe/Berlin,breathingExercise,3.0,1752782800.633189,180.0
openedApp,True,instagram,Europe/Berlin,breathingExercise,3.0,1752782975.97337,180.0
openedApp,False,instagram,Europe/Berlin,breathingExercise,3.0,1752783165.831098,180.0
openedApp,False,instagram,Europe/Berlin,breathingExercise,3.0,1752788026.81105,300.0
dismissedAppOpening,True,instagram,Europe/Berlin,breathingExercise,3.0,1752788336.806174,
openedApp,False,instagram,Europe/Berlin,breathingExercise,3.0,1752788941.015887,180.0
openedApp,False,instagram,Europe/Berlin,breathingExercise,3.0,1752789372.73218,180.0
openedApp,False,instagram,Europe/Berlin,breathingExercise,3.0,1752789446.4685578,180.0
openedApp,False,instagram,Europe/Berlin,breathingExercise,3.0,1752790409.400862,360.0
openedApp,False,instagram,Europe/Berlin,breathingExercise,3.0,1752790843.214423,180.0
openedApp,False,instagram,Europe/Berlin,breathingExercise,3.0,1752790949.995573,180.0
openedApp,True,instagram,Europe/Berlin,breathingExercise,3.0,1752791145.9882278,240.0
openedApp,True,instagram,Europe/Berlin,breathingExercise,3.0,1752791396.844562,180.0
openedApp,True,instagram,Europe/Berlin,breathingExercise,3.0,1752791589.620913,180.0
openedApp,False,instagram,Europe/Berlin,breathingExercise,3.0,1752810150.479043,240.0
openedApp,True,instagram,Europe/Berlin,breathingExercise,3.0,1752810486.060487,240.0
openedApp,True,instagram,Europe/Berlin,breathingExercise,3.0,1752810737.550263,240.0
openedApp,True,instagram,Europe/Berlin,breathingExercise,3.0,1752810984.7860842,300.0
openedApp,False,instagram,Europe/Berlin,breathingExercise,3.0,1752817526.1097531,180.0
openedApp,True,instagram,Europe/Berlin,breathingExercise,3.0,1752817722.687396,180.0
openedApp,False,instagram,Europe/Berlin,breathingExercise,3.0,1752818181.257537,120.0
openedApp,False,instagram,Europe/Berlin,breathingExercise,3.0,1752818813.319973,180.0
openedApp,False,instagram,Europe/Berlin,breathingExercise,3.0,1752825246.4574509,240.0
openedApp,False,instagram,Europe/Berlin,breathingExercise,3.0,1752825856.6925712,180.0
dismissedAppOpening,False,instagram,Europe/Berlin,breathingExercise,3.0,1752828439.278481,
openedApp,False,instagram,Europe/Berlin,breathingExercise,3.0,1752828545.528234,240.0
openedApp,False,instagram,Europe/Berlin,breathingExercise,3.0,1752828615.916574,180.0
openedApp,False,instagram,Europe/Berlin,breathingExercise,3.0,1752834595.125062,180.0
openedApp,False,instagram,Europe/Paris,breathingExercise,3.0,1752840858.686161,180.0
openedApp,False,instagram,Europe/Paris,breathingExercise,3.0,1752850820.125005,180.0
openedApp,True,instagram,Europe/Paris,breathingExercise,3.0,1752852242.2781348,180.0
openedApp,True,instagram,Europe/Paris,breathingExercise,3.0,1752852437.961999,480.0
openedApp,False,instagram,Europe/Paris,breathingExercise,3.0,1752860496.385109,240.0
openedApp,False,instagram,Europe/Paris,breathingExercise,3.0,1752861549.238857,240.0
openedApp,False,instagram,Europe/Paris,breathingExercise,3.0,1752862194.1474972,180.0
openedApp,False,instagram,Europe/Paris,breathingExercise,3.0,1752868149.841093,180.0
openedApp,False,instagram,Europe/Paris,breathingExercise,3.0,1752869911.7778502,180.0
dismissedAppOpening,False,instagram,Europe/Paris,breathingExercise,3.0,1752870554.1653981,
openedApp,False,instagram,Europe/Paris,breathingExercise,3.0,1752900992.896219,180.0
openedApp,False,instagram,Europe/Paris,breathingExercise,3.0,1752901095.126505,180.0
openedApp,False,instagram,Europe/Paris,breathingExercise,3.0,1752901659.088646,180.0
dismissedAppOpening,False,instagram,Europe/Paris,breathingExercise,3.0,1752901814.018538,
openedApp,False,instagram,Europe/Paris,breathingExercise,3.0,1752901835.9353971,120.0
openedApp,True,instagram,Europe/Paris,breathingExercise,3.0,1752901969.4874911,180.0
openedApp,False,instagram,Europe/Paris,breathingExercise,3.0,1752902144.998594,180.0
openedApp,True,instagram,Europe/Paris,breathingExercise,3.0,1752902340.041868,180.0
openedApp,True,instagram,Europe/Paris,breathingExercise,3.0,1752902534.015522,240.0
openedApp,False,instagram,Europe/Paris,breathingExercise,3.0,1752909310.748184,180.0
openedApp,True,instagram,Europe/Paris,breathingExercise,3.0,1752909504.701429,180.0
openedApp,True,instagram,Europe/Paris,breathingExercise,3.0,1752909696.208696,240.0
dismissedAppOpening,False,instagram,Europe/Paris,breathingExercise,3.0,1752910435.278129,
openedApp,False,instagram,Europe/Paris,breathingExercise,3.0,1752910463.317038,600.0
openedApp,False,instagram,Europe/Paris,breathingExercise,3.0,1752912141.684167,180.0
openedApp,False,instagram,Europe/Paris,breathingExercise,3.0,1752918359.9020882,180.0
openedApp,False,instagram,Europe/Paris,breathingExercise,3.0,1752919710.15589,180.0
dismissedAppOpening,False,instagram,Europe/Paris,breathingExercise,3.0,1752923773.61819,
openedApp,False,instagram,Europe/Paris,breathingExercise,3.0,1752931241.857399,180.0
dismissedAppOpening,False,instagram,Europe/Paris,breathingExercise,3.0,1752933408.127078,
openedApp,False,instagram,Europe/Paris,breathingExercise,3.0,1752933436.204891,180.0
dismissedAppOpening,False,instagram,Europe/Paris,breathingExercise,3.0,1752940342.052531,
openedApp,False,instagram,Europe/Paris,breathingExercise,3.0,1752943278.345994,180.0
openedApp,False,instagram,Europe/Paris,breathingExercise,3.0,1752944431.8587341,180.0
openedApp,False,instagram,Europe/Paris,breathingExercise,3.0,1752955747.4317641,180.0
openedApp,False,instagram,Europe/Paris,breathingExercise,3.0,1752991928.197547,180.0
openedApp,False,instagram,Europe/Paris,breathingExercise,3.0,1752992275.093172,180.0
openedApp,False,instagram,Europe/Paris,breathingExercise,3.0,1752992613.601757,180.0
openedApp,False,instagram,Europe/Paris,breathingExercise,3.0,1752992785.276245,180.0
openedApp,True,instagram,Europe/Paris,breathingExercise,3.0,1752992978.074228,240.0
openedApp,True,instagram,Europe/Paris,breathingExercise,3.0,1752993230.089227,180.0
openedApp,True,instagram,Europe/Paris,breathingExercise,3.0,1752993419.498981,240.0
openedApp,True,instagram,Europe/Paris,breathingExercise,3.0,1752993703.7335129,180.0
openedApp,False,instagram,Europe/Paris,breathingExercise,3.0,1752993947.5898771,240.0
openedApp,False,instagram,Europe/Paris,breathingExercise,3.0,1752994062.179959,180.0
openedApp,False,instagram,Europe/Paris,breathingExercise,3.0,1752997179.135473,240.0
openedApp,True,instagram,Europe/Paris,breathingExercise,3.0,1752997434.834039,240.0
openedApp,True,instagram,Europe/Paris,breathingExercise,3.0,1752997685.215841,180.0
openedApp,False,instagram,Europe/Paris,breathingExercise,3.0,1752998894.211514,180.0
openedApp,True,instagram,Europe/Paris,breathingExercise,3.0,1753000142.244979,360.0
dismissedAppOpening,False,instagram,Europe/Paris,breathingExercise,3.0,1753000210.359987,
openedApp,False,instagram,Europe/Paris,breathingExercise,3.0,1753000393.320551,180.0
openedApp,False,instagram,Europe/Paris,breathingExercise,3.0,1753006825.5922198,240.0
openedApp,False,instagram,Europe/Paris,breathingExercise,3.0,1753007636.3038979,120.0
openedApp,False,instagram,Europe/Paris,breathingExercise,3.0,1753007709.1253638,300.0
dismissedAppOpening,False,instagram,Europe/Paris,breathingExercise,3.0,1753008902.032438,
openedApp,False,instagram,Europe/Paris,breathingExercise,3.0,1753008992.670888,300.0
openedApp,True,instagram,Europe/Paris,breathingExercise,3.0,1753009512.445735,360.0
dismissedAppOpening,False,instagram,Europe/Paris,breathingExercise,3.0,1753011567.079397,
dismissedAppOpening,False,instagram,Europe/Paris,breathingExercise,3.0,1753014050.4019918,
openedApp,False,instagram,Europe/Paris,breathingExercise,3.0,1753014103.4961262,240.0
dismissedAppOpening,False,instagram,Europe/Paris,breathingExercise,3.0,1753015462.119183,
openedApp,False,instagram,Europe/Paris,breathingExercise,3.0,1753015524.235721,240.0
openedApp,False,instagram,Europe/Paris,breathingExercise,3.0,1753015784.492585,180.0
openedApp,False,instagram,Europe/Paris,breathingExercise,3.0,1753016065.218679,300.0
openedApp,False,instagram,Europe/Paris,breathingExercise,3.0,1753031711.079417,180.0
openedApp,False,instagram,Europe/Paris,breathingExercise,3.0,1753031756.007875,180.0
openedApp,False,instagram,Europe/Paris,breathingExercise,3.0,1753032046.8840098,180.0
openedApp,False,instagram,Europe/Paris,breathingExercise,3.0,1753042536.1634688,360.0
openedApp,False,instagram,Europe/Paris,breathingExercise,3.0,1753045729.693756,180.0
openedApp,False,instagram,Europe/Paris,breathingExercise,3.0,1753045811.03264,180.0
openedApp,False,instagram,Europe/Paris,breathingExercise,3.0,1753045896.968982,240.0
openedApp,False,instagram,Europe/Paris,breathingExercise,3.0,1753045964.820996,240.0
openedApp,True,instagram,Europe/Paris,breathingExercise,3.0,1753046612.221925,300.0
openedApp,False,instagram,Europe/Paris,breathingExercise,3.0,1753046877.2025418,300.0
openedApp,True,instagram,Europe/Paris,breathingExercise,3.0,1753080120.8945189,180.0
openedApp,False,instagram,Europe/Paris,breathingExercise,3.0,1753089025.571217,240.0
openedApp,False,instagram,Europe/Paris,breathingExercise,3.0,1753090356.521595,180.0
dismissedAppOpening,False,instagram,Europe/Brussels,breathingExercise,3.0,1753099211.696072,
openedApp,False,instagram,Europe/Brussels,breathingExercise,3.0,1753099226.384941,180.0
openedApp,False,instagram,Europe/Brussels,breathingExercise,3.0,1753099268.281077,240.0
openedApp,True,instagram,Europe/Brussels,breathingExercise,3.0,1753099528.558724,300.0
openedApp,False,instagram,Europe/Brussels,breathingExercise,3.0,1753113140.389576,240.0
openedApp,True,instagram,Europe/Brussels,breathingExercise,3.0,1753113396.598837,180.0
openedApp,True,instagram,Europe/Brussels,breathingExercise,3.0,1753113587.1973572,180.0
openedApp,False,instagram,Europe/Brussels,breathingExercise,3.0,1753127202.32578,180.0
openedApp,True,instagram,Europe/Brussels,breathingExercise,3.0,1753127402.521935,540.0
openedApp,True,instagram,Europe/Brussels,breathingExercise,3.0,1753128079.774224,600.0
openedApp,True,instagram,Europe/Brussels,breathingExercise,3.0,1753128690.61092,600.0
openedApp,False,instagram,Europe/Brussels,breathingExercise,3.0,1753129623.3008242,600.0
openedApp,True,instagram,Europe/Brussels,breathingExercise,3.0,1753169246.440545,300.0
openedApp,True,instagram,Europe/Brussels,breathingExercise,3.0,1753169560.929758,300.0
dismissedAppOpening,False,instagram,Europe/Brussels,breathingExercise,3.0,1753169834.828512,
openedApp,False,instagram,Europe/Brussels,breathingExercise,3.0,1753169868.600456,240.0
openedApp,False,instagram,Europe/Brussels,breathingExercise,3.0,1753174692.77347,300.0
openedApp,True,instagram,Europe/Brussels,breathingExercise,3.0,1753175010.111319,300.0
openedApp,False,instagram,Europe/Brussels,breathingExercise,3.0,1753175229.454373,300.0
dismissedAppOpening,False,instagram,Europe/Berlin,breathingExercise,3.0,1753177152.939204,
openedApp,False,instagram,Europe/Berlin,breathingExercise,3.0,1753182299.7767282,240.0
openedApp,False,instagram,Europe/Berlin,breathingExercise,3.0,1753182830.327156,300.0
openedApp,True,instagram,Europe/Berlin,breathingExercise,3.0,1753183143.6646562,600.0
openedApp,True,instagram,Europe/Berlin,breathingExercise,3.0,1753183755.456964,600.0
openedApp,False,instagram,Europe/Berlin,breathingExercise,3.0,1753184378.6488152,300.0
openedApp,True,instagram,Europe/Berlin,breathingExercise,3.0,1753184690.121817,300.0
openedApp,False,instagram,Europe/Berlin,breathingExercise,3.0,1753194786.10402,300.0
openedApp,True,instagram,Europe/Berlin,breathingExercise,3.0,1753195100.0981278,360.0
openedApp,True,instagram,Europe/Berlin,breathingExercise,3.0,1753195472.0520558,360.0
openedApp,True,instagram,Europe/Berlin,breathingExercise,3.0,1753195840.867055,300.0
openedApp,False,instagram,Europe/Berlin,breathingExercise,3.0,1753196158.389513,300.0
openedApp,False,instagram,Europe/Berlin,breathingExercise,3.0,1753196608.092904,300.0
openedApp,False,instagram,Europe/Berlin,breathingExercise,3.0,1753197038.391377,300.0
openedApp,False,instagram,Europe/Berlin,breathingExercise,3.0,1753197093.365158,300.0
openedApp,False,instagram,Europe/Berlin,breathingExercise,3.0,1753197439.283348,360.0
openedApp,False,instagram,Europe/Berlin,breathingExercise,3.0,1753197818.4327688,300.0
openedApp,False,instagram,Europe/Berlin,breathingExercise,3.0,1753198137.160641,240.0
openedApp,False,instagram,Europe/Berlin,breathingExercise,3.0,1753198399.8474278,420.0
openedApp,False,instagram,Europe/Berlin,breathingExercise,3.0,1753198838.312928,600.0
openedApp,False,instagram,Europe/Berlin,breathingExercise,3.0,1753199707.3559961,360.0
openedApp,False,instagram,Europe/Berlin,breathingExercise,3.0,1753200175.256125,300.0
openedApp,True,instagram,Europe/Berlin,breathingExercise,3.0,1753200589.140589,300.0
dismissedAppOpening,False,instagram,Europe/Berlin,breathingExercise,3.0,1753200934.745789,
openedApp,False,instagram,Europe/Berlin,breathingExercise,3.0,1753200958.3398151,300.0
dismissedAppOpening,False,instagram,Europe/Berlin,breathingExercise,3.0,1753203179.221713,
openedApp,False,instagram,Europe/Berlin,breathingExercise,3.0,1753204112.602468,300.0
openedApp,False,instagram,Europe/Berlin,breathingExercise,3.0,1753204590.104011,300.0
openedApp,False,instagram,Europe/Berlin,breathingExercise,3.0,1753204679.3405452,240.0
openedApp,True,instagram,Europe/Berlin,breathingExercise,3.0,1753204946.327519,600.0
openedApp,True,instagram,Europe/Berlin,breathingExercise,3.0,1753205550.972897,600.0
openedApp,False,instagram,Europe/Berlin,breathingExercise,3.0,1753215755.130002,300.0
openedApp,True,instagram,Europe/Berlin,breathingExercise,3.0,1753216088.390332,360.0
openedApp,False,instagram,Europe/Berlin,breathingExercise,3.0,1753252251.729003,300.0
dismissedAppOpening,False,instagram,Europe/Berlin,breathingExercise,3.0,1753261442.351729,
openedApp,False,instagram,Europe/Berlin,breathingExercise,3.0,1753265378.8616009,240.0
openedApp,False,instagram,Europe/Berlin,breathingExercise,3.0,1753265846.3572788,300.0
openedApp,False,instagram,Europe/Berlin,breathingExercise,3.0,1753275372.8776212,300.0
openedApp,False,instagram,Europe/Berlin,breathingExercise,3.0,1753279283.959518,300.0
dismissedAppOpening,False,instagram,Europe/Berlin,breathingExercise,3.0,1753280167.8402,
openedApp,False,instagram,Europe/Berlin,breathingExercise,3.0,1753280237.528205,300.0
openedApp,False,instagram,Europe/Berlin,breathingExercise,3.0,1753290828.307816,300.0
openedApp,False,instagram,Europe/Berlin,breathingExercise,3.0,1753291168.708729,300.0
openedApp,False,instagram,Europe/Berlin,breathingExercise,3.0,1753292270.197778,300.0
openedApp,False,instagram,Europe/Berlin,breathingExercise,3.0,1753292323.218493,300.0
openedApp,False,instagram,Europe/Berlin,breathingExercise,3.0,1753293079.5620642,300.0
openedApp,False,instagram,Europe/Berlin,breathingExercise,3.0,1753293296.443161,300.0
dismissedAppOpening,False,instagram,Europe/Berlin,breathingExercise,3.0,1753293726.705387,
dismissedAppOpening,False,instagram,Europe/Berlin,breathingExercise,3.0,1753293972.136157,
openedApp,False,instagram,Europe/Berlin,breathingExercise,3.0,1753301800.452632,300.0
openedApp,False,instagram,Europe/Berlin,breathingExercise,3.0,1753302708.71028,300.0
openedApp,False,instagram,Europe/Berlin,breathingExercise,3.0,1753305814.9857678,300.0
openedApp,False,instagram,Europe/Berlin,breathingExercise,3.0,1753307030.221802,300.0
openedApp,True,instagram,Europe/Berlin,breathingExercise,3.0,1753307347.353179,300.0
openedApp,False,instagram,Europe/Berlin,breathingExercise,3.0,1753307606.381181,600.0
openedApp,True,instagram,Europe/Berlin,breathingExercise,3.0,1753308221.675106,300.0
openedApp,False,instagram,Europe/Berlin,breathingExercise,3.0,1753308561.857249,300.0
openedApp,False,instagram,Europe/Berlin,breathingExercise,3.0,1753308761.440043,300.0
openedApp,True,instagram,Europe/Berlin,breathingExercise,3.0,1753309078.459481,180.0
openedApp,False,instagram,Europe/Berlin,breathingExercise,3.0,1753309261.1782799,120.0
openedApp,False,instagram,Europe/Berlin,breathingExercise,3.0,1753331347.9653049,300.0
openedApp,False,instagram,Europe/Berlin,breathingExercise,3.0,1753332743.334515,300.0
dismissedAppOpening,False,instagram,Europe/Berlin,breathingExercise,3.0,1753333173.669787,
openedApp,False,instagram,Europe/Berlin,breathingExercise,3.0,1753335688.8601909,300.0
openedApp,False,instagram,Europe/Berlin,breathingExercise,3.0,1753336169.10464,240.0
openedApp,False,instagram,Europe/Berlin,breathingExercise,3.0,1753336229.599175,300.0
openedApp,False,instagram,Europe/Berlin,breathingExercise,3.0,1753336639.3549309,300.0
openedApp,False,instagram,Europe/Berlin,breathingExercise,3.0,1753344240.763376,300.0
openedApp,False,instagram,Europe/Berlin,breathingExercise,3.0,1753344866.389936,360.0
openedApp,False,instagram,Europe/Berlin,breathingExercise,3.0,1753344963.655808,300.0
openedApp,True,instagram,Europe/Berlin,breathingExercise,3.0,1753345278.922412,300.0
openedApp,True,instagram,Europe/Berlin,breathingExercise,3.0,1753345586.462359,300.0
openedApp,False,instagram,Europe/Berlin,breathingExercise,3.0,1753345618.847087,300.0
openedApp,False,instagram,Europe/Berlin,breathingExercise,3.0,1753345757.133193,300.0
openedApp,True,instagram,Europe/Berlin,breathingExercise,3.0,1753346072.246543,360.0
openedApp,True,instagram,Europe/Berlin,breathingExercise,3.0,1753346445.481879,300.0
openedApp,True,instagram,Europe/Berlin,breathingExercise,3.0,1753346758.218251,300.0
openedApp,False,instagram,Europe/Berlin,breathingExercise,3.0,1753347091.456114,240.0
openedApp,True,instagram,Europe/Berlin,breathingExercise,3.0,1753347382.251124,300.0
openedApp,True,instagram,Europe/Berlin,breathingExercise,3.0,1753347695.275014,240.0
openedApp,False,instagram,Europe/Berlin,breathingExercise,3.0,1753348480.438871,240.0
openedApp,False,instagram,Europe/Berlin,breathingExercise,3.0,1753349097.778314,300.0
openedApp,False,instagram,Europe/Berlin,breathingExercise,3.0,1753351552.110323,180.0
openedApp,True,instagram,Europe/Berlin,breathingExercise,3.0,1753351749.324518,600.0
openedApp,True,instagram,Europe/Berlin,breathingExercise,3.0,1753352361.488638,600.0
openedApp,False,instagram,Europe/Berlin,breathingExercise,3.0,1753352482.762075,300.0
openedApp,True,instagram,Europe/Berlin,breathingExercise,3.0,1753352797.5916739,360.0
openedApp,False,instagram,Europe/Berlin,breathingExercise,3.0,1753356889.056345,360.0
openedApp,False,instagram,Europe/Berlin,breathingExercise,3.0,1753357428.0733209,240.0
dismissedAppOpening,False,instagram,Europe/Berlin,breathingExercise,3.0,1753357877.192755,
openedApp,False,instagram,Europe/Berlin,breathingExercise,3.0,1753359263.371519,300.0
openedApp,False,instagram,Europe/Berlin,breathingExercise,3.0,1753362958.393583,240.0
openedApp,True,instagram,Europe/Berlin,breathingExercise,3.0,1753363213.6668339,300.0
openedApp,True,instagram,Europe/Berlin,breathingExercise,3.0,1753363637.230074,300.0
openedApp,True,instagram,Europe/Berlin,breathingExercise,3.0,1753363951.753861,300.0
openedApp,True,instagram,Europe/Berlin,breathingExercise,3.0,1753364267.022641,240.0
dismissedAppOpening,False,instagram,Europe/Berlin,breathingExercise,3.0,1753367515.531849,
openedApp,False,instagram,Europe/Berlin,breathingExercise,3.0,1753367692.592749,300.0
openedApp,True,instagram,Europe/Berlin,breathingExercise,3.0,1753368031.620634,240.0
openedApp,True,instagram,Europe/Berlin,breathingExercise,3.0,1753368314.360571,300.0
openedApp,True,instagram,Europe/Berlin,breathingExercise,3.0,1753368656.291528,300.0
openedApp,False,instagram,Europe/Berlin,breathingExercise,3.0,1753369420.210225,300.0
openedApp,False,instagram,Europe/Berlin,breathingExercise,3.0,1753369578.8553262,300.0
openedApp,False,instagram,Europe/Berlin,breathingExercise,3.0,1753373212.415172,300.0
openedApp,False,instagram,Europe/Berlin,breathingExercise,3.0,1753373428.2830281,300.0
openedApp,False,instagram,Europe/Berlin,breathingExercise,3.0,1753375434.469517,300.0
dismissedAppOpening,False,instagram,Europe/Berlin,breathingExercise,3.0,1753375524.869904,
openedApp,False,instagram,Europe/Berlin,breathingExercise,6.0,1753378987.7873201,300.0
dismissedAppOpening,False,instagram,Europe/Berlin,breathingExercise,6.0,1753379376.769565,
openedApp,False,instagram,Europe/Berlin,breathingExercise,6.0,1753380725.950194,300.0
openedApp,False,instagram,Europe/Berlin,breathingExercise,6.0,1753381760.0484781,300.0
dismissedAppOpening,True,instagram,Europe/Berlin,breathingExercise,6.0,1753382070.365405,
dismissedAppOpening,False,instagram,Europe/Berlin,breathingExercise,6.0,1753382100.1801171,
openedApp,False,instagram,Europe/Berlin,breathingExercise,6.0,1753390553.41715,300.0
openedApp,True,instagram,Europe/Berlin,breathingExercise,6.0,1753390997.9236841,240.0
openedApp,False,instagram,Europe/Berlin,breathingExercise,6.0,1753420443.429782,300.0
dismissedAppOpening,False,instagram,Europe/Berlin,breathingExercise,6.0,1753420884.1112928,
dismissedAppOpening,False,instagram,Europe/Berlin,breathingExercise,6.0,1753421345.6282501,
openedApp,False,instagram,Europe/Berlin,breathingExercise,6.0,1753434446.7287369,240.0
openedApp,True,instagram,Europe/Berlin,breathingExercise,6.0,1753434707.227716,300.0
openedApp,True,instagram,Europe/Berlin,breathingExercise,6.0,1753435020.676453,300.0
openedApp,True,instagram,Europe/Berlin,breathingExercise,6.0,1753435419.465997,300.0
openedApp,True,instagram,Europe/Berlin,breathingExercise,6.0,1753435825.500375,360.0
openedApp,True,instagram,Europe/Berlin,breathingExercise,6.0,1753436358.758407,300.0
dismissedAppOpening,False,instagram,Europe/Berlin,breathingExercise,6.0,1753436690.297227,
openedApp,False,instagram,Europe/Berlin,breathingExercise,6.0,1753635605.232311,240.0
openedApp,False,instagram,Europe/Berlin,breathingExercise,6.0,1753637281.023354,300.0
openedApp,False,instagram,Europe/Berlin,breathingExercise,6.0,1753645203.4261441,300.0
openedApp,False,instagram,Europe/Berlin,breathingExercise,6.0,1753647731.2096338,300.0
openedApp,False,instagram,Europe/Berlin,breathingExercise,6.0,1753648621.775563,300.0
openedApp,False,instagram,Europe/Berlin,breathingExercise,6.0,1753649185.60871,540.0
openedApp,True,instagram,Europe/Berlin,breathingExercise,6.0,1753649748.957401,600.0
openedApp,False,instagram,Europe/Berlin,breathingExercise,6.0,1753650584.0802479,180.0
dismissedAppOpening,False,instagram,Europe/Berlin,breathingExercise,6.0,1753659526.519288,
openedApp,False,instagram,Europe/Berlin,breathingExercise,6.0,1753681863.432646,300.0
openedApp,False,instagram,Europe/Berlin,breathingExercise,6.0,1753682203.2600322,300.0
openedApp,False,instagram,Europe/Berlin,breathingExercise,6.0,1753684971.457674,300.0
openedApp,False,instagram,Europe/Berlin,breathingExercise,6.0,1753687201.2027879,300.0
openedApp,False,instagram,Europe/Berlin,breathingExercise,6.0,1753688596.660258,300.0
openedApp,False,instagram,Europe/Berlin,breathingExercise,6.0,1753716428.048022,300.0
openedApp,True,instagram,Europe/Berlin,breathingExercise,6.0,1753716964.132127,300.0
dismissedAppOpening,True,instagram,Europe/Berlin,breathingExercise,6.0,1753717275.128263,
openedApp,False,instagram,Europe/Berlin,breathingExercise,6.0,1753717316.3406649,240.0
openedApp,True,instagram,Europe/Berlin,breathingExercise,6.0,1753717575.003428,300.0
openedApp,True,instagram,Europe/Berlin,breathingExercise,6.0,1753717891.8795161,300.0
openedApp,False,instagram,Europe/Berlin,breathingExercise,6.0,1753718249.999403,300.0
openedApp,False,instagram,Europe/Berlin,breathingExercise,6.0,1753718509.6867461,300.0
openedApp,True,instagram,Europe/Berlin,breathingExercise,6.0,1753718827.8885279,240.0
openedApp,True,instagram,Europe/Berlin,breathingExercise,6.0,1753719071.794961,120.0
openedApp,True,instagram,Europe/Berlin,breathingExercise,6.0,1753719193.6202831,180.0
openedApp,True,instagram,Europe/Berlin,breathingExercise,6.0,1753719376.870537,180.0
dismissedAppOpening,False,instagram,Europe/Berlin,breathingExercise,6.0,1753720527.129247,
openedApp,False,instagram,Europe/Berlin,breathingExercise,6.0,1753723860.813593,300.0
openedApp,False,instagram,Europe/Berlin,breathingExercise,6.0,1753724202.9508839,300.0
openedApp,False,instagram,Europe/Berlin,breathingExercise,6.0,1753724533.212058,240.0
openedApp,True,instagram,Europe/Berlin,breathingExercise,6.0,1753724794.303759,240.0
openedApp,True,instagram,Europe/Berlin,breathingExercise,6.0,1753725051.212507,300.0
openedApp,True,instagram,Europe/Berlin,breathingExercise,6.0,1753725367.533118,300.0
openedApp,False,instagram,Europe/Berlin,breathingExercise,6.0,1753726654.472681,300.0
dismissedAppOpening,False,instagram,Europe/Berlin,breathingExercise,6.0,1753728501.353311,
openedApp,False,instagram,Europe/Berlin,breathingExercise,6.0,1753734793.235878,240.0
openedApp,False,instagram,Europe/Berlin,breathingExercise,6.0,1753735073.39355,300.0
dismissedAppOpening,True,instagram,Europe/Berlin,breathingExercise,6.0,1753735690.172715,
openedApp,False,instagram,Europe/Berlin,breathingExercise,6.0,1753763985.859926,300.0
openedApp,False,instagram,Europe/Berlin,breathingExercise,6.0,1753766465.317706,300.0
openedApp,False,instagram,Europe/Berlin,breathingExercise,6.0,1753797905.6453428,300.0
dismissedAppOpening,False,instagram,Europe/Berlin,breathingExercise,6.0,1753799593.048359,
openedApp,False,instagram,Europe/Berlin,breathingExercise,6.0,1753808861.5652819,300.0
openedApp,False,instagram,Europe/Berlin,breathingExercise,6.0,1753818845.304735,300.0
openedApp,True,instagram,Europe/Berlin,breathingExercise,6.0,1753819772.236949,300.0
openedApp,False,instagram,Europe/Berlin,breathingExercise,6.0,1753820027.740123,300.0
openedApp,False,instagram,Europe/Berlin,breathingExercise,6.0,1753820181.9527168,300.0
openedApp,False,instagram,Europe/Berlin,breathingExercise,6.0,1753852024.676175,300.0
openedApp,False,instagram,Europe/Berlin,breathingExercise,6.0,1753864270.67022,300.0
openedApp,False,instagram,Europe/Berlin,breathingExercise,6.0,1753867804.627794,300.0
openedApp,False,instagram,Europe/Berlin,breathingExercise,6.0,1753868894.1535568,300.0
openedApp,False,instagram,Europe/Berlin,breathingExercise,6.0,1753869705.511478,300.0
openedApp,False,instagram,Europe/Berlin,breathingExercise,6.0,1753872809.558085,300.0
dismissedAppOpening,False,instagram,Europe/Berlin,breathingExercise,6.0,1753880389.947366,
openedApp,False,instagram,Europe/Berlin,breathingExercise,6.0,1753885898.477206,300.0
openedApp,False,instagram,Europe/Berlin,breathingExercise,6.0,1753890860.51153,300.0
dismissedAppOpening,False,instagram,Europe/Berlin,breathingExercise,6.0,1753891910.887794,
openedApp,False,instagram,Europe/Berlin,breathingExercise,6.0,1753896623.437471,300.0
openedApp,False,instagram,Europe/Berlin,breathingExercise,6.0,1753909891.819649,300.0
openedApp,True,instagram,Europe/Berlin,breathingExercise,6.0,1753910211.511989,360.0
openedApp,False,instagram,Europe/Berlin,breathingExercise,6.0,1753960868.292383,300.0
openedApp,False,instagram,Europe/Berlin,breathingExercise,6.0,1753962986.853734,300.0
dismissedAppOpening,False,instagram,Europe/Berlin,breathingExercise,6.0,1753967772.187572,
openedApp,False,instagram,Europe/Berlin,breathingExercise,6.0,1753975518.719174,300.0
openedApp,False,instagram,Europe/Berlin,breathingExercise,6.0,1753976767.90568,300.0
openedApp,False,instagram,Europe/Berlin,breathingExercise,6.0,1753978552.921822,300.0
dismissedAppOpening,False,instagram,Europe/Berlin,breathingExercise,6.0,1753978936.801657,
openedApp,False,instagram,Europe/Berlin,breathingExercise,6.0,1753985450.941679,300.0
openedApp,False,instagram,Europe/Berlin,breathingExercise,6.0,1753992845.31006,300.0
openedApp,True,instagram,Europe/Berlin,breathingExercise,6.0,1753994966.4074411,300.0
openedApp,True,instagram,Europe/Berlin,breathingExercise,6.0,1753995309.064189,240.0
openedApp,False,instagram,Europe/Berlin,breathingExercise,6.0,1754024780.8698611,300.0
openedApp,False,instagram,Europe/Berlin,breathingExercise,6.0,1754026378.941558,300.0
openedApp,False,instagram,Europe/Berlin,breathingExercise,6.0,1754031056.4438229,300.0
openedApp,False,instagram,Europe/Berlin,breathingExercise,6.0,1754039099.036004,300.0
openedApp,False,instagram,Europe/Berlin,breathingExercise,6.0,1754040605.47828,300.0
openedApp,False,instagram,Europe/Berlin,breathingExercise,6.0,1754045964.278518,300.0
dismissedAppOpening,False,instagram,Europe/Berlin,breathingExercise,6.0,1754050172.4544969,
openedApp,False,instagram,Europe/Berlin,breathingExercise,6.0,1754052638.068907,300.0
dismissedAppOpening,False,instagram,Europe/Berlin,breathingExercise,6.0,1754061644.6990461,
dismissedAppOpening,False,instagram,Europe/Berlin,breathingExercise,6.0,1754061669.044783,
openedApp,False,instagram,Europe/Berlin,breathingExercise,6.0,1754061695.473942,300.0
openedApp,False,instagram,Europe/Berlin,breathingExercise,6.0,1754062525.512733,300.0
openedApp,False,instagram,Europe/Berlin,breathingExercise,6.0,1754080973.810566,300.0
openedApp,False,instagram,Europe/Berlin,breathingExercise,6.0,1754081249.088556,300.0
dismissedAppOpening,False,instagram,Europe/Berlin,breathingExercise,6.0,1754081937.4572802,
openedApp,False,instagram,Europe/Berlin,breathingExercise,6.0,1754081984.217085,300.0
openedApp,True,instagram,Europe/Berlin,breathingExercise,6.0,1754082314.317622,300.0
dismissedAppOpening,False,instagram,Europe/Berlin,breathingExercise,6.0,1754082593.967235,
openedApp,False,instagram,Europe/Berlin,breathingExercise,6.0,1754083933.557405,300.0
dismissedAppOpening,False,instagram,Europe/Berlin,breathingExercise,6.0,1754084291.781044,
openedApp,False,instagram,Europe/Berlin,breathingExercise,6.0,1754084327.503139,300.0
openedApp,False,instagram,Europe/Berlin,breathingExercise,6.0,1754092923.044985,300.0
dismissedAppOpening,False,instagram,Europe/Berlin,breathingExercise,6.0,1754093443.550252,
openedApp,False,instagram,Europe/Berlin,breathingExercise,6.0,1754096591.5582,300.0
openedApp,False,instagram,Europe/Berlin,breathingExercise,6.0,1754120925.508832,300.0
openedApp,True,instagram,Europe/Berlin,breathingExercise,6.0,1754121244.317967,240.0
openedApp,False,instagram,Europe/Berlin,breathingExercise,6.0,1754121348.130626,300.0
openedApp,False,instagram,Europe/Berlin,breathingExercise,6.0,1754122441.200681,300.0
openedApp,False,instagram,Europe/Berlin,breathingExercise,6.0,1754122748.703535,300.0
openedApp,True,instagram,Europe/Berlin,breathingExercise,6.0,1754123071.400926,300.0
openedApp,True,instagram,Europe/Berlin,breathingExercise,6.0,1754123438.731688,300.0
openedApp,True,instagram,Europe/Berlin,breathingExercise,6.0,1754123758.4081311,300.0
openedApp,True,instagram,Europe/Berlin,breathingExercise,6.0,1754124075.388695,300.0
openedApp,True,instagram,Europe/Berlin,breathingExercise,6.0,1754124391.493031,240.0
openedApp,False,instagram,Europe/Berlin,breathingExercise,6.0,1754126711.380271,60.0
openedApp,False,instagram,Europe/Berlin,breathingExercise,6.0,1754127459.490738,300.0
openedApp,False,instagram,Europe/Berlin,breathingExercise,6.0,1754130233.639571,300.0
openedApp,False,instagram,Europe/Berlin,breathingExercise,6.0,1754130298.522963,300.0
dismissedAppOpening,False,instagram,Europe/Berlin,breathingExercise,6.0,1754132777.289085,
dismissedAppOpening,False,instagram,Europe/Berlin,breathingExercise,6.0,1754134413.7034779,
openedApp,False,instagram,Europe/Berlin,breathingExercise,6.0,1754135128.678643,300.0
openedApp,False,instagram,Europe/Berlin,breathingExercise,6.0,1754138333.086018,300.0
openedApp,False,instagram,Europe/Berlin,breathingExercise,6.0,1754139802.319545,300.0
openedApp,False,instagram,Europe/Berlin,breathingExercise,6.0,1754142771.365947,360.0
dismissedAppOpening,False,instagram,Europe/Berlin,breathingExercise,6.0,1754143436.1164079,
openedApp,False,instagram,Europe/Berlin,breathingExercise,6.0,1754147895.070091,300.0
openedApp,False,instagram,Europe/Berlin,breathingExercise,6.0,1754149215.029938,240.0
openedApp,False,instagram,Europe/Berlin,breathingExercise,6.0,1754149479.520683,300.0
openedApp,False,instagram,Europe/Berlin,breathingExercise,6.0,1754150798.053447,300.0
openedApp,False,instagram,Europe/Berlin,breathingExercise,6.0,1754153551.206233,300.0
dismissedAppOpening,False,instagram,Europe/Berlin,breathingExercise,6.0,1754153953.685933,
openedApp,False,instagram,Europe/Berlin,breathingExercise,6.0,1754156240.966048,300.0
openedApp,True,instagram,Europe/Berlin,breathingExercise,6.0,1754156602.794914,300.0
dismissedAppOpening,True,instagram,Europe/Berlin,breathingExercise,6.0,1754157310.840918,
openedApp,False,instagram,Europe/Berlin,breathingExercise,6.0,1754157338.7982578,600.0
dismissedAppOpening,False,instagram,Europe/Berlin,breathingExercise,6.0,1754157727.089423,
openedApp,False,instagram,Europe/Berlin,breathingExercise,6.0,1754161344.5789351,300.0
openedApp,False,instagram,Europe/Berlin,breathingExercise,6.0,1754170343.20784,300.0
openedApp,False,instagram,Europe/Berlin,breathingExercise,6.0,1754170440.289926,240.0
openedApp,False,instagram,Europe/Berlin,breathingExercise,6.0,1754199972.52213,300.0
openedApp,False,instagram,Europe/Berlin,breathingExercise,6.0,1754201512.769798,300.0
openedApp,False,instagram,Europe/Berlin,breathingExercise,6.0,1754213187.310085,300.0
openedApp,False,instagram,Europe/Berlin,breathingExercise,6.0,1754213936.122707,300.0
openedApp,False,instagram,Europe/Berlin,breathingExercise,6.0,1754221806.7024832,300.0
openedApp,False,instagram,Europe/Berlin,breathingExercise,6.0,1754223706.363723,300.0
openedApp,False,instagram,Europe/Berlin,breathingExercise,6.0,1754225090.9859362,300.0
openedApp,False,instagram,Europe/Berlin,breathingExercise,6.0,1754225336.91437,300.0
openedApp,False,instagram,Europe/Berlin,breathingExercise,6.0,1754228481.226938,300.0
dismissedAppOpening,False,instagram,Europe/Berlin,breathingExercise,6.0,1754228565.939783,
openedApp,False,instagram,Europe/Berlin,breathingExercise,6.0,1754228681.1340709,300.0
openedApp,False,instagram,Europe/Berlin,breathingExercise,6.0,1754228892.680857,300.0
openedApp,False,instagram,Europe/Berlin,breathingExercise,6.0,1754229237.781882,300.0
dismissedAppOpening,False,instagram,Europe/Berlin,breathingExercise,6.0,1754229484.8399549,
openedApp,False,instagram,Europe/Berlin,breathingExercise,6.0,1754229522.9958801,300.0
openedApp,False,instagram,Europe/Berlin,breathingExercise,6.0,1754230213.9522371,300.0
openedApp,False,instagram,Europe/Berlin,breathingExercise,6.0,1754230583.2161899,300.0
dismissedAppOpening,False,instagram,Europe/Berlin,breathingExercise,6.0,1754230741.6693668,
openedApp,False,instagram,Europe/Berlin,breathingExercise,6.0,1754230891.898669,300.0
openedApp,False,instagram,Europe/Berlin,breathingExercise,6.0,1754231232.9336371,300.0
dismissedAppOpening,False,instagram,Europe/Berlin,breathingExercise,6.0,1754232099.75143,
openedApp,False,instagram,Europe/Berlin,breathingExercise,6.0,1754232705.893817,360.0
openedApp,False,instagram,Europe/Berlin,breathingExercise,6.0,1754233282.775237,300.0
openedApp,False,instagram,Europe/Berlin,breathingExercise,6.0,1754233386.3416228,300.0
dismissedAppOpening,False,instagram,Europe/Berlin,breathingExercise,6.0,1754233915.6168818,
openedApp,False,instagram,Europe/Berlin,breathingExercise,6.0,1754234127.736329,360.0
openedApp,False,instagram,Europe/Berlin,breathingExercise,6.0,1754237442.0476022,300.0
openedApp,False,instagram,Europe/Berlin,breathingExercise,6.0,1754238848.908224,300.0
openedApp,False,instagram,Europe/Berlin,breathingExercise,6.0,1754239652.748345,300.0
openedApp,False,instagram,Europe/Berlin,breathingExercise,6.0,1754239996.838897,300.0
openedApp,False,instagram,Europe/Berlin,breathingExercise,6.0,1754240186.123901,300.0
openedApp,False,instagram,Europe/Berlin,breathingExercise,6.0,1754240309.956018,300.0
openedApp,False,instagram,Europe/Berlin,breathingExercise,6.0,1754240588.5297089,240.0
openedApp,True,instagram,Europe/Berlin,breathingExercise,6.0,1754240853.674415,360.0
dismissedAppOpening,False,instagram,Europe/Berlin,breathingExercise,6.0,1754241116.558243,
openedApp,False,instagram,Europe/Berlin,breathingExercise,6.0,1754241139.980472,300.0
openedApp,False,instagram,Europe/Berlin,breathingExercise,6.0,1754241404.7653198,300.0
openedApp,False,instagram,Europe/Berlin,breathingExercise,6.0,1754243194.995462,300.0
openedApp,False,instagram,Europe/Berlin,breathingExercise,6.0,1754253213.3536658,300.0
openedApp,False,instagram,Europe/Berlin,breathingExercise,6.0,1754260449.973837,240.0
openedApp,True,instagram,Europe/Berlin,breathingExercise,6.0,1754260709.1219811,600.0
openedApp,False,instagram,Europe/Berlin,breathingExercise,6.0,1754260773.68673,300.0
openedApp,False,instagram,Europe/Berlin,breathingExercise,6.0,1754283788.7100248,300.0
dismissedAppOpening,False,instagram,Europe/Berlin,breathingExercise,6.0,1754284136.087482,
openedApp,False,instagram,Europe/Berlin,breathingExercise,6.0,1754297689.372093,300.0
openedApp,True,instagram,Europe/Berlin,breathingExercise,6.0,1754298028.218563,300.0
openedApp,False,instagram,Europe/Berlin,breathingExercise,6.0,1754298340.4731479,300.0
openedApp,True,instagram,Europe/Berlin,breathingExercise,6.0,1754298660.970506,300.0
openedApp,True,instagram,Europe/Berlin,breathingExercise,6.0,1754298985.454833,300.0
openedApp,True,instagram,Europe/Berlin,breathingExercise,6.0,1754299298.949697,300.0
openedApp,True,instagram,Europe/Berlin,breathingExercise,6.0,1754299617.785674,300.0
openedApp,False,instagram,Europe/Berlin,breathingExercise,6.0,1754309541.118326,300.0
dismissedAppOpening,False,instagram,Europe/Berlin,breathingExercise,6.0,1754309541.418041,
openedApp,False,instagram,Europe/Berlin,breathingExercise,6.0,1754309916.726066,360.0
openedApp,False,instagram,Europe/Berlin,breathingExercise,6.0,1754311676.9536629,360.0
dismissedAppOpening,False,instagram,Europe/Berlin,breathingExercise,6.0,1754313588.946254,
openedApp,False,instagram,Europe/Berlin,breathingExercise,6.0,1754315224.140575,360.0
dismissedAppOpening,False,instagram,Europe/Berlin,breathingExercise,6.0,1754315580.527203,
openedApp,False,instagram,Europe/Berlin,breathingExercise,6.0,1754316730.3211222,300.0
openedApp,False,instagram,Europe/Berlin,breathingExercise,6.0,1754319023.074558,300.0
openedApp,False,instagram,Europe/Berlin,breathingExercise,6.0,1754320214.879883,300.0
dismissedAppOpening,False,instagram,Europe/Berlin,breathingExercise,6.0,1754320463.779619,
openedApp,False,instagram,Europe/Berlin,breathingExercise,6.0,1754322175.661878,300.0
openedApp,True,instagram,Europe/Berlin,breathingExercise,6.0,1754322496.1228828,300.0
openedApp,False,instagram,Europe/Berlin,breathingExercise,6.0,1754327293.5017219,300.0
dismissedAppOpening,False,instagram,Europe/Berlin,breathingExercise,6.0,1754332717.257801,
openedApp,False,instagram,Europe/Berlin,breathingExercise,6.0,1754337968.3985128,300.0
dismissedAppOpening,False,instagram,Europe/Berlin,breathingExercise,6.0,1754381050.6632419,
openedApp,False,instagram,Europe/Berlin,breathingExercise,6.0,1754390225.309751,300.0
openedApp,False,instagram,Europe/Berlin,breathingExercise,6.0,1754390279.955282,300.0
dismissedAppOpening,False,instagram,Europe/Berlin,breathingExercise,6.0,1754400633.5900059,
openedApp,False,instagram,Europe/Berlin,breathingExercise,6.0,1754400730.981165,300.0
openedApp,False,instagram,Europe/Berlin,breathingExercise,6.0,1754406300.1629372,300.0
openedApp,False,instagram,Europe/Berlin,breathingExercise,6.0,1754406714.912489,300.0
openedApp,False,instagram,Europe/Berlin,breathingExercise,6.0,1754407967.788718,420.0
openedApp,True,instagram,Europe/Berlin,breathingExercise,6.0,1754408505.891952,600.0
openedApp,True,instagram,Europe/Berlin,breathingExercise,6.0,1754409121.702392,300.0
openedApp,False,instagram,Europe/Berlin,breathingExercise,6.0,1754410108.711852,360.0
openedApp,False,instagram,Europe/Berlin,breathingExercise,6.0,1754410819.546385,240.0
dismissedAppOpening,False,instagram,Europe/Berlin,breathingExercise,6.0,1754410850.080219,
dismissedAppOpening,False,instagram,Europe/Berlin,breathingExercise,6.0,1754410888.1889138,
openedApp,False,instagram,Europe/Berlin,breathingExercise,6.0,1754411429.277306,300.0
openedApp,False,instagram,Europe/Berlin,breathingExercise,6.0,1754413103.926999,300.0
openedApp,True,instagram,Europe/Berlin,breathingExercise,6.0,1754413426.8959231,240.0
