app,resolution,interventionType,isReIntervention,interventionDuration,timezone,timestamp,purpose
facebook,dismissedAppOpening,breathingExercise,False,3,America/Chicago,1751502314.754457,
facebook,dismissedAppOpening,breathingExercise,False,3,America/Chicago,1751502318.885847,
facebook,openedApp,breathingExercise,False,3,America/Chicago,1751504344.170299,Message
facebook,dismissedAppOpening,breathingExercise,False,3,America/Chicago,1751514465.095531,
facebook,openedApp,breathingExercise,False,3,America/Chicago,1751521869.658056,Entertainment
facebook,dismissedAppOpening,breathingExercise,False,3,America/Chicago,1751522078.931199,
gmail,openedApp,breathingExercise,False,3,America/Chicago,1751542798.31211,Stay In the Loop
facebook,openedApp,breathingExercise,False,3,America/Chicago,1751542835.532949,Stay In the Loop
gmail,dismissedAppOpening,breathingExercise,False,3,America/Chicago,1751543290.21341,
gmail,openedApp,breathingExercise,False,3,America/Chicago,1751543318.727367,Message
gmail,dismissedAppOpening,breathingExercise,False,3,America/Chicago,1751543442.8598251,
gmail,dismissedAppOpening,breathingExercise,False,3,America/Chicago,1751543675.066978,
gmail,dismissedAppOpening,breathingExercise,False,3,America/Chicago,1751553710.687008,
gmail,openedApp,breathingExercise,False,3,America/Chicago,1751555001.319911,Message
gmail,openedApp,breathingExercise,False,3,America/Chicago,1751559148.043247,Message
gmail,openedApp,breathingExercise,False,3,America/Chicago,1751561749.535184,Message
facebook,dismissedAppOpening,breathingExercise,False,3,America/Chicago,1751561775.95521,
facebook,dismissedAppOpening,breathingExercise,False,3,America/Chicago,1751561789.633438,
facebook,openedApp,breathingExercise,False,3,America/Chicago,1751561809.3095279,Entertainment
facebook,openedApp,breathingExercise,False,3,America/Chicago,1751567038.939132,Toilet
gmail,openedApp,breathingExercise,False,3,America/Chicago,1751567181.08446,Toilet
amazon,openedApp,breathingExercise,False,3,America/Chicago,1751567292.7409759,Search Info
gmail,openedApp,breathingExercise,False,3,America/Chicago,1751570647.700176,Message
gmail,dismissedAppOpening,breathingExercise,False,3,America/Chicago,1751570958.834457,
facebook,openedApp,breathingExercise,False,3,America/Chicago,1751572429.5275102,Toilet
facebook,openedApp,breathingExercise,False,3,America/Chicago,1751572554.426163,Toilet
facebook,dismissedAppOpening,breathingExercise,False,3,America/Chicago,1751572754.382485,
facebook,openedApp,breathingExercise,False,3,America/Chicago,1751586416.0710192,Entertainment
facebook,openedApp,breathingExercise,False,3,America/Chicago,1751586952.881195,Stay In the Loop
gmail,openedApp,breathingExercise,False,3,America/Chicago,1751588605.99305,Message
gmail,openedApp,breathingExercise,False,3,America/Chicago,1751596343.650409,Message
facebook,openedApp,breathingExercise,False,3,America/Chicago,1751596473.421606,Entertainment
facebook,openedApp,breathingExercise,False,3,America/Chicago,1751596620.808259,Stay In the Loop
facebook,openedApp,breathingExercise,False,3,America/Chicago,1751600685.139804,Escape / Avoid
facebook,openedApp,breathingExercise,False,3,America/Chicago,1751606260.91117,Bored
facebook,openedApp,breathingExercise,False,3,America/Chicago,1751607325.6978211,Bored
gmail,dismissedAppOpening,breathingExercise,False,3,America/Chicago,1751607539.622714,
gmail,dismissedAppOpening,breathingExercise,False,3,America/Chicago,1751607602.84835,
facebook,openedApp,breathingExercise,False,3,America/Chicago,1751608371.6435761,Escape / Avoid
facebook,openedApp,breathingExercise,False,3,America/Chicago,1751610824.5796108,Can’t sleep
gmail,openedApp,breathingExercise,False,3,America/Chicago,1751632622.344765,Stay In the Loop
facebook,openedApp,breathingExercise,False,3,America/Chicago,1751632701.244446,Stay In the Loop
gmail,openedApp,breathingExercise,False,3,America/Chicago,1751637377.479814,Stay In the Loop
gmail,openedApp,breathingExercise,False,3,America/Chicago,1751645216.064787,Stay In the Loop
facebook,openedApp,breathingExercise,False,3,America/Chicago,1751645520.933117,Bored
facebook,openedApp,breathingExercise,False,3,America/Chicago,1751646210.9111118,Bored
facebook,openedApp,breathingExercise,False,3,America/Chicago,1751647102.709944,Bored
facebook,dismissedAppOpening,breathingExercise,False,3,America/Chicago,1751647345.087513,
gmail,dismissedAppOpening,breathingExercise,False,3,America/Chicago,1751653534.8098469,
facebook,openedApp,breathingExercise,False,3,America/Chicago,1751653554.4022288,Entertainment
facebook,dismissedAppOpening,breathingExercise,False,3,America/Chicago,1751659038.2917562,
facebook,openedApp,breathingExercise,False,3,America/Chicago,1751660598.0043368,Search Info
facebook,openedApp,breathingExercise,False,3,America/Chicago,1751662626.991829,Search Info
facebook,openedApp,breathingExercise,False,3,America/Chicago,1751663370.2876348,Stay In the Loop
facebook,openedApp,breathingExercise,False,3,America/Chicago,1751664708.0211601,Entertainment
facebook,openedApp,breathingExercise,False,3,America/Chicago,1751665239.235053,Entertainment
facebook,dismissedAppOpening,breathingExercise,False,3,America/Chicago,1751666128.1182961,
facebook,openedApp,breathingExercise,False,3,America/Chicago,1751666322.020689,Escape / Avoid
facebook,openedApp,breathingExercise,False,3,America/Chicago,1751666677.851516,Escape / Avoid
facebook,dismissedAppOpening,breathingExercise,False,3,America/Chicago,1751667538.508875,
facebook,openedApp,breathingExercise,False,3,America/Chicago,1751668967.70067,Escape / Avoid
facebook,dismissedAppOpening,breathingExercise,False,3,America/Chicago,1751669926.31427,
amazon,openedApp,breathingExercise,False,3,America/Chicago,1751671010.849834,Search Info
gmail,openedApp,breathingExercise,False,3,America/Chicago,1751674242.79994,Search Info
facebook,openedApp,breathingExercise,False,3,America/Chicago,1751679744.8474789,Stay In the Loop
facebook,openedApp,breathingExercise,False,3,America/Chicago,1751680470.785681,Escape / Avoid
facebook,dismissedAppOpening,breathingExercise,False,3,America/Chicago,1751681586.1509929,
facebook,openedApp,breathingExercise,False,3,America/Chicago,1751683240.979093,Escape / Avoid
facebook,dismissedAppOpening,breathingExercise,False,3,America/Chicago,1751683443.1308842,
youtube,openedApp,breathingExercise,False,3,America/Chicago,1751683463.7243629,Entertainment
youtube,openedApp,breathingExercise,False,3,America/Chicago,1751691298.305684,Search Info
facebook,openedApp,breathingExercise,False,3,America/Chicago,1751691948.451952,Bored
facebook,openedApp,breathingExercise,False,3,America/Chicago,1751701232.70349,Toilet
gmail,dismissedAppOpening,breathingExercise,False,3,America/Chicago,1751726478.014919,
facebook,openedApp,breathingExercise,False,3,America/Chicago,1751726497.9531898,Stay In the Loop
gmail,dismissedAppOpening,breathingExercise,False,3,America/Chicago,1751730969.6787848,
gmail,dismissedAppOpening,breathingExercise,False,3,America/Chicago,1751731254.089994,
facebook,openedApp,breathingExercise,False,3,America/Chicago,1751737384.859503,Search Info
facebook,dismissedAppOpening,breathingExercise,False,3,America/Chicago,1751739254.047151,
facebook,openedApp,breathingExercise,False,3,America/Chicago,1751739352.1091251,Search Info
facebook,dismissedAppOpening,breathingExercise,False,3,America/Chicago,1751739845.429173,
facebook,openedApp,breathingExercise,False,3,America/Chicago,1751743378.289435,Escape / Avoid
amazon,openedApp,breathingExercise,False,3,America/Chicago,1751758043.349022,Search Info
amazon,openedApp,breathingExercise,False,3,America/Chicago,1751759379.1899529,Search Info
facebook,openedApp,breathingExercise,False,3,America/Chicago,1751759600.817729,Bored
facebook,openedApp,breathingExercise,False,3,America/Chicago,1751769395.110816,Entertainment
facebook,dismissedAppOpening,breathingExercise,False,3,America/Chicago,1751771908.668789,
facebook,openedApp,breathingExercise,False,3,America/Chicago,1751771924.966717,Search Info
gmail,dismissedAppOpening,breathingExercise,False,3,America/Chicago,1751776117.267129,
gmail,dismissedAppOpening,breathingExercise,False,3,America/Chicago,1751776147.007368,
gmail,openedApp,breathingExercise,False,3,America/Chicago,1751776168.21835,Toilet
gmail,openedApp,breathingExercise,False,3,America/Chicago,1751776497.693486,Toilet
facebook,dismissedAppOpening,breathingExercise,False,3,America/Chicago,1751776749.1303,
gmail,dismissedAppOpening,breathingExercise,False,3,America/Chicago,1751800457.361178,
facebook,openedApp,breathingExercise,False,3,America/Chicago,1751800480.971858,Stay In the Loop
gmail,dismissedAppOpening,breathingExercise,False,3,America/Chicago,1751817854.717109,
gmail,openedApp,breathingExercise,False,3,America/Chicago,1751818101.750486,Message
gmail,openedApp,breathingExercise,False,3,America/Chicago,1751818350.264968,Message
facebook,openedApp,breathingExercise,False,3,America/Chicago,1751818395.630676,Escape / Avoid
amazon,openedApp,breathingExercise,False,3,America/Chicago,1751818665.695353,Message
amazon,openedApp,breathingExercise,False,3,America/Chicago,1751818865.8479428,Entertainment
facebook,openedApp,breathingExercise,False,3,America/Chicago,1751818892.8581,Entertainment
facebook,dismissedAppOpening,breathingExercise,False,3,America/Chicago,1751819141.230198,
facebook,openedApp,breathingExercise,False,3,America/Chicago,1751819158.866143,Entertainment
facebook,dismissedAppOpening,breathingExercise,False,3,America/Chicago,1751819471.53478,
facebook,openedApp,breathingExercise,False,3,America/Chicago,1751824791.712914,Search Info
gmail,openedApp,breathingExercise,False,3,America/Chicago,1751826430.346452,Message
amazon,openedApp,breathingExercise,False,3,America/Chicago,1751828054.739153,Search Info
facebook,dismissedAppOpening,breathingExercise,False,3,America/Chicago,1751828297.69808,
facebook,openedApp,breathingExercise,False,3,America/Chicago,1751833064.347599,Stay In the Loop
gmail,dismissedAppOpening,breathingExercise,False,3,America/Chicago,1751835555.701433,
gmail,openedApp,breathingExercise,False,3,America/Chicago,1751857627.048075,Search Info
facebook,openedApp,breathingExercise,False,3,America/Chicago,1751857686.156209,Stay In the Loop
facebook,dismissedAppOpening,breathingExercise,False,3,America/Chicago,1751859917.626831,
facebook,openedApp,breathingExercise,False,3,America/Chicago,1751860120.654704,Stay In the Loop
amazon,openedApp,breathingExercise,False,3,America/Chicago,1751864700.401815,Toilet
amazon,openedApp,breathingExercise,False,3,America/Chicago,1751865479.4874659,Toilet
gmail,openedApp,breathingExercise,False,3,America/Chicago,1751898437.453145,Message
gmail,openedApp,breathingExercise,False,3,America/Chicago,1751899725.997733,Toilet
gmail,openedApp,breathingExercise,False,3,America/Chicago,1751907213.869431,Message
facebook,openedApp,breathingExercise,False,3,America/Chicago,1751922817.340246,Stay In the Loop
gmail,openedApp,breathingExercise,False,3,America/Chicago,1751935352.0325298,Message
gmail,openedApp,breathingExercise,False,3,America/Chicago,1751936167.878155,Message
gmail,dismissedAppOpening,breathingExercise,False,3,America/Chicago,1751936390.087904,
gmail,openedApp,breathingExercise,False,3,America/Chicago,1751936401.444525,Message
facebook,openedApp,breathingExercise,False,3,America/Chicago,1751936610.637084,Stay In the Loop
facebook,openedApp,breathingExercise,False,3,America/Chicago,1751936945.930242,Message
gmail,dismissedAppOpening,breathingExercise,False,3,America/Chicago,1751937141.95606,
facebook,dismissedAppOpening,breathingExercise,False,3,America/Chicago,1751937189.2227712,
gmail,openedApp,breathingExercise,False,3,America/Chicago,1751943233.691843,Stay In the Loop
facebook,openedApp,breathingExercise,False,3,America/Chicago,1751948552.974849,Message
facebook,openedApp,breathingExercise,False,3,America/Chicago,1751949663.716834,Stay In the Loop
facebook,openedApp,breathingExercise,False,3,America/Chicago,1751952110.416296,Search Info
facebook,openedApp,breathingExercise,False,3,America/Chicago,1751952319.23627,Stay In the Loop
facebook,openedApp,breathingExercise,False,3,America/Chicago,1751953696.7987208,Escape / Avoid
facebook,openedApp,breathingExercise,False,3,America/Chicago,1751954019.573347,Search Info
facebook,openedApp,breathingExercise,False,3,America/Chicago,1751954422.850851,Escape / Avoid
facebook,dismissedAppOpening,breathingExercise,False,3,America/Chicago,1751954940.717639,
gmail,openedApp,breathingExercise,False,3,America/Chicago,1751976270.534322,Message
facebook,openedApp,breathingExercise,False,3,America/Chicago,1751976396.98799,Stay In the Loop
youtube,openedApp,breathingExercise,False,3,America/Chicago,1751976676.773808,Stay In the Loop
facebook,openedApp,breathingExercise,False,3,America/Chicago,1751976708.459117,Stay In the Loop
facebook,dismissedAppOpening,breathingExercise,False,3,America/Chicago,1751977191.29921,
gmail,openedApp,breathingExercise,False,3,America/Chicago,1751977244.314894,Message
gmail,dismissedAppOpening,breathingExercise,False,3,America/Chicago,1751979770.914095,
facebook,dismissedAppOpening,breathingExercise,False,3,America/Chicago,1751979818.860606,
facebook,openedApp,breathingExercise,False,3,America/Chicago,1751979857.019592,Escape / Avoid
gmail,openedApp,breathingExercise,False,3,America/Chicago,1751992456.861311,Message
facebook,openedApp,breathingExercise,False,3,America/Chicago,1751992480.938714,Message
gmail,openedApp,breathingExercise,False,3,America/Chicago,1751998162.779043,Stay In the Loop
gmail,openedApp,breathingExercise,False,3,America/Chicago,1752003188.0233269,Stay In the Loop
gmail,openedApp,breathingExercise,False,3,America/Chicago,1752003421.640101,Message
gmail,openedApp,breathingExercise,False,3,America/Chicago,1752003740.1092548,Message
gmail,dismissedAppOpening,breathingExercise,False,3,America/Chicago,1752006611.794629,
facebook,openedApp,breathingExercise,False,3,America/Chicago,1752008457.2245212,Message
amazon,openedApp,breathingExercise,False,3,America/Chicago,1752017616.063652,Search Info
gmail,dismissedAppOpening,breathingExercise,False,3,America/Chicago,1752018321.6955419,
gmail,openedApp,breathingExercise,False,3,America/Chicago,1752018678.422422,Message
facebook,openedApp,breathingExercise,False,3,America/Chicago,1752018772.115796,Message
facebook,dismissedAppOpening,breathingExercise,False,3,America/Chicago,1752025921.598686,
facebook,openedApp,breathingExercise,False,3,America/Chicago,1752025986.9516258,Stay In the Loop
amazon,openedApp,breathingExercise,False,3,America/Chicago,1752028882.189657,Search Info
amazon,openedApp,breathingExercise,False,3,America/Chicago,1752029102.153337,Search Info
facebook,openedApp,breathingExercise,False,3,America/Chicago,1752031855.3041692,Stay In the Loop
facebook,dismissedAppOpening,breathingExercise,False,3,America/Chicago,1752032303.7348142,
gmail,openedApp,breathingExercise,False,3,America/Chicago,1752032515.180573,Message
gmail,openedApp,breathingExercise,False,3,America/Chicago,1752032961.3400211,Search Info
facebook,dismissedAppOpening,breathingExercise,False,3,America/Chicago,1752033681.052929,
gmail,openedApp,breathingExercise,False,3,America/Chicago,1752036790.846253,Search Info
facebook,dismissedAppOpening,breathingExercise,False,3,America/Chicago,1752036984.110198,
facebook,openedApp,breathingExercise,False,3,America/Chicago,1752036997.232041,Search Info
facebook,openedApp,breathingExercise,False,3,America/Chicago,1752037834.3228989,Escape / Avoid
facebook,openedApp,breathingExercise,False,3,America/Chicago,1752038276.813308,Search Info
facebook,openedApp,breathingExercise,False,3,America/Chicago,1752038515.402103,Search Info
facebook,dismissedAppOpening,breathingExercise,False,3,America/Chicago,1752038880.200861,
gmail,dismissedAppOpening,breathingExercise,False,3,America/Chicago,1752040110.434411,
gmail,dismissedAppOpening,breathingExercise,False,3,America/Chicago,1752040137.9546561,
gmail,dismissedAppOpening,breathingExercise,False,3,America/Chicago,1752040184.012484,
facebook,openedApp,breathingExercise,False,3,America/Chicago,1752040218.118391,Entertainment
amazon,openedApp,breathingExercise,False,3,America/Chicago,1752040350.249443,Search Info
amazon,openedApp,breathingExercise,False,3,America/Chicago,1752042714.897215,Search Info
gmail,dismissedAppOpening,breathingExercise,False,3,America/Chicago,1752043129.004339,
gmail,openedApp,breathingExercise,False,3,America/Chicago,1752061169.902636,Stay In the Loop
amazon,dismissedAppOpening,breathingExercise,False,3,America/Chicago,1752061250.105381,
amazon,dismissedAppOpening,breathingExercise,False,3,America/Chicago,1752061254.965077,
gmail,openedApp,breathingExercise,False,3,America/Chicago,1752061455.585135,Search Info
gmail,openedApp,breathingExercise,False,3,America/Chicago,1752061791.605696,Search Info
facebook,openedApp,breathingExercise,False,3,America/Chicago,1752062120.5385308,Search Info
gmail,dismissedAppOpening,breathingExercise,False,3,America/Chicago,1752068988.16531,
gmail,openedApp,breathingExercise,False,3,America/Chicago,1752069002.538128,Message
facebook,dismissedAppOpening,breathingExercise,False,3,America/Chicago,1752074579.103981,
facebook,openedApp,breathingExercise,False,3,America/Chicago,1752074761.561841,Stay In the Loop
gmail,openedApp,breathingExercise,False,3,America/Chicago,1752081650.363229,Message
gmail,dismissedAppOpening,breathingExercise,False,3,America/Chicago,1752083097.493587,
gmail,dismissedAppOpening,breathingExercise,False,3,America/Chicago,1752083101.7982779,
gmail,openedApp,breathingExercise,False,3,America/Chicago,1752083403.152724,Search Info
amazon,dismissedAppOpening,breathingExercise,False,3,America/Chicago,1752083817.805939,
gmail,openedApp,breathingExercise,False,3,America/Chicago,1752083847.087961,Search Info
amazon,openedApp,breathingExercise,False,3,America/Chicago,1752083900.1377668,Search Info
gmail,openedApp,breathingExercise,False,3,America/Chicago,1752088091.502744,Stay In the Loop
gmail,dismissedAppOpening,breathingExercise,False,3,America/Chicago,1752088510.3807821,
gmail,openedApp,breathingExercise,False,3,America/Chicago,1752088897.592844,Stay In the Loop
facebook,openedApp,breathingExercise,False,3,America/Chicago,1752088963.713797,Stay In the Loop
gmail,openedApp,breathingExercise,False,3,America/Chicago,1752096695.6729798,Stay In the Loop
facebook,openedApp,breathingExercise,False,3,America/Chicago,1752096748.121107,Search Info
youtube,openedApp,breathingExercise,False,3,America/Chicago,1752097559.650773,Stay In the Loop
facebook,dismissedAppOpening,breathingExercise,False,3,America/Chicago,1752097833.4672399,
facebook,openedApp,breathingExercise,False,3,America/Chicago,1752097990.757783,Stay In the Loop
gmail,dismissedAppOpening,breathingExercise,False,3,America/Chicago,1752098022.340816,
gmail,dismissedAppOpening,breathingExercise,False,3,America/Chicago,1752099102.673099,
youtube,openedApp,breathingExercise,False,3,America/Chicago,1752099126.091444,Entertainment
facebook,dismissedAppOpening,breathingExercise,False,3,America/Chicago,1752099813.403945,
facebook,openedApp,breathingExercise,False,3,America/Chicago,1752102971.356721,Stay In the Loop
gmail,openedApp,breathingExercise,False,3,America/Chicago,1752116120.997929,Stay In the Loop
facebook,openedApp,breathingExercise,False,3,America/Chicago,1752116147.2012072,Stay In the Loop
facebook,openedApp,breathingExercise,False,3,America/Chicago,1752117342.8768291,Stay In the Loop
facebook,openedApp,breathingExercise,False,3,America/Chicago,1752118122.023073,Stay In the Loop
amazon,openedApp,breathingExercise,False,3,America/Chicago,1752118332.56896,Stay In the Loop
amazon,openedApp,breathingExercise,False,3,America/Chicago,1752118690.066469,Search Info
amazon,openedApp,breathingExercise,False,3,America/Chicago,1752119686.7390552,Stay In the Loop
facebook,openedApp,breathingExercise,False,3,America/Chicago,1752121991.380015,Stay In the Loop
facebook,openedApp,breathingExercise,False,3,America/Chicago,1752122192.8776178,Search Info
facebook,dismissedAppOpening,breathingExercise,False,3,America/Chicago,1752122535.5802522,
facebook,openedApp,breathingExercise,False,3,America/Chicago,1752123353.354384,Stay In the Loop
gmail,openedApp,breathingExercise,False,3,America/Chicago,1752166333.425659,Stay In the Loop
gmail,openedApp,breathingExercise,False,3,America/Chicago,1752171885.705833,Message
facebook,dismissedAppOpening,breathingExercise,False,3,America/Chicago,1752171937.8622599,
facebook,dismissedAppOpening,breathingExercise,False,3,America/Chicago,1752175719.261368,
facebook,openedApp,breathingExercise,False,3,America/Chicago,1752175737.152401,Stay In the Loop
amazon,openedApp,breathingExercise,False,3,America/Chicago,1752176053.2444081,Search Info
gmail,dismissedAppOpening,breathingExercise,False,3,America/Chicago,1752177287.8897061,
gmail,dismissedAppOpening,breathingExercise,False,3,America/Chicago,1752177292.3535938,
gmail,dismissedAppOpening,breathingExercise,False,3,America/Chicago,1752179824.328052,
gmail,openedApp,breathingExercise,False,3,America/Chicago,1752183386.654553,Stay In the Loop
gmail,openedApp,breathingExercise,False,3,America/Chicago,1752191094.8441029,Message
facebook,openedApp,breathingExercise,False,3,America/Chicago,1752191141.336465,Stay In the Loop
gmail,dismissedAppOpening,breathingExercise,False,3,America/Chicago,1752192159.260411,
gmail,dismissedAppOpening,breathingExercise,False,3,America/Chicago,1752201574.9085531,
gmail,dismissedAppOpening,breathingExercise,False,3,America/Chicago,1752208226.952532,
facebook,openedApp,breathingExercise,False,3,America/Chicago,1752208792.326622,Stay In the Loop
facebook,openedApp,breathingExercise,False,3,America/Chicago,1752210087.861368,Stay In the Loop
gmail,openedApp,breathingExercise,False,3,America/Chicago,1752236213.732943,Message
gmail,openedApp,breathingExercise,False,3,America/Chicago,1752236455.988816,Message
facebook,dismissedAppOpening,breathingExercise,False,3,America/Chicago,1752237077.17068,
facebook,openedApp,breathingExercise,False,3,America/Chicago,1752237089.445897,Message
facebook,openedApp,breathingExercise,False,3,America/Chicago,1752237313.892044,Stay In the Loop
gmail,openedApp,breathingExercise,False,3,America/Chicago,1752238398.113303,Message
facebook,dismissedAppOpening,breathingExercise,False,3,America/Chicago,1752238438.759942,
facebook,openedApp,breathingExercise,False,3,America/Chicago,1752244886.412508,Stay In the Loop
gmail,openedApp,breathingExercise,False,3,America/Chicago,1752247817.042681,Stay In the Loop
facebook,openedApp,breathingExercise,False,3,America/Chicago,1752247884.087349,Message
facebook,dismissedAppOpening,breathingExercise,False,3,America/Chicago,1752248070.697453,
facebook,dismissedAppOpening,breathingExercise,False,3,America/Chicago,1752248073.673522,
facebook,openedApp,breathingExercise,False,3,America/Chicago,1752248129.405227,Post something
amazon,dismissedAppOpening,breathingExercise,False,3,America/Chicago,1752248962.092393,
amazon,openedApp,breathingExercise,False,3,America/Chicago,1752248972.834396,Stay In the Loop
gmail,dismissedAppOpening,breathingExercise,False,3,America/Chicago,1752250947.695735,
gmail,openedApp,breathingExercise,False,3,America/Chicago,1752251978.2381248,Stay In the Loop
gmail,dismissedAppOpening,breathingExercise,False,3,America/Chicago,1752253365.173691,
facebook,openedApp,breathingExercise,False,3,America/Chicago,1752253394.18838,Stay In the Loop
facebook,openedApp,breathingExercise,False,3,America/Chicago,1752257473.164929,Message
facebook,dismissedAppOpening,breathingExercise,False,3,America/Chicago,1752260291.315414,
gmail,openedApp,breathingExercise,False,3,America/Chicago,1752267635.671123,Message
facebook,openedApp,breathingExercise,False,3,America/Chicago,1752267742.422725,Stay In the Loop
facebook,dismissedAppOpening,breathingExercise,False,3,America/Chicago,1752270320.849827,
gmail,openedApp,breathingExercise,False,3,America/Chicago,1752279785.065871,Message
facebook,openedApp,breathingExercise,False,3,America/Chicago,1752279809.036325,Message
youtube,openedApp,breathingExercise,False,3,America/Chicago,1752280461.6631951,Stay In the Loop
facebook,dismissedAppOpening,breathingExercise,False,3,America/Chicago,1752290245.8274531,
facebook,dismissedAppOpening,breathingExercise,False,3,America/Chicago,1752290251.709019,
gmail,dismissedAppOpening,breathingExercise,False,3,America/Chicago,1752290322.9681349,
gmail,openedApp,breathingExercise,False,3,America/Chicago,1752291244.322191,Message
facebook,openedApp,breathingExercise,False,3,America/Chicago,1752291328.2401052,Message
gmail,openedApp,breathingExercise,False,3,America/Chicago,1752294646.5032911,Stay In the Loop
gmail,openedApp,breathingExercise,False,3,America/Chicago,1752294853.232513,Stay In the Loop
gmail,openedApp,breathingExercise,False,3,America/Chicago,1752295049.29252,Stay In the Loop
facebook,openedApp,breathingExercise,False,3,America/Chicago,1752295577.704643,Stay In the Loop
facebook,openedApp,breathingExercise,False,3,America/Chicago,1752296150.302884,Escape / Avoid
facebook,openedApp,breathingExercise,False,3,America/Chicago,1752297939.03937,Stay In the Loop
gmail,openedApp,breathingExercise,False,3,America/Chicago,1752300141.56513,Message
facebook,openedApp,breathingExercise,False,3,America/Chicago,1752305361.4623551,Message
youtube,openedApp,breathingExercise,False,3,America/Chicago,1752305465.51027,Message
amazon,dismissedAppOpening,breathingExercise,False,3,America/Chicago,1752306276.891835,
amazon,openedApp,breathingExercise,False,3,America/Chicago,1752306294.987093,Stay In the Loop
facebook,openedApp,breathingExercise,False,3,America/Chicago,1752332427.799001,Stay In the Loop
facebook,openedApp,breathingExercise,False,3,America/Chicago,1752340612.336237,Stay In the Loop
facebook,openedApp,breathingExercise,False,3,America/Chicago,1752340929.143777,Stay In the Loop
youtube,openedApp,breathingExercise,False,3,America/Chicago,1752341315.0403209,Stay In the Loop
youtube,openedApp,breathingExercise,False,3,America/Chicago,1752341755.089116,Entertainment
youtube,dismissedAppOpening,breathingExercise,False,3,America/Chicago,1752341982.810763,
youtube,openedApp,breathingExercise,False,3,America/Chicago,1752341998.5552058,Entertainment
youtube,openedApp,breathingExercise,False,3,America/Chicago,1752342665.015549,Stay In the Loop
gmail,openedApp,breathingExercise,False,3,America/Chicago,1752345998.190429,Stay In the Loop
facebook,openedApp,breathingExercise,False,3,America/Chicago,1752346173.2117429,Stay In the Loop
facebook,dismissedAppOpening,breathingExercise,False,3,America/Chicago,1752352160.456831,
youtube,openedApp,breathingExercise,False,3,America/Chicago,1752354030.983146,Search Info
youtube,dismissedAppOpening,breathingExercise,False,3,America/Chicago,1752354780.434451,
facebook,dismissedAppOpening,breathingExercise,False,3,America/Chicago,1752368409.418509,
gmail,openedApp,breathingExercise,False,3,America/Chicago,1752370469.509583,Stay In the Loop
facebook,openedApp,breathingExercise,False,3,America/Chicago,1752370546.712249,Stay In the Loop
facebook,openedApp,breathingExercise,False,3,America/Chicago,1752372732.3795,Stay In the Loop
facebook,dismissedAppOpening,breathingExercise,False,3,America/Chicago,1752373770.26517,
facebook,openedApp,breathingExercise,False,3,America/Chicago,1752373787.721991,Stay In the Loop
facebook,openedApp,breathingExercise,False,3,America/Chicago,1752373994.007772,Stay In the Loop
facebook,dismissedAppOpening,breathingExercise,False,3,America/Chicago,1752374373.489643,
facebook,dismissedAppOpening,breathingExercise,False,3,America/Chicago,1752374383.73975,
gmail,dismissedAppOpening,breathingExercise,False,3,America/Chicago,1752374388.212379,
gmail,dismissedAppOpening,breathingExercise,False,3,America/Chicago,1752374391.660564,
facebook,openedApp,breathingExercise,False,3,America/Chicago,1752377930.2867842,Stay In the Loop
amazon,openedApp,breathingExercise,False,3,America/Chicago,1752378345.0827541,Stay In the Loop
facebook,openedApp,breathingExercise,False,3,America/Chicago,1752385011.259314,Stay In the Loop
amazon,openedApp,breathingExercise,False,3,America/Chicago,1752388025.4930801,Search Info
amazon,openedApp,breathingExercise,False,3,America/Chicago,1752388781.288399,Stay In the Loop
facebook,openedApp,breathingExercise,False,3,America/Chicago,1752389181.818805,Search Info
gmail,dismissedAppOpening,breathingExercise,False,3,America/Chicago,1752391789.579073,
gmail,dismissedAppOpening,breathingExercise,False,3,America/Chicago,1752391795.213149,
gmail,dismissedAppOpening,breathingExercise,False,3,America/Chicago,1752391814.397403,
gmail,dismissedAppOpening,breathingExercise,False,3,America/Chicago,1752415265.782582,
facebook,openedApp,breathingExercise,False,3,America/Chicago,1752415300.488457,Stay In the Loop
gmail,openedApp,breathingExercise,False,3,America/Chicago,1752423278.512831,Search Info
facebook,openedApp,breathingExercise,False,3,America/Chicago,1752424925.883646,Stay In the Loop
gmail,dismissedAppOpening,breathingExercise,False,3,America/Chicago,1752424962.004397,
facebook,openedApp,breathingExercise,False,3,America/Chicago,1752426190.501158,Stay In the Loop
facebook,dismissedAppOpening,breathingExercise,False,3,America/Chicago,1752432331.44764,
facebook,openedApp,breathingExercise,False,3,America/Chicago,1752433386.887535,Stay In the Loop
gmail,openedApp,breathingExercise,False,3,America/Chicago,1752434407.403784,Stay In the Loop
gmail,dismissedAppOpening,breathingExercise,False,3,America/Chicago,1752435251.693262,
facebook,openedApp,breathingExercise,False,3,America/Chicago,1752437487.076181,Stay In the Loop
facebook,dismissedAppOpening,breathingExercise,False,3,America/Chicago,1752460263.902269,
facebook,openedApp,breathingExercise,False,3,America/Chicago,1752460273.5964742,Stay In the Loop
facebook,dismissedAppOpening,breathingExercise,False,3,America/Chicago,1752461533.8347712,
facebook,openedApp,breathingExercise,False,3,America/Chicago,1752463820.9579759,Message
amazon,openedApp,breathingExercise,False,3,America/Chicago,1752466630.28479,Message
amazon,dismissedAppOpening,breathingExercise,False,3,America/Chicago,1752467128.579428,
facebook,openedApp,breathingExercise,False,3,America/Chicago,1752467147.614997,Stay In the Loop
facebook,openedApp,breathingExercise,False,3,America/Chicago,1752467619.168865,Escape / Avoid
facebook,openedApp,breathingExercise,False,3,America/Chicago,1752469656.321498,Stay In the Loop
facebook,openedApp,breathingExercise,False,3,America/Chicago,1752475609.531347,Message
gmail,openedApp,breathingExercise,False,3,America/Chicago,1752493750.927109,Message
facebook,openedApp,breathingExercise,False,3,America/Chicago,1752493847.598741,Stay In the Loop
facebook,dismissedAppOpening,breathingExercise,False,3,America/Chicago,1752494152.240817,
gmail,dismissedAppOpening,breathingExercise,False,3,America/Chicago,1752494360.003166,
gmail,dismissedAppOpening,breathingExercise,False,3,America/Chicago,1752496623.669462,
gmail,dismissedAppOpening,breathingExercise,False,3,America/Chicago,1752496628.0603209,
gmail,dismissedAppOpening,breathingExercise,False,3,America/Chicago,1752497260.060971,
gmail,dismissedAppOpening,breathingExercise,False,3,America/Chicago,1752497345.876987,
amazon,openedApp,breathingExercise,False,3,America/Chicago,1752502289.0343661,Stay In the Loop
gmail,dismissedAppOpening,breathingExercise,False,3,America/Chicago,1752509219.426338,
gmail,dismissedAppOpening,breathingExercise,False,3,America/Chicago,1752509392.1029181,
youtube,openedApp,breathingExercise,False,3,America/Chicago,1752509417.92359,Entertainment
gmail,dismissedAppOpening,breathingExercise,False,3,America/Chicago,1752511881.747068,
gmail,openedApp,breathingExercise,False,3,America/Chicago,1752514145.586337,Stay In the Loop
gmail,dismissedAppOpening,breathingExercise,False,3,America/Chicago,1752518140.017467,
gmail,openedApp,breathingExercise,False,3,America/Chicago,1752520914.112634,Stay In the Loop
gmail,dismissedAppOpening,breathingExercise,False,3,America/Chicago,1752521558.5245671,
facebook,openedApp,breathingExercise,False,3,America/Chicago,1752521607.2219791,Message
facebook,openedApp,breathingExercise,False,3,America/Chicago,1752523266.260397,Message
gmail,openedApp,breathingExercise,False,3,America/Chicago,1752536733.545757,Search Info
gmail,openedApp,breathingExercise,False,3,America/Chicago,1752536980.6682081,Stay In the Loop
gmail,dismissedAppOpening,breathingExercise,False,3,America/Chicago,1752537408.057176,
gmail,openedApp,breathingExercise,False,3,America/Chicago,1752538600.754229,Search Info
gmail,dismissedAppOpening,breathingExercise,False,3,America/Chicago,1752540407.6365461,
gmail,openedApp,breathingExercise,False,3,America/Chicago,1752540482.148442,Search Info
gmail,dismissedAppOpening,breathingExercise,False,3,America/Chicago,1752541076.8095531,
facebook,openedApp,breathingExercise,False,3,America/Chicago,1752558232.0541239,Stay In the Loop
facebook,dismissedAppOpening,breathingExercise,False,3,America/Chicago,1752558978.748101,
facebook,openedApp,breathingExercise,False,3,America/Chicago,1752558990.006218,Stay In the Loop
facebook,openedApp,breathingExercise,False,3,America/Chicago,1752562060.0644011,Stay In the Loop
facebook,dismissedAppOpening,breathingExercise,False,3,America/Chicago,1752562610.4095612,
amazon,openedApp,breathingExercise,False,3,America/Chicago,1752590541.20327,Stay In the Loop
amazon,openedApp,breathingExercise,False,3,America/Chicago,1752590928.553848,Stay In the Loop
gmail,openedApp,breathingExercise,False,3,America/Chicago,1752594345.507464,Search Info
facebook,openedApp,breathingExercise,False,3,America/Chicago,1752596153.179671,Stay In the Loop
facebook,dismissedAppOpening,breathingExercise,False,3,America/Chicago,1752596427.450769,
gmail,dismissedAppOpening,breathingExercise,False,3,America/Chicago,1752597167.955801,
gmail,dismissedAppOpening,breathingExercise,False,3,America/Chicago,1752601909.285954,
gmail,openedApp,breathingExercise,False,3,America/Chicago,1752601922.041089,Stay In the Loop
facebook,openedApp,breathingExercise,False,3,America/Chicago,1752601958.383086,Stay In the Loop
amazon,openedApp,breathingExercise,False,3,America/Chicago,1752602000.786999,Stay In the Loop
facebook,openedApp,breathingExercise,False,3,America/Chicago,1752602163.9002972,Stay In the Loop
gmail,dismissedAppOpening,breathingExercise,False,3,America/Chicago,1752603559.71592,
gmail,dismissedAppOpening,breathingExercise,False,3,America/Chicago,1752610571.584244,
facebook,openedApp,breathingExercise,False,3,America/Chicago,1752610600.532614,Stay In the Loop
youtube,openedApp,breathingExercise,False,3,America/Chicago,1752610892.474973,Stay In the Loop
youtube,dismissedAppOpening,breathingExercise,False,3,America/Chicago,1752611095.309867,
youtube,openedApp,breathingExercise,False,3,America/Chicago,1752611119.870878,Entertainment
amazon,dismissedAppOpening,breathingExercise,False,3,America/Chicago,1752612191.336433,
facebook,openedApp,breathingExercise,False,3,America/Chicago,1752612412.122406,Entertainment
facebook,dismissedAppOpening,breathingExercise,False,3,America/Chicago,1752615314.6051369,
facebook,openedApp,breathingExercise,False,3,America/Chicago,1752615553.288745,Entertainment
facebook,openedApp,breathingExercise,False,3,America/Chicago,1752616093.100359,Entertainment
facebook,openedApp,breathingExercise,False,3,America/Chicago,1752616901.6695929,Entertainment
gmail,dismissedAppOpening,breathingExercise,False,3,America/Chicago,1752618094.150414,
facebook,dismissedAppOpening,breathingExercise,False,3,America/Chicago,1752618217.057569,
facebook,dismissedAppOpening,breathingExercise,False,3,America/Chicago,1752618474.4897652,
gmail,dismissedAppOpening,breathingExercise,False,3,America/Chicago,1752629962.369513,
facebook,openedApp,breathingExercise,False,3,America/Chicago,1752630785.451756,Stay In the Loop
facebook,openedApp,breathingExercise,False,3,America/Chicago,1752646722.878776,Entertainment
gmail,openedApp,breathingExercise,False,3,America/Chicago,1752679067.403133,Message
gmail,dismissedAppOpening,breathingExercise,False,3,America/Chicago,1752681573.256608,
facebook,openedApp,breathingExercise,False,3,America/Chicago,1752689016.1166492,Stay In the Loop
facebook,dismissedAppOpening,breathingExercise,False,3,America/Chicago,1752689348.5073051,
facebook,dismissedAppOpening,breathingExercise,False,3,America/Chicago,1752689363.737026,
gmail,openedApp,breathingExercise,False,3,America/Chicago,1752694508.954562,Message
facebook,openedApp,breathingExercise,False,3,America/Chicago,1752694688.0801082,Stay In the Loop
facebook,dismissedAppOpening,breathingExercise,False,3,America/Chicago,1752695939.331774,
facebook,dismissedAppOpening,breathingExercise,False,3,America/Chicago,1752695942.3208199,
gmail,openedApp,breathingExercise,False,3,America/Chicago,1752701301.105672,Stay In the Loop
facebook,dismissedAppOpening,breathingExercise,False,3,America/Chicago,1752705873.438023,
facebook,openedApp,breathingExercise,False,3,America/Chicago,1752705888.1361542,Stay In the Loop
facebook,openedApp,breathingExercise,False,3,America/Chicago,1752706145.043991,Search Info
amazon,openedApp,breathingExercise,False,3,America/Chicago,1752709440.983187,Search Info
facebook,dismissedAppOpening,breathingExercise,False,6,America/Chicago,1752717946.586596,
facebook,openedApp,breathingExercise,False,6,America/Chicago,1752726404.5165029,Stay In the Loop
facebook,openedApp,breathingExercise,False,6,America/Chicago,1752726653.955792,Message
gmail,openedApp,breathingExercise,False,6,America/Chicago,1752726707.3113952,Stay In the Loop
facebook,openedApp,breathingExercise,False,6,America/Chicago,1752733239.566074,Stay In the Loop
gmail,openedApp,breathingExercise,False,6,America/Chicago,1752735468.269429,Stay In the Loop
facebook,openedApp,breathingExercise,False,6,America/Chicago,1752735495.4718962,Message
facebook,openedApp,breathingExercise,False,6,America/Chicago,1752753358.55989,Stay In the Loop
gmail,openedApp,breathingExercise,False,6,America/Chicago,1752760684.359849,Message
facebook,dismissedAppOpening,breathingExercise,False,6,America/Chicago,1752777721.7767282,
amazon,openedApp,breathingExercise,False,6,America/Chicago,1752785090.1756911,Search Info
facebook,openedApp,breathingExercise,False,6,America/Chicago,1752785423.736401,Stay In the Loop
amazon,openedApp,breathingExercise,False,6,America/Chicago,1752787205.153534,Search Info
facebook,openedApp,breathingExercise,False,6,America/Chicago,1752789225.051394,Message
facebook,openedApp,breathingExercise,False,6,America/Chicago,1752793988.336636,Stay In the Loop
gmail,openedApp,breathingExercise,False,6,America/Chicago,1752794219.6953259,Message
facebook,dismissedAppOpening,breathingExercise,False,6,America/Chicago,1752797267.572102,
amazon,openedApp,breathingExercise,False,6,America/Chicago,1752797293.236681,Stay In the Loop
facebook,openedApp,breathingExercise,False,6,America/Chicago,1752798211.707055,Stay In the Loop
facebook,dismissedAppOpening,breathingExercise,False,6,America/Chicago,1752799449.403142,
facebook,openedApp,breathingExercise,False,6,America/Chicago,1752799467.5571132,Stay In the Loop
gmail,dismissedAppOpening,breathingExercise,False,6,America/Chicago,1752802274.607044,
amazon,openedApp,breathingExercise,False,6,America/Chicago,1752802954.0087938,Stay In the Loop
amazon,openedApp,breathingExercise,False,6,America/Chicago,1752803586.075718,Stay In the Loop
facebook,dismissedAppOpening,breathingExercise,False,6,America/Chicago,1752804087.220885,
gmail,dismissedAppOpening,breathingExercise,False,6,America/Chicago,1752804095.3276849,
gmail,dismissedAppOpening,breathingExercise,False,6,America/Chicago,1752806487.467164,
gmail,dismissedAppOpening,breathingExercise,False,6,America/Chicago,1752806629.857479,
youtube,openedApp,breathingExercise,False,6,America/Chicago,1752807435.081315,Search Info
facebook,openedApp,breathingExercise,False,6,America/Chicago,1752816909.4387798,Stay In the Loop
facebook,openedApp,breathingExercise,False,6,America/Chicago,1752835492.53826,Stay In the Loop
facebook,dismissedAppOpening,breathingExercise,False,6,America/Chicago,1752839143.576282,
gmail,openedApp,breathingExercise,False,6,America/Chicago,1752839168.663003,Stay In the Loop
facebook,openedApp,breathingExercise,False,6,America/Chicago,1752839373.2693582,Stay In the Loop
facebook,dismissedAppOpening,breathingExercise,False,6,America/Chicago,1752847877.315831,
facebook,openedApp,breathingExercise,False,6,America/Chicago,1752848135.030538,Stay In the Loop
facebook,openedApp,breathingExercise,False,6,America/Chicago,1752849404.368854,Stay In the Loop
facebook,openedApp,breathingExercise,False,6,America/Chicago,1752849821.302309,Stay In the Loop
facebook,dismissedAppOpening,breathingExercise,False,6,America/Chicago,1752855441.047286,
facebook,openedApp,breathingExercise,False,6,America/Chicago,1752855464.944995,Search Info
facebook,openedApp,breathingExercise,False,6,America/Chicago,1752855777.338365,Stay In the Loop
gmail,openedApp,breathingExercise,False,6,America/Chicago,1752856690.552713,Search Info
facebook,openedApp,breathingExercise,False,6,America/Chicago,1752867197.812397,Search Info
gmail,openedApp,breathingExercise,False,6,America/Chicago,1752867286.600636,Search Info
facebook,openedApp,breathingExercise,False,6,America/Chicago,1752875958.358263,Message
facebook,dismissedAppOpening,breathingExercise,False,6,America/Chicago,1752876668.67446,
facebook,openedApp,breathingExercise,False,6,America/Chicago,1752883423.9143538,Stay In the Loop
facebook,dismissedAppOpening,breathingExercise,False,6,America/Chicago,1752883728.6147342,
gmail,openedApp,breathingExercise,False,6,America/Chicago,1752884033.567181,Message
gmail,openedApp,breathingExercise,False,6,America/Chicago,1752884801.740869,Search Info
facebook,dismissedAppOpening,breathingExercise,False,6,America/Chicago,1752892501.0975718,
facebook,openedApp,breathingExercise,False,6,America/Chicago,1752892558.9325628,Stay In the Loop
facebook,openedApp,breathingExercise,False,6,America/Chicago,1752893324.1912751,Entertainment
facebook,openedApp,breathingExercise,False,6,America/Chicago,1752893818.21346,Escape / Avoid
facebook,openedApp,breathingExercise,False,6,America/Chicago,1752896422.6225529,Entertainment
amazon,openedApp,breathingExercise,False,6,America/Chicago,1752899090.562615,Search Info
gmail,openedApp,breathingExercise,False,6,America/Chicago,1752902318.68134,Message
facebook,openedApp,breathingExercise,False,6,America/Chicago,1752902368.6774979,Message
gmail,openedApp,breathingExercise,False,6,America/Chicago,1752902976.244988,Escape / Avoid
gmail,openedApp,breathingExercise,False,6,America/Chicago,1752925273.2870579,Message
gmail,dismissedAppOpening,breathingExercise,False,6,America/Chicago,1752925678.766226,
facebook,openedApp,breathingExercise,False,6,America/Chicago,1752925719.146714,Stay In the Loop
facebook,dismissedAppOpening,breathingExercise,False,6,America/Chicago,1752927089.268327,
facebook,dismissedAppOpening,breathingExercise,False,6,America/Chicago,1752932403.789423,
gmail,dismissedAppOpening,breathingExercise,False,6,America/Chicago,1752932407.453421,
gmail,openedApp,breathingExercise,False,6,America/Chicago,1752932432.715036,Stay In the Loop
amazon,dismissedAppOpening,breathingExercise,False,6,America/Chicago,1752932454.1493049,
amazon,openedApp,breathingExercise,False,6,America/Chicago,1752946930.912956,Search Info
amazon,dismissedAppOpening,breathingExercise,False,6,America/Chicago,1752947281.365665,
facebook,openedApp,breathingExercise,False,6,America/Chicago,1752962267.324013,Search Info
gmail,openedApp,breathingExercise,False,6,America/Chicago,1752978060.832655,Stay In the Loop
gmail,dismissedAppOpening,breathingExercise,False,6,America/Chicago,1752978447.752209,
facebook,openedApp,breathingExercise,False,6,America/Chicago,1752978477.0022411,Stay In the Loop
facebook,dismissedAppOpening,breathingExercise,False,6,America/Chicago,1752979890.6094608,
amazon,openedApp,breathingExercise,False,6,America/Chicago,1752979915.871378,Search Info
amazon,openedApp,breathingExercise,False,6,America/Chicago,1752980246.074668,Search Info
amazon,dismissedAppOpening,breathingExercise,False,6,America/Chicago,1752981120.224932,
amazon,openedApp,breathingExercise,False,6,America/Chicago,1752981144.761404,Search Info
facebook,openedApp,breathingExercise,False,6,America/Chicago,1752988448.028308,Stay In the Loop
gmail,openedApp,breathingExercise,False,6,America/Chicago,1752991419.231751,Search Info
facebook,dismissedAppOpening,breathingExercise,False,6,America/Chicago,1752996103.715765,
facebook,dismissedAppOpening,breathingExercise,False,6,America/Chicago,1752996114.826119,
amazon,openedApp,breathingExercise,False,6,America/Chicago,1752996773.509882,Search Info
facebook,openedApp,breathingExercise,False,6,America/Chicago,1752997228.323299,Stay In the Loop
facebook,dismissedAppOpening,breathingExercise,False,6,America/Chicago,1752998758.767257,
gmail,dismissedAppOpening,breathingExercise,False,6,America/Chicago,1752999083.712539,
gmail,dismissedAppOpening,breathingExercise,False,6,America/Chicago,1752999088.265867,
facebook,openedApp,breathingExercise,False,6,America/Chicago,1753023988.652947,Message
facebook,openedApp,breathingExercise,False,6,America/Chicago,1753024210.98849,Message
facebook,dismissedAppOpening,breathingExercise,False,6,America/Chicago,1753026458.606653,
facebook,openedApp,breathingExercise,False,6,America/Chicago,1753026779.1356292,Search Info
gmail,dismissedAppOpening,breathingExercise,False,6,America/Chicago,1753026903.933316,
facebook,openedApp,breathingExercise,False,6,America/Chicago,1753027855.055021,Stay In the Loop
gmail,openedApp,breathingExercise,False,6,America/Chicago,1753028134.18099,Message
facebook,openedApp,breathingExercise,False,6,America/Chicago,1753028511.48706,Search Info
facebook,openedApp,breathingExercise,False,6,America/Chicago,1753033457.0358028,Stay In the Loop
gmail,openedApp,breathingExercise,False,6,America/Chicago,1753037435.309377,Stay In the Loop
facebook,openedApp,breathingExercise,False,6,America/Chicago,1753037761.573176,Stay In the Loop
facebook,dismissedAppOpening,breathingExercise,False,6,America/Chicago,1753039065.095026,
gmail,openedApp,breathingExercise,False,6,America/Chicago,1753044361.509231,Escape / Avoid
facebook,openedApp,breathingExercise,False,6,America/Chicago,1753049554.312458,Escape / Avoid
facebook,dismissedAppOpening,breathingExercise,False,6,America/Chicago,1753052052.0347152,
facebook,openedApp,breathingExercise,False,6,America/Chicago,1753058662.6206942,Stay In the Loop
amazon,openedApp,breathingExercise,False,6,America/Chicago,1753059152.448516,Search Info
gmail,openedApp,breathingExercise,False,6,America/Chicago,1753059343.7084742,Stay In the Loop
amazon,openedApp,breathingExercise,False,6,America/Chicago,1753059579.5663939,Escape / Avoid
facebook,openedApp,breathingExercise,False,6,America/Chicago,1753064179.456347,Stay In the Loop
amazon,openedApp,breathingExercise,False,6,America/Chicago,1753064501.3361359,Stay In the Loop
facebook,dismissedAppOpening,breathingExercise,False,6,America/Chicago,1753064690.4221659,
amazon,openedApp,breathingExercise,False,6,America/Chicago,1753065408.4531,Search Info
facebook,dismissedAppOpening,breathingExercise,False,6,America/Chicago,1753071105.791829,
facebook,dismissedAppOpening,breathingExercise,False,6,America/Chicago,1753072747.055157,
facebook,openedApp,breathingExercise,False,6,America/Chicago,1753072792.99526,Stay In the Loop
facebook,dismissedAppOpening,breathingExercise,False,6,America/Chicago,1753073965.7501879,
facebook,openedApp,breathingExercise,False,6,America/Chicago,1753073987.934527,Stay In the Loop
facebook,openedApp,breathingExercise,False,6,America/Chicago,1753074632.6186628,Entertainment
facebook,openedApp,breathingExercise,False,6,America/Chicago,1753103714.220362,Search Info
gmail,openedApp,breathingExercise,False,6,America/Chicago,1753104937.618526,Search Info
amazon,openedApp,breathingExercise,False,6,America/Chicago,1753104995.235845,Search Info
amazon,dismissedAppOpening,breathingExercise,False,6,America/Chicago,1753108107.5473108,
gmail,dismissedAppOpening,breathingExercise,False,6,America/Chicago,1753108112.293384,
facebook,openedApp,breathingExercise,False,6,America/Chicago,1753108236.448345,Search Info
facebook,dismissedAppOpening,breathingExercise,False,6,America/Chicago,1753123125.298912,
facebook,dismissedAppOpening,breathingExercise,False,6,America/Chicago,1753125811.898195,
gmail,openedApp,breathingExercise,False,6,America/Chicago,1753125839.508473,Message
gmail,openedApp,breathingExercise,False,6,America/Chicago,1753126644.444693,Search Info
gmail,dismissedAppOpening,breathingExercise,False,6,America/Chicago,1753127049.816945,
facebook,openedApp,breathingExercise,False,6,America/Chicago,1753129972.7693071,Message
gmail,openedApp,breathingExercise,False,6,America/Chicago,1753130100.961575,Search Info
facebook,dismissedAppOpening,breathingExercise,False,6,America/Chicago,1753130171.760888,
facebook,openedApp,breathingExercise,False,6,America/Chicago,1753130188.945899,Toilet
facebook,dismissedAppOpening,breathingExercise,False,6,America/Chicago,1753131059.4643412,
gmail,dismissedAppOpening,breathingExercise,False,6,America/Chicago,1753139753.555262,
gmail,openedApp,breathingExercise,False,6,America/Chicago,1753139867.812494,Search Info
gmail,openedApp,breathingExercise,False,6,America/Chicago,1753158399.780586,Search Info
gmail,openedApp,breathingExercise,False,6,America/Chicago,1753158776.540786,Search Info
facebook,dismissedAppOpening,breathingExercise,False,6,America/Chicago,1753159008.0005379,
facebook,openedApp,breathingExercise,False,6,America/Chicago,1753160997.890544,Stay In the Loop
facebook,openedApp,breathingExercise,False,6,America/Chicago,1753189604.00464,Search Info
amazon,openedApp,breathingExercise,False,6,America/Chicago,1753189824.782786,Search Info
facebook,openedApp,breathingExercise,False,6,America/Chicago,1753190053.5903668,Search Info
facebook,dismissedAppOpening,breathingExercise,False,6,America/Chicago,1753190366.5706139,
gmail,dismissedAppOpening,breathingExercise,False,6,America/Chicago,1753190380.086159,
gmail,openedApp,breathingExercise,False,6,America/Chicago,1753190398.6144729,Search Info
gmail,dismissedAppOpening,breathingExercise,False,6,America/Chicago,1753204465.3550901,
gmail,openedApp,breathingExercise,False,6,America/Chicago,1753204483.46949,Message
gmail,dismissedAppOpening,breathingExercise,False,6,America/Chicago,1753204777.196928,
gmail,openedApp,breathingExercise,False,6,America/Chicago,1753204794.227021,Message
gmail,openedApp,breathingExercise,False,6,America/Chicago,1753206215.945792,Message
facebook,openedApp,breathingExercise,False,6,America/Chicago,1753208185.829251,Message
gmail,openedApp,breathingExercise,False,6,America/Chicago,1753208437.721159,Message
gmail,dismissedAppOpening,breathingExercise,False,6,America/Chicago,1753219045.066986,
gmail,dismissedAppOpening,breathingExercise,False,6,America/Chicago,1753219619.259956,
gmail,dismissedAppOpening,breathingExercise,False,6,America/Chicago,1753220069.150035,
gmail,openedApp,breathingExercise,False,6,America/Chicago,1753222221.872082,Message
facebook,openedApp,breathingExercise,False,6,America/Chicago,1753230344.642904,Search Info
facebook,openedApp,breathingExercise,False,6,America/Chicago,1753237901.0637221,Stay In the Loop
gmail,dismissedAppOpening,breathingExercise,False,6,America/Chicago,1753238050.398674,
gmail,openedApp,breathingExercise,False,6,America/Chicago,1753239008.4338999,Message
facebook,openedApp,breathingExercise,False,6,America/Chicago,1753239069.283908,Message
facebook,dismissedAppOpening,breathingExercise,False,6,America/Chicago,1753240199.451329,
amazon,openedApp,breathingExercise,False,6,America/Chicago,1753240221.450179,Stay In the Loop
facebook,openedApp,breathingExercise,False,6,America/Chicago,1753243913.2754478,Message
facebook,openedApp,breathingExercise,False,6,America/Chicago,1753244259.273258,Search Info
facebook,openedApp,breathingExercise,False,6,America/Chicago,1753244932.001061,Search Info
facebook,openedApp,breathingExercise,False,6,America/Chicago,1753246161.6567302,Message
facebook,dismissedAppOpening,breathingExercise,False,6,America/Chicago,1753249531.205756,
gmail,openedApp,breathingExercise,False,6,America/Chicago,1753276544.428732,Message
facebook,dismissedAppOpening,breathingExercise,False,6,America/Chicago,1753287061.411953,
facebook,openedApp,breathingExercise,False,6,America/Chicago,1753287105.026133,Search Info
facebook,openedApp,breathingExercise,False,6,America/Chicago,1753289247.549837,Stay In the Loop
facebook,dismissedAppOpening,breathingExercise,False,6,America/Chicago,1753289513.734277,
facebook,openedApp,breathingExercise,False,6,America/Chicago,1753289636.2701092,Search Info
facebook,openedApp,breathingExercise,False,6,America/Chicago,1753314273.402997,Message
gmail,openedApp,breathingExercise,False,6,America/Chicago,1753315058.177462,Message
gmail,dismissedAppOpening,breathingExercise,False,6,America/Chicago,1753323769.929399,
gmail,dismissedAppOpening,breathingExercise,False,6,America/Chicago,1753323772.594413,
gmail,openedApp,breathingExercise,False,6,America/Chicago,1753323805.4986382,Message
gmail,openedApp,breathingExercise,False,6,America/Chicago,1753324660.452818,Search Info
gmail,openedApp,breathingExercise,False,6,America/Chicago,1753326960.0018091,Stay In the Loop
facebook,openedApp,breathingExercise,False,6,America/Chicago,1753326981.138515,Message
gmail,dismissedAppOpening,breathingExercise,False,6,America/Chicago,1753327165.382735,
facebook,openedApp,breathingExercise,False,6,America/Chicago,1753327180.685567,Message
facebook,dismissedAppOpening,breathingExercise,False,6,America/Chicago,1753327702.0690289,
gmail,dismissedAppOpening,breathingExercise,False,6,America/Chicago,1753327708.858684,
youtube,openedApp,breathingExercise,False,6,America/Chicago,1753327771.1268492,Message
youtube,dismissedAppOpening,breathingExercise,False,6,America/Chicago,1753328100.863851,
youtube,openedApp,breathingExercise,False,6,America/Chicago,1753328116.670717,Message
gmail,openedApp,breathingExercise,False,6,America/Chicago,1753337170.372585,Message
facebook,openedApp,breathingExercise,False,6,America/Chicago,1753337472.997624,Message
facebook,dismissedAppOpening,breathingExercise,False,6,America/Chicago,1753339674.4042,
facebook,openedApp,breathingExercise,False,6,America/Chicago,1753339723.473006,Search Info
facebook,dismissedAppOpening,breathingExercise,False,6,America/Chicago,1753372335.1052861,
facebook,openedApp,breathingExercise,False,6,America/Chicago,1753372608.537853,Message
gmail,dismissedAppOpening,breathingExercise,False,6,America/Chicago,1753375293.116261,
gmail,dismissedAppOpening,breathingExercise,False,6,America/Chicago,1753376101.627359,
gmail,dismissedAppOpening,breathingExercise,False,6,America/Chicago,1753376371.357868,
gmail,openedApp,breathingExercise,False,6,America/Chicago,1753382005.086057,Search Info
gmail,openedApp,breathingExercise,False,6,America/Chicago,1753382274.899771,Stay In the Loop
gmail,dismissedAppOpening,breathingExercise,False,6,America/Chicago,1753383296.151989,
facebook,dismissedAppOpening,breathingExercise,False,6,America/Chicago,1753385527.16959,
facebook,openedApp,breathingExercise,False,6,America/Chicago,1753386967.965468,Stay In the Loop
gmail,dismissedAppOpening,breathingExercise,False,6,America/Chicago,1753387582.043641,
facebook,dismissedAppOpening,breathingExercise,False,6,America/Chicago,1753388907.169897,
gmail,openedApp,breathingExercise,False,6,America/Chicago,1753391518.388658,Message
gmail,openedApp,breathingExercise,False,6,America/Chicago,1753394755.850816,Message
facebook,dismissedAppOpening,breathingExercise,False,6,America/Chicago,1753394800.472457,
facebook,dismissedAppOpening,breathingExercise,False,6,America/Chicago,1753394804.52532,
facebook,dismissedAppOpening,breathingExercise,False,6,America/Chicago,1753395546.2286901,
facebook,dismissedAppOpening,breathingExercise,False,6,America/Chicago,1753396094.970347,
facebook,openedApp,breathingExercise,False,6,America/Chicago,1753396124.3445911,Message
facebook,dismissedAppOpening,breathingExercise,False,6,America/Chicago,1753396327.080474,
facebook,dismissedAppOpening,breathingExercise,False,6,America/Chicago,1753396331.799786,
facebook,dismissedAppOpening,breathingExercise,False,6,America/Chicago,1753396337.156743,
gmail,dismissedAppOpening,breathingExercise,False,6,America/Chicago,1753396772.201367,
facebook,dismissedAppOpening,breathingExercise,False,6,America/Chicago,1753400817.610611,
facebook,dismissedAppOpening,breathingExercise,False,6,America/Chicago,1753401087.948911,
gmail,openedApp,breathingExercise,False,6,America/Chicago,1753411291.105416,Search Info
gmail,openedApp,breathingExercise,False,6,America/Chicago,1753414627.2957358,Message
gmail,dismissedAppOpening,breathingExercise,False,6,America/Chicago,1753415222.936388,
facebook,openedApp,breathingExercise,False,6,America/Chicago,1753422082.042338,Message
gmail,openedApp,breathingExercise,False,6,America/Chicago,1753440398.993437,Message
facebook,openedApp,breathingExercise,False,6,America/Chicago,1753440435.684603,Message
facebook,openedApp,breathingExercise,False,6,America/Chicago,1753440851.143537,Search Info
facebook,openedApp,breathingExercise,False,6,America/Chicago,1753442579.3212051,Message
facebook,dismissedAppOpening,breathingExercise,False,6,America/Chicago,1753443630.621472,
facebook,openedApp,breathingExercise,False,6,America/Chicago,1753443693.460866,Message
facebook,dismissedAppOpening,breathingExercise,False,6,America/Chicago,1753449394.3004189,
gmail,dismissedAppOpening,breathingExercise,False,6,America/Chicago,1753458101.5713859,
gmail,openedApp,breathingExercise,False,6,America/Chicago,1753460107.0701241,Message
amazon,openedApp,breathingExercise,False,6,America/Chicago,1753460310.6197228,Message
amazon,dismissedAppOpening,breathingExercise,False,6,America/Chicago,1753460795.302582,
amazon,openedApp,breathingExercise,False,6,America/Chicago,1753460932.752046,Search Info
amazon,openedApp,breathingExercise,False,6,America/Chicago,1753461333.146068,Message
gmail,dismissedAppOpening,breathingExercise,False,6,America/Chicago,1753461570.091687,
gmail,dismissedAppOpening,breathingExercise,False,6,America/Chicago,1753461574.337168,
facebook,openedApp,breathingExercise,False,6,America/Chicago,1753462208.5833979,Search Info
facebook,dismissedAppOpening,breathingExercise,False,6,America/Chicago,1753462448.783854,
facebook,openedApp,breathingExercise,False,6,America/Chicago,1753462514.065937,Search Info
facebook,dismissedAppOpening,breathingExercise,False,6,America/Chicago,1753462990.6039128,
facebook,dismissedAppOpening,breathingExercise,False,6,America/Chicago,1753463102.829227,
gmail,openedApp,breathingExercise,False,6,America/Chicago,1753463153.205698,Message
facebook,dismissedAppOpening,breathingExercise,False,6,America/Chicago,1753463206.322927,
facebook,openedApp,breathingExercise,False,6,America/Chicago,1753463274.659986,Message
youtube,openedApp,breathingExercise,False,6,America/Chicago,1753463549.7867842,Message
gmail,openedApp,breathingExercise,False,6,America/Chicago,1753471561.787471,Message
amazon,openedApp,breathingExercise,False,6,America/Chicago,1753471593.4127378,Message
gmail,dismissedAppOpening,breathingExercise,False,6,America/Chicago,1753472111.544615,
facebook,dismissedAppOpening,breathingExercise,False,6,America/Chicago,1753476801.3073158,
facebook,dismissedAppOpening,breathingExercise,False,6,America/Chicago,1753476901.956162,
facebook,openedApp,breathingExercise,False,6,America/Chicago,1753478013.975511,Message
gmail,dismissedAppOpening,breathingExercise,False,6,America/Chicago,1753478334.216916,
gmail,openedApp,breathingExercise,False,6,America/Chicago,1753484825.844312,Message
facebook,openedApp,breathingExercise,False,6,America/Chicago,1753495649.2607121,Message
gmail,dismissedAppOpening,breathingExercise,False,6,America/Chicago,1753508707.017909,
gmail,dismissedAppOpening,breathingExercise,False,6,America/Chicago,1753508730.804618,
gmail,dismissedAppOpening,breathingExercise,False,6,America/Chicago,1753508734.101441,
facebook,dismissedAppOpening,breathingExercise,False,6,America/Chicago,1753508740.537684,
gmail,dismissedAppOpening,breathingExercise,False,6,America/Chicago,1753517864.48764,
gmail,dismissedAppOpening,breathingExercise,False,6,America/Chicago,1753526633.97816,
facebook,openedApp,breathingExercise,False,6,America/Chicago,1753563372.2844028,Message
youtube,openedApp,breathingExercise,False,6,America/Chicago,1753591982.0477118,Search Info
gmail,openedApp,breathingExercise,False,6,America/Chicago,1753632919.39995,Search Info
amazon,openedApp,breathingExercise,False,6,America/Chicago,1753637678.047009,Search Info
amazon,openedApp,breathingExercise,False,6,America/Chicago,1753637987.230397,Message
gmail,dismissedAppOpening,breathingExercise,False,6,America/Chicago,1753652124.256566,
gmail,dismissedAppOpening,breathingExercise,False,6,America/Chicago,1753654318.034665,
gmail,dismissedAppOpening,breathingExercise,False,6,America/Chicago,1753662106.890383,
facebook,openedApp,breathingExercise,False,6,America/Chicago,1753662520.196742,Message
facebook,dismissedAppOpening,breathingExercise,False,6,America/Chicago,1753662869.167002,
facebook,openedApp,breathingExercise,False,6,America/Chicago,1753680265.9799042,Message
facebook,dismissedAppOpening,breathingExercise,False,6,America/Chicago,1753681653.872647,
facebook,dismissedAppOpening,breathingExercise,False,6,America/Chicago,1753683710.106948,
gmail,openedApp,breathingExercise,False,6,America/Chicago,1753683743.0693321,Message
gmail,openedApp,breathingExercise,False,6,America/Chicago,1753712195.724282,Stay In the Loop
gmail,dismissedAppOpening,breathingExercise,False,6,America/Chicago,1753718342.163177,
gmail,openedApp,breathingExercise,False,6,America/Chicago,1753718425.288045,Message
youtube,openedApp,breathingExercise,False,6,America/Chicago,1753718861.031111,Search Info
gmail,dismissedAppOpening,breathingExercise,False,6,America/Chicago,1753719025.030503,
gmail,openedApp,breathingExercise,False,6,America/Chicago,1753720450.7641668,Message
facebook,dismissedAppOpening,breathingExercise,False,6,America/Chicago,1753723895.885725,
gmail,openedApp,breathingExercise,False,6,America/Chicago,1753724749.529675,Search Info
gmail,dismissedAppOpening,breathingExercise,False,6,America/Chicago,1753726172.178798,
facebook,openedApp,breathingExercise,False,6,America/Chicago,1753731046.278208,Search Info
facebook,openedApp,breathingExercise,False,6,America/Chicago,1753733309.127913,Message
facebook,dismissedAppOpening,breathingExercise,False,6,America/Chicago,1753733753.689044,
youtube,openedApp,breathingExercise,False,6,America/Chicago,1753733870.3547292,Search Info
gmail,dismissedAppOpening,breathingExercise,False,6,America/Chicago,1753734717.113367,
facebook,dismissedAppOpening,breathingExercise,False,6,America/Chicago,1753734724.337702,
facebook,openedApp,breathingExercise,False,6,America/Chicago,1753738733.8735142,Stay In the Loop
facebook,dismissedAppOpening,breathingExercise,False,6,America/Chicago,1753739086.529938,
gmail,openedApp,breathingExercise,False,6,America/Chicago,1753739115.263366,Search Info
gmail,dismissedAppOpening,breathingExercise,False,6,America/Chicago,1753739958.610769,
facebook,openedApp,breathingExercise,False,6,America/Chicago,1753740726.914795,Search Info
facebook,openedApp,breathingExercise,False,6,America/Chicago,1753741047.1990361,Search Info
gmail,dismissedAppOpening,breathingExercise,False,6,America/Chicago,1753741658.30337,
gmail,dismissedAppOpening,breathingExercise,False,6,America/Chicago,1753742561.347888,
facebook,dismissedAppOpening,breathingExercise,False,6,America/Chicago,1753742927.221325,
facebook,openedApp,breathingExercise,False,6,America/Chicago,1753742972.755148,Message
facebook,openedApp,breathingExercise,False,6,America/Chicago,1753753605.478209,Search Info
facebook,openedApp,breathingExercise,False,6,America/Chicago,1753753813.230895,Search Info
facebook,openedApp,breathingExercise,False,6,America/Chicago,1753756454.89924,Search Info
youtube,openedApp,breathingExercise,False,6,America/Chicago,1753756659.8813639,Search Info
facebook,openedApp,breathingExercise,False,6,America/Chicago,1753756806.3788729,Search Info
youtube,dismissedAppOpening,breathingExercise,False,6,America/Chicago,1753756925.568568,
facebook,dismissedAppOpening,breathingExercise,False,6,America/Chicago,1753757717.439355,
facebook,openedApp,breathingExercise,False,6,America/Chicago,1753757965.271419,Search Info
facebook,dismissedAppOpening,breathingExercise,False,6,America/Chicago,1753792781.7759,
gmail,openedApp,breathingExercise,False,6,America/Chicago,1753797939.55515,Search Info
gmail,openedApp,breathingExercise,False,6,America/Chicago,1753798969.7552052,Search Info
gmail,dismissedAppOpening,breathingExercise,False,6,America/Chicago,1753801091.853055,
gmail,openedApp,breathingExercise,False,6,America/Chicago,1753809191.3845038,Search Info
gmail,openedApp,breathingExercise,False,6,America/Chicago,1753809403.324548,Message
facebook,openedApp,breathingExercise,False,6,America/Chicago,1753809739.407743,Search Info
gmail,dismissedAppOpening,breathingExercise,False,6,America/Chicago,1753809897.080334,
gmail,dismissedAppOpening,breathingExercise,False,6,America/Chicago,1753810068.100226,
facebook,openedApp,breathingExercise,False,6,America/Chicago,1753812218.7356381,Search Info
facebook,openedApp,breathingExercise,False,6,America/Chicago,1753818413.5112848,Search Info
facebook,openedApp,breathingExercise,False,6,America/Chicago,1753819154.2230968,Search Info
facebook,openedApp,breathingExercise,False,6,America/Chicago,1753825951.872159,Search Info
facebook,dismissedAppOpening,breathingExercise,False,6,America/Chicago,1753826833.166574,
gmail,openedApp,breathingExercise,False,6,America/Chicago,1753845758.244779,Search Info
facebook,openedApp,breathingExercise,False,6,America/Chicago,1753845831.0293741,Message
facebook,openedApp,breathingExercise,False,6,America/Chicago,1753852649.559455,Message
facebook,openedApp,breathingExercise,False,6,America/Chicago,1753853002.762754,Stay In the Loop
gmail,dismissedAppOpening,breathingExercise,False,6,America/Chicago,1753876750.796649,
facebook,dismissedAppOpening,breathingExercise,False,6,America/Chicago,1753876777.420148,
facebook,openedApp,breathingExercise,False,6,America/Chicago,1753887463.412626,Search Info
gmail,openedApp,breathingExercise,False,6,America/Chicago,1753897000.0581021,Search Info
facebook,openedApp,breathingExercise,False,6,America/Chicago,1753923318.10659,Search Info
facebook,openedApp,breathingExercise,False,6,America/Chicago,1753927222.4403682,Message
facebook,dismissedAppOpening,breathingExercise,False,6,America/Chicago,1753928379.809459,
facebook,openedApp,breathingExercise,False,6,America/Chicago,1753929307.8377352,Search Info
facebook,openedApp,breathingExercise,False,6,America/Chicago,1753934202.097765,Message
facebook,openedApp,breathingExercise,False,6,America/Chicago,1753935315.286077,Message
facebook,dismissedAppOpening,breathingExercise,False,6,America/Chicago,1753935954.345995,
facebook,openedApp,breathingExercise,False,6,America/Chicago,1753935977.319044,Search Info
facebook,openedApp,breathingExercise,False,6,America/Chicago,1753936301.2790709,Search Info
amazon,openedApp,breathingExercise,False,6,America/Chicago,1753936965.794239,Message
gmail,openedApp,breathingExercise,False,6,America/Chicago,1753970969.356584,Message
facebook,openedApp,breathingExercise,False,6,America/Chicago,1753974825.945298,Message
gmail,openedApp,breathingExercise,False,6,America/Chicago,1753974990.379801,Message
gmail,openedApp,breathingExercise,False,6,America/Chicago,1753975230.040361,Search Info
gmail,dismissedAppOpening,breathingExercise,False,6,America/Chicago,1753976284.724411,
gmail,openedApp,breathingExercise,False,6,America/Chicago,1753977367.4850469,Message
gmail,openedApp,breathingExercise,False,6,America/Chicago,1753985452.447294,Message
gmail,dismissedAppOpening,breathingExercise,False,6,America/Chicago,1753988399.094012,
facebook,dismissedAppOpening,breathingExercise,False,6,America/Chicago,1753988431.600659,
facebook,openedApp,breathingExercise,False,6,America/Chicago,1753988457.825927,Message
facebook,dismissedAppOpening,breathingExercise,False,6,America/Chicago,1753989697.196844,
gmail,dismissedAppOpening,breathingExercise,False,6,America/Chicago,1753989708.19927,
gmail,openedApp,breathingExercise,False,6,America/Chicago,1753989761.708468,Message
gmail,dismissedAppOpening,breathingExercise,False,6,America/Chicago,1753997621.285658,
gmail,dismissedAppOpening,breathingExercise,False,6,America/Chicago,1754001853.189838,
gmail,openedApp,breathingExercise,False,6,America/Chicago,1754002021.93017,Message
gmail,dismissedAppOpening,breathingExercise,False,6,America/Chicago,1754002721.408319,
gmail,dismissedAppOpening,breathingExercise,False,6,America/Chicago,1754003801.072119,
facebook,openedApp,breathingExercise,False,6,America/Chicago,1754004817.351243,Search Info
gmail,dismissedAppOpening,breathingExercise,False,6,America/Chicago,1754005555.0291471,
gmail,dismissedAppOpening,breathingExercise,False,6,America/Chicago,1754011435.492333,
facebook,openedApp,breathingExercise,False,6,America/Chicago,1754012687.608125,Message
facebook,dismissedAppOpening,breathingExercise,False,6,America/Chicago,1754013824.3057199,
facebook,openedApp,breathingExercise,False,6,America/Chicago,1754013843.4819279,Message
facebook,openedApp,breathingExercise,False,6,America/Chicago,1754014533.091749,Search Info
facebook,openedApp,breathingExercise,False,6,America/Chicago,1754014760.902875,Search Info
facebook,dismissedAppOpening,breathingExercise,False,6,America/Chicago,1754015037.907691,
facebook,openedApp,breathingExercise,False,6,America/Chicago,1754015057.888328,Message
facebook,openedApp,breathingExercise,False,6,America/Chicago,1754018307.822829,Message
facebook,dismissedAppOpening,breathingExercise,False,6,America/Chicago,1754018827.715712,
youtube,openedApp,breathingExercise,False,6,America/Chicago,1754018872.6434069,Search Info
gmail,openedApp,breathingExercise,False,6,America/Chicago,1754020440.9385161,Message
facebook,dismissedAppOpening,breathingExercise,False,6,America/Chicago,1754020455.279509,
youtube,openedApp,breathingExercise,False,6,America/Chicago,1754020699.01279,Search Info
gmail,dismissedAppOpening,breathingExercise,False,6,America/Chicago,1754045358.244216,
gmail,openedApp,breathingExercise,False,6,America/Chicago,1754045386.34026,Search Info
facebook,openedApp,breathingExercise,False,6,America/Chicago,1754045474.314666,Search Info
facebook,dismissedAppOpening,breathingExercise,False,6,America/Chicago,1754045707.546369,
gmail,openedApp,breathingExercise,False,6,America/Chicago,1754045774.766809,Search Info
facebook,dismissedAppOpening,breathingExercise,False,6,America/Chicago,1754045939.92457,
gmail,dismissedAppOpening,breathingExercise,False,6,America/Chicago,1754068694.759721,
gmail,openedApp,breathingExercise,False,6,America/Chicago,1754072037.381298,Message
gmail,dismissedAppOpening,breathingExercise,False,6,America/Chicago,1754075393.1388469,
facebook,openedApp,breathingExercise,False,6,America/Chicago,1754076735.1307092,Search Info
gmail,dismissedAppOpening,breathingExercise,False,6,America/Chicago,1754079966.192416,
gmail,dismissedAppOpening,breathingExercise,False,6,America/Chicago,1754096044.373472,
facebook,dismissedAppOpening,breathingExercise,False,6,America/Chicago,1754099035.809511,
facebook,openedApp,breathingExercise,False,6,America/Chicago,1754099361.822884,Search Info
facebook,openedApp,breathingExercise,False,6,America/Chicago,1754099774.998627,Message
facebook,openedApp,breathingExercise,False,6,America/Chicago,1754105834.960784,Search Info
facebook,openedApp,breathingExercise,False,6,America/Chicago,1754106467.663886,Message
facebook,dismissedAppOpening,breathingExercise,False,6,America/Chicago,1754107838.353307,
gmail,dismissedAppOpening,breathingExercise,False,6,America/Chicago,1754138653.7932692,
gmail,openedApp,breathingExercise,False,6,America/Chicago,1754138672.619847,Message
facebook,openedApp,breathingExercise,False,6,America/Chicago,1754138751.006206,Message
facebook,openedApp,breathingExercise,False,6,America/Chicago,1754152122.280612,Message
facebook,openedApp,breathingExercise,False,6,America/Chicago,1754153478.746719,Message
facebook,openedApp,breathingExercise,False,6,America/Chicago,1754154248.922122,Message
facebook,dismissedAppOpening,breathingExercise,False,6,America/Chicago,1754154566.2958,
gmail,dismissedAppOpening,breathingExercise,False,6,America/Chicago,1754154570.646251,
facebook,dismissedAppOpening,breathingExercise,False,6,America/Chicago,1754155650.416065,
