resolution,isReIntervention,timeIntervalUntilReIntervention,timestamp,app,interventionType,interventionDuration,timezone,purpose
openedApp,False,300.0,1752229019.727339,icecubes,askForTimeLimit,6.0,Europe/Berlin,
openedApp,False,60.0,1752229041.2317061,icecubes,askForTimeLimit,6.0,Europe/Berlin,
closedApp,False,,1752229110.05938,icecubes,,,Europe/Berlin,
openedApp,False,,1752229055.936332,beReal,,,Europe/Berlin,
closedApp,False,,1752229235.936332,beReal,,,Europe/Berlin,
dismissedAppOpening,False,,1752229235.936333,beReal,,,Europe/Berlin,
openedApp,False,,1752229348.998126,linkedin,breathingExercise,6.0,Europe/Berlin,Ablenkung
closedApp,False,,1752229468.192645,linkedin,,,Europe/Berlin,
openedApp,False,240.0,1752229722.113885,icecubes,askForTimeLimit,6.0,Europe/Berlin,
closedApp,False,,1752229971.175747,icecubes,,,Europe/Berlin,
dismissedAppOpening,True,,1752229984.6164222,icecubes,breathingExercise,6.0,Europe/Berlin,
openedApp,False,240.0,1752231018.416965,icecubes,askForTimeLimit,6.0,Europe/Berlin,
closedApp,False,,1752231061.027042,icecubes,,,Europe/Berlin,
openedApp,False,600.0,1752237686.095948,icecubes,askForTimeLimit,6.0,Europe/Berlin,
closedApp,False,,1752237711.618592,icecubes,,,Europe/Berlin,
closedApp,False,,1752237796.3891,icecubes,,,Europe/Berlin,
openedApp,False,180.0,1752242504.357572,icecubes,askForTimeLimit,6.0,Europe/Berlin,
closedApp,False,,1752242580.226935,icecubes,,,Europe/Berlin,
openedApp,False,,1752263695.4865131,tradeRepublic,breathingExercise,6.0,Europe/Berlin,Langeweile
closedApp,False,,1752263731.2691278,tradeRepublic,,,Europe/Berlin,
openedApp,False,180.0,1752266116.304483,icecubes,askForTimeLimit,6.0,Europe/Berlin,
closedApp,False,,1752266152.598536,icecubes,,,Europe/Berlin,
openedApp,False,900.0,1752267213.479257,youtube,breathingExercise,6.0,Europe/Berlin,Unterhaltung
closedApp,False,,1752267668.2837029,youtube,,,Europe/Berlin,
openedApp,False,180.0,1752267676.544261,icecubes,askForTimeLimit,6.0,Europe/Berlin,
closedApp,False,,1752267740.671084,icecubes,,,Europe/Berlin,
openedApp,False,900.0,1752267936.4589438,youtube,breathingExercise,6.0,Europe/Berlin,Unterhaltung
closedApp,False,,1752268843.983674,youtube,,,Europe/Berlin,
openedApp,True,660.0,1752268866.683469,youtube,breathingExercise,6.0,Europe/Berlin,Unterhaltung
closedApp,False,,1752269366.063767,youtube,,,Europe/Berlin,
dismissedAppOpening,False,,1752273783.1078482,tradeRepublic,breathingExercise,6.0,Europe/Berlin,
openedApp,False,600.0,1752338113.830816,youtube,breathingExercise,6.0,Europe/Berlin,Unterhaltung
closedApp,False,,1752338725.1407552,youtube,,,Europe/Berlin,
openedApp,True,900.0,1752338763.0964751,youtube,breathingExercise,6.0,Europe/Berlin,Unterhaltung
closedApp,False,,1752339336.090186,youtube,,,Europe/Berlin,
openedApp,False,,1752344572.028408,tradeRepublic,breathingExercise,6.0,Europe/Berlin,Infos suchen
openedApp,False,300.0,1752344983.3415499,icecubes,askForTimeLimit,6.0,Europe/Berlin,
closedApp,False,,1752345006.830594,icecubes,,,Europe/Berlin,
closedApp,False,,1752345093.516829,icecubes,,,Europe/Berlin,
closedApp,False,,1752345419.3278399,icecubes,,,Europe/Berlin,
closedApp,False,,1752346068.931752,icecubes,,,Europe/Berlin,
openedApp,False,1200.0,1752347252.594105,youtube,breathingExercise,6.0,Europe/Berlin,Klo
closedApp,False,,1752348097.8914351,youtube,,,Europe/Berlin,
openedApp,False,240.0,1752348175.573083,linkedin,breathingExercise,6.0,Europe/Berlin,Langeweile
closedApp,False,,1752348419.797974,linkedin,,,Europe/Berlin,
openedApp,False,1800.0,1752349714.654527,youtube,breathingExercise,6.0,Europe/Berlin,Unterhaltung
dismissedAppOpening,False,,1752350021.545775,youtube,breathingExercise,6.0,Europe/Berlin,
closedApp,False,,1752349841.08511,youtube,,,Europe/Berlin,
openedApp,False,1800.0,1752350272.098309,youtube,breathingExercise,6.0,Europe/Berlin,Unterhaltung
closedApp,False,,1752350416.035491,youtube,,,Europe/Berlin,
closedApp,False,,1752350685.169244,youtube,,,Europe/Berlin,
closedApp,False,,1752350767.4059238,youtube,,,Europe/Berlin,
closedApp,False,,1752353185.5600019,youtube,,,Europe/Berlin,
openedApp,False,900.0,1752353401.471165,youtube,breathingExercise,6.0,Europe/Berlin,Unterhaltung
closedApp,False,,1752353960.895934,youtube,,,Europe/Berlin,
dismissedAppOpening,False,,1752397065.957408,youtube,breathingExercise,6.0,Europe/Berlin,
openedApp,False,300.0,1752397075.769346,icecubes,askForTimeLimit,6.0,Europe/Berlin,
closedApp,False,,1752397384.09899,icecubes,,,Europe/Berlin,
openedApp,False,720.0,1752397406.503024,youtube,breathingExercise,6.0,Europe/Berlin,Langeweile
closedApp,False,,1752397569.6891031,youtube,,,Europe/Berlin,
openedApp,False,1020.0,1752421278.7210832,youtube,breathingExercise,6.0,Europe/Berlin,Klo
closedApp,False,,1752422310.4600348,youtube,,,Europe/Berlin,
openedApp,True,660.0,1752422326.3036861,youtube,breathingExercise,6.0,Europe/Berlin,Klo
closedApp,False,,1752422989.490415,youtube,,,Europe/Berlin,
openedApp,True,600.0,1752423005.662262,youtube,breathingExercise,6.0,Europe/Berlin,Klo
closedApp,False,,1752423103.947023,youtube,,,Europe/Berlin,
openedApp,False,60.0,1752430769.12633,youtube,breathingExercise,6.0,Europe/Berlin,Infos suchen
closedApp,False,,1752430806.836492,youtube,,,Europe/Berlin,
openedApp,False,780.0,1752439710.573196,youtube,breathingExercise,6.0,Europe/Berlin,Unterhaltung
closedApp,False,,1752440306.5015821,youtube,,,Europe/Berlin,
dismissedAppOpening,False,,1752471179.494684,icecubes,askForTimeLimit,6.0,Europe/Berlin,
openedApp,False,1200.0,1752472103.772018,youtube,breathingExercise,6.0,Europe/Berlin,Unterhaltung
closedApp,False,,1752473056.75978,youtube,,,Europe/Berlin,
openedApp,False,900.0,1752473620.462182,youtube,breathingExercise,6.0,Europe/Berlin,Ablenkung
closedApp,False,,1752474042.964892,youtube,,,Europe/Berlin,
closedApp,False,,1752474127.17803,youtube,,,Europe/Berlin,
closedApp,False,,1752474215.826843,youtube,,,Europe/Berlin,
openedApp,False,300.0,1752480798.4828138,icecubes,askForTimeLimit,6.0,Europe/Berlin,
closedApp,False,,1752481105.409254,icecubes,,,Europe/Berlin,
openedApp,False,360.0,1752482446.724633,linkedin,breathingExercise,6.0,Europe/Berlin,Ablenkung
closedApp,False,,1752482555.776229,linkedin,,,Europe/Berlin,
openedApp,False,60.0,1752499598.258428,linkedin,breathingExercise,6.0,Europe/Berlin,Ablenkung
closedApp,False,,1752499663.9672198,linkedin,,,Europe/Berlin,
openedApp,False,300.0,1752502986.116127,icecubes,askForTimeLimit,6.0,Europe/Berlin,
closedApp,False,,1752503074.700727,icecubes,,,Europe/Berlin,
openedApp,False,300.0,1752503092.072372,youtube,breathingExercise,6.0,Europe/Berlin,Infos suchen
closedApp,False,,1752503115.5253701,youtube,,,Europe/Berlin,
openedApp,False,300.0,1752504814.020625,icecubes,askForTimeLimit,6.0,Europe/Berlin,
closedApp,False,,1752504830.132263,icecubes,,,Europe/Berlin,
closedApp,False,,1752504982.8963342,icecubes,,,Europe/Berlin,
closedApp,False,,1752505199.1519399,icecubes,,,Europe/Berlin,
openedApp,False,900.0,1752505398.032477,icecubes,askForTimeLimit,6.0,Europe/Berlin,
openedApp,False,900.0,1752505414.999563,icecubes,breathingExercise,6.0,Europe/Berlin,Klo
closedApp,False,,1752505780.088146,icecubes,,,Europe/Berlin,
openedApp,False,780.0,1752505797.215475,youtube,breathingExercise,6.0,Europe/Berlin,Klo
closedApp,False,,1752506272.708852,youtube,,,Europe/Berlin,
openedApp,False,900.0,1752508378.225589,youtube,breathingExercise,6.0,Europe/Berlin,Unterhaltung
closedApp,False,,1752509284.831548,youtube,,,Europe/Berlin,
openedApp,False,1260.0,1752526418.2676,youtube,breathingExercise,6.0,Europe/Berlin,Unterhaltung
closedApp,False,,1752527619.51853,youtube,,,Europe/Berlin,
openedApp,False,600.0,1752555260.8963552,icecubes,askForTimeLimit,6.0,Europe/Berlin,
closedApp,False,,1752555871.237004,icecubes,,,Europe/Berlin,
dismissedAppOpening,True,,1752555884.5328588,icecubes,breathingExercise,6.0,Europe/Berlin,
openedApp,False,300.0,1752556204.204739,linkedin,breathingExercise,6.0,Europe/Berlin,Unterhaltung
closedApp,False,,1752556289.126751,linkedin,,,Europe/Berlin,
closedApp,False,,1752556823.9224,linkedin,,,Europe/Berlin,
openedApp,False,360.0,1752644650.443444,youtube,breathingExercise,6.0,Europe/Berlin,Kann nicht schlafen
closedApp,False,,1752645020.284109,youtube,,,Europe/Berlin,
openedApp,True,600.0,1752645042.221661,youtube,breathingExercise,6.0,Europe/Berlin,Ablenkung
closedApp,False,,1752645651.872828,youtube,,,Europe/Berlin,
openedApp,False,1800.0,1752646161.571604,youtube,breathingExercise,6.0,Europe/Berlin,Klo
closedApp,False,,1752647967.97774,youtube,,,Europe/Berlin,
openedApp,True,1800.0,1752647992.48038,youtube,breathingExercise,6.0,Europe/Berlin,Unterhaltung
closedApp,False,,1752649270.057946,youtube,,,Europe/Berlin,
closedApp,False,,1752649611.724111,youtube,,,Europe/Berlin,
closedApp,False,,1752649796.332025,youtube,,,Europe/Berlin,
openedApp,False,,1752656617.6416988,beReal,breathingExercise,6.0,Europe/Berlin,Auf dem Laufenden bleiben
dismissedAppOpening,False,,1752658746.570982,youtube,breathingExercise,6.0,Europe/Berlin,
openedApp,False,1500.0,1752658769.566829,youtube,breathingExercise,6.0,Europe/Berlin,Klo
closedApp,False,,1752660151.617443,youtube,,,Europe/Berlin,
closedApp,False,,1752660279.988286,youtube,,,Europe/Berlin,
openedApp,True,1800.0,1752660301.15887,youtube,breathingExercise,6.0,Europe/Berlin,Unterhaltung
closedApp,False,,1752661240.986899,youtube,,,Europe/Berlin,
closedApp,False,,1752661999.975943,youtube,,,Europe/Berlin,
openedApp,False,420.0,1752662027.422544,icecubes,askForTimeLimit,6.0,Europe/Berlin,
openedApp,False,900.0,1752662502.740782,icecubes,askForTimeLimit,6.0,Europe/Berlin,
closedApp,False,,1752662547.1848102,icecubes,,,Europe/Berlin,
openedApp,False,480.0,1752664544.412983,icecubes,askForTimeLimit,6.0,Europe/Berlin,
closedApp,False,,1752664559.679831,icecubes,,,Europe/Berlin,
closedApp,False,,1752665152.4023,icecubes,,,Europe/Berlin,
openedApp,False,420.0,1752670945.3347049,icecubes,askForTimeLimit,6.0,Europe/Berlin,
dismissedAppOpening,False,,1752671280.227913,icecubes,askForTimeLimit,6.0,Europe/Berlin,
closedApp,False,,1752671028.359833,icecubes,,,Europe/Berlin,
openedApp,False,540.0,1752671783.917692,icecubes,askForTimeLimit,6.0,Europe/Berlin,
closedApp,False,,1752671902.804501,icecubes,,,Europe/Berlin,
openedApp,False,420.0,1752674426.7793078,icecubes,askForTimeLimit,6.0,Europe/Berlin,
closedApp,False,,1752674716.530226,icecubes,,,Europe/Berlin,
closedApp,False,,1752674989.2524939,icecubes,,,Europe/Berlin,
openedApp,True,420.0,1752675011.326222,icecubes,breathingExercise,6.0,Europe/Berlin,Auf dem Laufenden bleiben
closedApp,False,,1752675152.855513,icecubes,,,Europe/Berlin,
openedApp,False,1080.0,1752675808.266578,youtube,breathingExercise,6.0,Europe/Berlin,Langeweile
closedApp,False,,1752676293.802301,youtube,,,Europe/Berlin,
openedApp,False,540.0,1752685415.8531299,icecubes,askForTimeLimit,6.0,Europe/Berlin,
closedApp,False,,1752685566.245895,icecubes,,,Europe/Berlin,
closedApp,False,,1752685641.903913,icecubes,,,Europe/Berlin,
openedApp,False,600.0,1752700483.240635,icecubes,askForTimeLimit,6.0,Europe/Berlin,
closedApp,False,,1752700564.0574021,icecubes,,,Europe/Berlin,
closedApp,False,,1752700885.00001,icecubes,,,Europe/Berlin,
openedApp,False,120.0,1752727064.207197,icecubes,askForTimeLimit,6.0,Europe/Berlin,
closedApp,False,,1752727128.7079592,icecubes,,,Europe/Berlin,
openedApp,False,960.0,1752727695.41369,icecubes,askForTimeLimit,6.0,Europe/Berlin,
closedApp,False,,1752728522.194048,icecubes,,,Europe/Berlin,
closedApp,False,,1752728729.895934,icecubes,,,Europe/Berlin,
openedApp,False,420.0,1752728947.177188,icecubes,askForTimeLimit,6.0,Europe/Berlin,
closedApp,False,,1752729215.189516,icecubes,,,Europe/Berlin,
closedApp,False,,1752731656.0526562,icecubes,,,Europe/Berlin,
closedApp,False,,1752731920.664361,icecubes,,,Europe/Berlin,
closedApp,False,,1752732622.436419,icecubes,,,Europe/Berlin,
openedApp,False,900.0,1752767719.949844,youtube,breathingExercise,6.0,Europe/Berlin,Langeweile
closedApp,False,,1752767965.368588,youtube,,,Europe/Berlin,
openedApp,False,360.0,1752768393.250558,icecubes,askForTimeLimit,6.0,Europe/Berlin,
closedApp,False,,1752768546.916117,icecubes,,,Europe/Berlin,
openedApp,False,960.0,1752771855.9209409,linkedin,breathingExercise,6.0,Europe/Berlin,Klo
closedApp,False,,1752772229.223314,linkedin,,,Europe/Berlin,
openedApp,False,1140.0,1752772251.151983,youtube,breathingExercise,6.0,Europe/Berlin,Klo
closedApp,False,,1752773359.6935968,youtube,,,Europe/Berlin,
openedApp,False,1380.0,1752782102.813849,icecubes,askForTimeLimit,6.0,Europe/Berlin,
closedApp,False,,1752782227.068835,icecubes,,,Europe/Berlin,
openedApp,False,1440.0,1752782596.673624,youtube,breathingExercise,6.0,Europe/Berlin,Unterhaltung
closedApp,False,,1752782669.6477299,youtube,,,Europe/Berlin,
closedApp,False,,1752782798.203624,youtube,,,Europe/Berlin,
closedApp,False,,1752783020.038903,youtube,,,Europe/Berlin,
closedApp,False,,1752783955.07901,youtube,,,Europe/Berlin,
openedApp,False,360.0,1752784038.128854,linkedin,breathingExercise,6.0,Europe/Berlin,Auf dem Laufenden bleiben
closedApp,False,,1752784100.390873,linkedin,,,Europe/Berlin,
openedApp,False,420.0,1752785220.583513,linkedin,breathingExercise,6.0,Europe/Berlin,Nachricht / Schreiben
openedApp,False,1500.0,1752817738.473896,youtube,breathingExercise,6.0,Europe/Berlin,Ablenkung
closedApp,False,,1752819246.367775,youtube,,,Europe/Berlin,
openedApp,True,1800.0,1752819263.1997871,youtube,breathingExercise,6.0,Europe/Berlin,Unterhaltung
closedApp,False,,1752819760.8780289,youtube,,,Europe/Berlin,
closedApp,False,,1752821048.4586558,youtube,,,Europe/Berlin,
openedApp,True,1800.0,1752821067.3413382,youtube,breathingExercise,6.0,Europe/Berlin,Unterhaltung
closedApp,False,,1752821247.261993,youtube,,,Europe/Berlin,
closedApp,False,,1752821270.3506851,youtube,,,Europe/Berlin,
openedApp,False,1800.0,1752821922.489553,youtube,breathingExercise,6.0,Europe/Berlin,Ablenkung
closedApp,False,,1752823521.7971401,youtube,,,Europe/Berlin,
openedApp,False,1320.0,1752830276.0495172,youtube,breathingExercise,6.0,Europe/Berlin,Klo
closedApp,False,,1752831586.140995,youtube,,,Europe/Berlin,
closedApp,False,,1752831817.616057,youtube,,,Europe/Berlin,
closedApp,False,,1752831864.375083,youtube,,,Europe/Berlin,
openedApp,True,1800.0,1752831881.0322099,youtube,breathingExercise,6.0,Europe/Berlin,Unterhaltung
closedApp,False,,1752832309.8484612,youtube,,,Europe/Berlin,
openedApp,False,480.0,1752837660.164767,linkedin,breathingExercise,6.0,Europe/Berlin,Nachricht / Schreiben
closedApp,False,,1752837758.7431378,linkedin,,,Europe/Berlin,
closedApp,False,,1752837826.9536738,linkedin,,,Europe/Berlin,
closedApp,False,,1752837894.311837,linkedin,,,Europe/Berlin,
openedApp,False,540.0,1752838417.675111,linkedin,breathingExercise,6.0,Europe/Berlin,Nachricht / Schreiben
closedApp,False,,1752838504.572223,linkedin,,,Europe/Brussels,
openedApp,False,480.0,1752884012.7412372,linkedin,breathingExercise,6.0,Europe/Brussels,Ablenkung
closedApp,False,,1752884131.2125611,linkedin,,,Europe/Brussels,
openedApp,False,360.0,1752907624.55162,icecubes,askForTimeLimit,6.0,Europe/Brussels,
closedApp,False,,1752907813.4425979,icecubes,,,Europe/Brussels,
closedApp,False,,1752909627.410853,icecubes,,,Europe/Brussels,
openedApp,False,360.0,1752911082.753149,icecubes,askForTimeLimit,6.0,Europe/Brussels,
closedApp,False,,1752911264.117116,icecubes,,,Europe/Brussels,
closedApp,False,,1752911526.897187,icecubes,,,Europe/Brussels,
openedApp,False,780.0,1752918257.372844,icecubes,askForTimeLimit,6.0,Europe/Brussels,
closedApp,False,,1752918374.19327,icecubes,,,Europe/Brussels,
closedApp,False,,1752918997.338128,icecubes,,,Europe/Brussels,
openedApp,False,360.0,1752922738.961385,icecubes,askForTimeLimit,6.0,Europe/Brussels,
closedApp,False,,1752922834.259534,icecubes,,,Europe/Brussels,
openedApp,False,300.0,1752938170.560503,icecubes,askForTimeLimit,6.0,Europe/Brussels,
closedApp,False,,1752938373.6899118,icecubes,,,Europe/Brussels,
closedApp,False,,1752938504.521246,icecubes,,,Europe/Brussels,
closedApp,False,,1752938601.2507238,icecubes,,,Europe/Brussels,
openedApp,False,480.0,1752945528.440823,icecubes,askForTimeLimit,6.0,Europe/Brussels,
closedApp,False,,1752945615.184533,icecubes,,,Europe/Brussels,
openedApp,False,840.0,1752950053.310614,icecubes,askForTimeLimit,6.0,Europe/Brussels,
closedApp,False,,1752950151.249969,icecubes,,,Europe/Brussels,
closedApp,False,,1752950364.105143,icecubes,,,Europe/Brussels,
closedApp,False,,1752950439.270183,icecubes,,,Europe/Brussels,
openedApp,False,300.0,1752951574.338238,linkedin,breathingExercise,6.0,Europe/Brussels,Auf dem Laufenden bleiben
closedApp,False,,1752951880.049428,linkedin,,,Europe/Brussels,
openedApp,False,300.0,1752953054.455101,icecubes,askForTimeLimit,6.0,Europe/Brussels,
closedApp,False,,1752953143.893286,icecubes,,,Europe/Berlin,
closedApp,False,,1752955377.057421,icecubes,,,Europe/Berlin,
closedApp,False,,1752960012.723737,icecubes,,,Europe/Berlin,
closedApp,False,,1752960380.0567799,icecubes,,,Europe/Berlin,
closedApp,False,,1752961880.548573,icecubes,,,Europe/Berlin,
openedApp,False,480.0,1753018870.527779,icecubes,askForTimeLimit,6.0,Europe/Berlin,
closedApp,False,,1753018950.7348862,icecubes,,,Europe/Berlin,
closedApp,False,,1753019452.646957,icecubes,,,Europe/Berlin,
openedApp,True,780.0,1753019470.338592,icecubes,breathingExercise,6.0,Europe/Berlin,Nachricht / Schreiben
dismissedAppOpening,False,,1753019688.514749,icecubes,askForTimeLimit,6.0,Europe/Berlin,
openedApp,False,480.0,1753021705.129745,icecubes,askForTimeLimit,6.0,Europe/Berlin,
closedApp,False,,1753021963.512212,icecubes,,,Europe/Berlin,
openedApp,False,600.0,1753025033.143862,youtube,breathingExercise,6.0,Europe/Berlin,Unterhaltung
closedApp,False,,1753025640.458208,youtube,,,Europe/Berlin,
openedApp,True,360.0,1753025662.8526568,youtube,breathingExercise,6.0,Europe/Berlin,Unterhaltung
closedApp,False,,1753026024.779392,youtube,,,Europe/Berlin,
openedApp,False,600.0,1753027860.71876,youtube,breathingExercise,6.0,Europe/Berlin,Langeweile
closedApp,False,,1753028017.07146,youtube,,,Europe/Berlin,
closedApp,False,,1753028386.387583,youtube,,,Europe/Berlin,
openedApp,False,600.0,1753029000.996238,youtube,breathingExercise,6.0,Europe/Berlin,Entspannung
closedApp,False,,1753029609.039563,youtube,,,Europe/Berlin,
openedApp,True,180.0,1753029625.61232,youtube,breathingExercise,6.0,Europe/Berlin,Ablenkung
closedApp,False,,1753029721.9545078,youtube,,,Europe/Berlin,
openedApp,False,300.0,1753031079.388942,linkedin,breathingExercise,6.0,Europe/Berlin,Ablenkung
closedApp,False,,1753031370.703814,linkedin,,,Europe/Berlin,
openedApp,False,480.0,1753031900.558356,icecubes,askForTimeLimit,6.0,Europe/Berlin,
closedApp,False,,1753032005.803333,icecubes,,,Europe/Berlin,
closedApp,False,,1753032220.536304,icecubes,,,Europe/Berlin,
closedApp,False,,1753033821.341507,icecubes,,,Europe/Berlin,
openedApp,False,300.0,1753035089.575712,icecubes,askForTimeLimit,6.0,Europe/Berlin,
closedApp,False,,1753035183.940644,icecubes,,,Europe/Berlin,
openedApp,False,300.0,1753039655.01865,youtube,breathingExercise,6.0,Europe/Berlin,Ablenkung
closedApp,False,,1753039735.088942,youtube,,,Europe/Berlin,
closedApp,False,,1753040097.8396912,youtube,,,Europe/Berlin,
openedApp,True,660.0,1753040116.4599872,youtube,breathingExercise,6.0,Europe/Berlin,Langeweile
closedApp,False,,1753040397.142761,youtube,,,Europe/Berlin,
openedApp,False,900.0,1753043037.247035,youtube,breathingExercise,6.0,Europe/Berlin,Kann nicht schlafen
closedApp,False,,1753043393.648456,youtube,,,Europe/Berlin,
openedApp,False,1200.0,1753073657.523265,youtube,breathingExercise,6.0,Europe/Berlin,Unterhaltung
closedApp,False,,1753074876.590547,youtube,,,Europe/Berlin,
openedApp,True,780.0,1753074902.023876,youtube,breathingExercise,6.0,Europe/Berlin,Langeweile
closedApp,False,,1753075692.316928,youtube,,,Europe/Berlin,
openedApp,True,900.0,1753075719.259097,youtube,breathingExercise,6.0,Europe/Berlin,Ablenkung
closedApp,False,,1753076341.882417,youtube,,,Europe/Berlin,
closedApp,False,,1753076740.702575,youtube,,,Europe/Berlin,
openedApp,False,300.0,1753111482.846332,icecubes,askForTimeLimit,6.0,Europe/Berlin,
closedApp,False,,1753111788.866018,icecubes,,,Europe/Berlin,
openedApp,False,1500.0,1753114243.839202,youtube,breathingExercise,6.0,Europe/Berlin,Unterhaltung
closedApp,False,,1753115755.007618,youtube,,,Europe/Berlin,
openedApp,True,900.0,1753115769.8602219,youtube,breathingExercise,6.0,Europe/Berlin,Klo
closedApp,False,,1753116111.114845,youtube,,,Europe/Berlin,
closedApp,False,,1753116503.406327,youtube,,,Europe/Berlin,
openedApp,False,1200.0,1753117112.962255,youtube,breathingExercise,6.0,Europe/Berlin,Langeweile
closedApp,False,,1753117364.42365,youtube,,,Europe/Berlin,
openedApp,False,360.0,1753118208.3301039,icecubes,askForTimeLimit,6.0,Europe/Berlin,
closedApp,False,,1753118314.678813,icecubes,,,Europe/Berlin,
openedApp,False,1200.0,1753119646.637909,youtube,breathingExercise,6.0,Europe/Berlin,Auf dem Laufenden bleiben
closedApp,False,,1753119660.78912,youtube,,,Europe/Berlin,
closedApp,False,,1753127202.727552,youtube,,,Europe/Berlin,
openedApp,False,840.0,1753130111.6791902,youtube,breathingExercise,6.0,Europe/Berlin,Unterhaltung
closedApp,False,,1753130970.590323,youtube,,,Europe/Berlin,
openedApp,False,960.0,1753130997.148202,youtube,breathingExercise,6.0,Europe/Berlin,Ablenkung
closedApp,False,,1753131097.7935119,youtube,,,Europe/Berlin,
closedApp,False,,1753131185.8083448,youtube,,,Europe/Berlin,
openedApp,False,1200.0,1753131429.996996,youtube,breathingExercise,6.0,Europe/Berlin,Unterhaltung
closedApp,False,,1753132643.893958,youtube,,,Europe/Berlin,
openedApp,True,960.0,1753132661.40141,youtube,breathingExercise,6.0,Europe/Berlin,Entspannung
closedApp,False,,1753132844.613546,youtube,,,Europe/Berlin,
openedApp,False,300.0,1753134008.250042,icecubes,askForTimeLimit,6.0,Europe/Berlin,
closedApp,False,,1753134251.960377,icecubes,,,Europe/Berlin,
openedApp,False,1800.0,1753162680.3558779,youtube,breathingExercise,6.0,Europe/Berlin,Unterhaltung
dismissedAppOpening,False,,1753162680.618638,youtube,breathingExercise,6.0,Europe/Berlin,
closedApp,False,,1753162698.048092,youtube,,,Europe/Berlin,
closedApp,False,,1753164483.4548721,youtube,,,Europe/Berlin,
closedApp,False,,1753164808.1209931,youtube,,,Europe/Berlin,
openedApp,False,240.0,1753183534.460631,icecubes,askForTimeLimit,6.0,Europe/Berlin,
closedApp,False,,1753183609.558525,icecubes,,,Europe/Berlin,
dismissedAppOpening,False,,1753192042.781269,youtube,breathingExercise,6.0,Europe/Berlin,
openedApp,False,1620.0,1753192067.693616,youtube,breathingExercise,6.0,Europe/Berlin,Klo
closedApp,False,,1753193334.470094,youtube,,,Europe/Berlin,
closedApp,False,,1753194187.704471,youtube,,,Europe/Berlin,
openedApp,False,840.0,1753195309.5066,youtube,breathingExercise,6.0,Europe/Berlin,Crush stalken
closedApp,False,,1753196057.96066,youtube,,,Europe/Berlin,
openedApp,False,960.0,1753219620.922797,youtube,breathingExercise,6.0,Europe/Berlin,Ablenkung
closedApp,False,,1753220151.834111,youtube,,,Europe/Berlin,
openedApp,False,660.0,1753220231.43743,icecubes,askForTimeLimit,6.0,Europe/Berlin,
closedApp,False,,1753220489.901629,icecubes,,,Europe/Berlin,
closedApp,False,,1753221603.3916578,icecubes,,,Europe/Berlin,
openedApp,False,60.0,1753222490.771301,guardian,breathingExercise,6.0,Europe/Berlin,Infos suchen
openedApp,False,1800.0,1753251355.7759972,youtube,breathingExercise,6.0,Europe/Berlin,Klo
closedApp,False,,1753253167.165935,youtube,,,Europe/Berlin,
openedApp,True,660.0,1753253192.6391401,youtube,breathingExercise,6.0,Europe/Berlin,Unterhaltung
closedApp,False,,1753253413.978016,youtube,,,Europe/Berlin,
closedApp,False,,1753253468.245641,youtube,,,Europe/Berlin,
closedApp,False,,1753253576.3203049,youtube,,,Europe/Berlin,
closedApp,False,,1753253959.014896,youtube,,,Europe/Berlin,
openedApp,False,300.0,1753258259.094839,icecubes,askForTimeLimit,6.0,Europe/Berlin,
closedApp,False,,1753258454.522427,icecubes,,,Europe/Berlin,
closedApp,False,,1753258456.984153,icecubes,,,Europe/Berlin,
dismissedAppOpening,False,,1753260719.62574,icecubes,askForTimeLimit,6.0,Europe/Berlin,
dismissedAppOpening,False,,1753261095.2838159,youtube,breathingExercise,6.0,Europe/Berlin,
openedApp,False,1740.0,1753261127.3148031,youtube,breathingExercise,6.0,Europe/Berlin,Klo
closedApp,False,,1753262178.3737369,youtube,,,Europe/Berlin,
closedApp,False,,1753262863.6920671,youtube,,,Europe/Berlin,
openedApp,False,420.0,1753269703.653469,youtube,breathingExercise,6.0,Europe/Berlin,Ablenkung
closedApp,False,,1753270129.701119,youtube,,,Europe/Berlin,
openedApp,False,600.0,1753270653.0477638,youtube,breathingExercise,6.0,Europe/Berlin,Unterhaltung
closedApp,False,,1753270830.209836,youtube,,,Europe/Berlin,
openedApp,False,660.0,1753301070.0374851,youtube,breathingExercise,6.0,Europe/Berlin,Infos suchen
closedApp,False,,1753301132.123898,youtube,,,Europe/Berlin,
closedApp,False,,1753301156.882474,youtube,,,Europe/Berlin,
closedApp,False,,1753301419.419135,youtube,,,Europe/Berlin,
openedApp,False,2100.0,1753301935.2324162,youtube,breathingExercise,6.0,Europe/Berlin,Infos suchen
closedApp,False,,1753302189.0561562,youtube,,,Europe/Berlin,
closedApp,False,,1753303214.821505,youtube,,,Europe/Berlin,
openedApp,False,420.0,1753332994.624047,icecubes,askForTimeLimit,6.0,Europe/Berlin,
closedApp,False,,1753333093.972511,icecubes,,,Europe/Berlin,
closedApp,False,,1753333349.302172,icecubes,,,Europe/Berlin,
closedApp,False,,1753333445.756943,icecubes,,,Europe/Berlin,
closedApp,False,,1753336641.6554332,icecubes,,,Europe/Berlin,
closedApp,False,,1753337775.2799559,icecubes,,,Europe/Berlin,
openedApp,False,1200.0,1753367058.4335542,youtube,breathingExercise,6.0,Europe/Berlin,Unterhaltung
closedApp,False,,1753367927.3960428,youtube,,,Europe/Berlin,
closedApp,False,,1753368265.314204,youtube,,,Europe/Berlin,
openedApp,False,1620.0,1753369640.400312,youtube,breathingExercise,6.0,Europe/Berlin,Unterhaltung
closedApp,False,,1753370949.026365,youtube,,,Europe/Berlin,
closedApp,False,,1753371267.4771008,youtube,,,Europe/Berlin,
openedApp,False,,1753371300.179369,youtube,breathingExercise,6.0,Europe/Berlin,Ablenkung
closedApp,False,,1753372150.592268,youtube,,,Europe/Berlin,
closedApp,False,,1753372746.6772451,youtube,,,Europe/Berlin,
openedApp,False,360.0,1753421679.6014109,youtube,breathingExercise,6.0,Europe/Berlin,Infos suchen
closedApp,False,,1753421772.845032,youtube,,,Europe/Berlin,
openedApp,False,1800.0,1753422264.121284,youtube,breathingExercise,6.0,Europe/Berlin,Ablenkung
closedApp,False,,1753424017.7633982,youtube,,,Europe/Berlin,
openedApp,False,,1753424140.81736,youtube,breathingExercise,6.0,Europe/Berlin,Ablenkung
closedApp,False,,1753424251.254117,youtube,,,Europe/Berlin,
dismissedAppOpening,False,,1753440985.8103251,icecubes,askForTimeLimit,6.0,Europe/Berlin,
openedApp,False,600.0,1753442070.881246,youtube,breathingExercise,6.0,Europe/Berlin,Ablenkung
closedApp,False,,1753442197.662931,youtube,,,Europe/Berlin,
closedApp,False,,1753442495.402777,youtube,,,Europe/Berlin,
openedApp,False,1440.0,1753443190.22069,youtube,breathingExercise,6.0,Europe/Berlin,Ablenkung
openedApp,False,540.0,1753461787.3529701,icecubes,askForTimeLimit,6.0,Europe/Berlin,
closedApp,False,,1753462261.622267,icecubes,,,Europe/Berlin,
openedApp,False,300.0,1753473317.0845618,icecubes,askForTimeLimit,6.0,Europe/Berlin,
closedApp,False,,1753473445.391154,icecubes,,,Europe/Berlin,
openedApp,False,1440.0,1753476616.5169659,youtube,breathingExercise,6.0,Europe/Berlin,Unterhaltung
closedApp,False,,1753477676.267468,youtube,,,Europe/Berlin,
openedApp,False,,1753517187.396668,youtube,breathingExercise,6.0,Europe/Berlin,Klo
closedApp,False,,1753520466.9621649,youtube,,,Europe/Berlin,
closedApp,False,,1753521138.136462,youtube,,,Europe/Berlin,
openedApp,False,600.0,1753526426.1627579,youtube,breathingExercise,6.0,Europe/Berlin,Langeweile
closedApp,False,,1753527032.012836,youtube,,,Europe/Berlin,
openedApp,False,,1753556614.931689,youtube,breathingExercise,6.0,Europe/Berlin,Langeweile
closedApp,False,,1753556752.104473,youtube,,,Europe/Berlin,
closedApp,False,,1753559243.292115,youtube,,,Europe/Berlin,
openedApp,False,1560.0,1753559509.772591,youtube,breathingExercise,6.0,Europe/Berlin,Auf dem Laufenden bleiben
closedApp,False,,1753559778.680126,youtube,,,Europe/Berlin,
closedApp,False,,1753559823.599781,youtube,,,Europe/Berlin,
closedApp,False,,1753560530.589579,youtube,,,Europe/Berlin,
closedApp,False,,1753560559.4012709,youtube,,,Europe/Berlin,
closedApp,False,,1753561333.531779,youtube,,,Europe/Berlin,
closedApp,False,,1753566198.937634,youtube,,,Europe/Berlin,
dismissedAppOpening,False,,1753566301.9127169,icecubes,askForTimeLimit,6.0,Europe/Berlin,
openedApp,False,780.0,1753613353.6627169,linkedin,breathingExercise,6.0,Europe/Berlin,Nachricht / Schreiben
closedApp,False,,1753613372.650722,linkedin,,,Europe/Berlin,
openedApp,False,2280.0,1753624962.131195,youtube,breathingExercise,6.0,Europe/Berlin,Klo
closedApp,False,,1753626612.5482469,youtube,,,Europe/Berlin,
dismissedAppOpening,False,,1753630877.193565,youtube,breathingExercise,6.0,Europe/Berlin,
openedApp,False,1800.0,1753631118.927012,youtube,breathingExercise,6.0,Europe/Berlin,Klo
closedApp,False,,1753632482.791987,youtube,,,Europe/Berlin,
dismissedAppOpening,False,,1753681251.408015,youtube,breathingExercise,6.0,Europe/Berlin,
openedApp,False,1200.0,1753681277.308296,youtube,breathingExercise,6.0,Europe/Berlin,Ablenkung
closedApp,False,,1753682484.957793,youtube,,,Europe/Berlin,
openedApp,True,900.0,1753682503.961736,youtube,breathingExercise,6.0,Europe/Berlin,Ablenkung
closedApp,False,,1753683385.596065,youtube,,,Europe/Berlin,
openedApp,True,2640.0,1753683410.7031069,youtube,breathingExercise,6.0,Europe/Berlin,Unterhaltung
closedApp,False,,1753683573.84622,youtube,,,Europe/Berlin,
closedApp,False,,1753683749.656565,youtube,,,Europe/Berlin,
closedApp,False,,1753686027.766299,youtube,,,Europe/Berlin,
openedApp,False,300.0,1753690043.869652,icecubes,askForTimeLimit,6.0,Europe/Berlin,
closedApp,False,,1753690166.83951,icecubes,,,Europe/Berlin,
closedApp,False,,1753692588.2889462,icecubes,,,Europe/Berlin,
openedApp,False,1560.0,1753696798.567356,youtube,breathingExercise,6.0,Europe/Berlin,Klo
closedApp,False,,1753698365.887053,youtube,,,Europe/Berlin,
openedApp,True,1920.0,1753698383.11727,youtube,breathingExercise,6.0,Europe/Berlin,Ablenkung
closedApp,False,,1753700286.625629,youtube,,,Europe/Berlin,
openedApp,False,1260.0,1753701421.679893,youtube,breathingExercise,6.0,Europe/Berlin,Ablenkung
closedApp,False,,1753702107.389471,youtube,,,Europe/Berlin,
closedApp,False,,1753702293.769493,youtube,,,Europe/Berlin,
closedApp,False,,1753705234.79209,youtube,,,Europe/Berlin,
dismissedAppOpening,False,,1753705356.270766,icecubes,askForTimeLimit,6.0,Europe/Berlin,
openedApp,False,540.0,1753709641.801986,icecubes,askForTimeLimit,6.0,Europe/Berlin,
closedApp,False,,1753709809.251999,icecubes,,,Europe/Berlin,
closedApp,False,,1753710724.56748,icecubes,,,Europe/Berlin,
openedApp,True,360.0,1753710740.4042091,icecubes,breathingExercise,6.0,Europe/Berlin,Nachricht / Schreiben
closedApp,False,,1753711082.0032492,icecubes,,,Europe/Berlin,
openedApp,False,420.0,1753723157.6293612,youtube,breathingExercise,6.0,Europe/Berlin,Klo
closedApp,False,,1753723237.353207,youtube,,,Europe/Berlin,
dismissedAppOpening,False,,1753723922.077476,youtube,breathingExercise,6.0,Europe/Berlin,
openedApp,False,60.0,1753723944.151578,youtube,breathingExercise,6.0,Europe/Berlin,Unterhaltung
closedApp,False,,1753724009.7008739,youtube,,,Europe/Berlin,
openedApp,False,300.0,1753731081.3410702,icecubes,askForTimeLimit,6.0,Europe/Berlin,
closedApp,False,,1753731186.857404,icecubes,,,Europe/Berlin,
openedApp,False,1680.0,1753732950.7506762,youtube,breathingExercise,6.0,Europe/Berlin,Unterhaltung
closedApp,False,,1753734609.673109,youtube,,,Europe/Berlin,
openedApp,False,1260.0,1753764153.266639,youtube,breathingExercise,6.0,Europe/Berlin,Unterhaltung
closedApp,False,,1753765422.3230572,youtube,,,Europe/Berlin,
openedApp,True,1440.0,1753765446.810505,youtube,breathingExercise,6.0,Europe/Berlin,Ablenkung
closedApp,False,,1753766893.162698,youtube,,,Europe/Berlin,
openedApp,True,360.0,1753766907.9916759,youtube,breathingExercise,6.0,Europe/Berlin,Klo
closedApp,False,,1753767218.988267,youtube,,,Europe/Berlin,
closedApp,False,,1753773071.544221,icecubes,,,Europe/Berlin,
closedApp,False,,1753773081.413796,icecubes,,,Europe/Berlin,
closedApp,False,,1753796481.450758,icecubes,,,Europe/Berlin,
closedApp,False,,1753801687.2105021,icecubes,,,Europe/Berlin,
closedApp,False,,1753801816.451407,icecubes,,,Europe/Berlin,
openedApp,False,360.0,1753823301.911499,icecubes,askForTimeLimit,6.0,Europe/Berlin,
closedApp,False,,1753823334.818829,icecubes,,,Europe/Berlin,
openedApp,False,1620.0,1753855896.2473469,youtube,breathingExercise,6.0,Europe/Berlin,Unterhaltung
closedApp,False,,1753857508.105665,youtube,,,Europe/Berlin,
openedApp,False,,1753857551.085122,youtube,breathingExercise,6.0,Europe/Berlin,Langeweile
closedApp,False,,1753857597.932416,youtube,,,Europe/Berlin,
closedApp,False,,1753860615.5792952,youtube,,,Europe/Berlin,
openedApp,False,1800.0,1753865202.860498,youtube,breathingExercise,6.0,Europe/Berlin,Klo
closedApp,False,,1753867013.286299,youtube,,,Europe/Berlin,
openedApp,True,1020.0,1753867029.79756,youtube,breathingExercise,6.0,Europe/Berlin,Klo
closedApp,False,,1753868030.061821,youtube,,,Europe/Berlin,
openedApp,False,2640.0,1753869697.9931011,youtube,breathingExercise,6.0,Europe/Berlin,Unterhaltung
closedApp,False,,1753871213.478691,youtube,,,Europe/Berlin,
closedApp,False,,1753872425.3095222,youtube,,,Europe/Berlin,
openedApp,True,1260.0,1753872444.232425,youtube,breathingExercise,6.0,Europe/Berlin,Ablenkung
closedApp,False,,1753872520.885931,youtube,,,Europe/Berlin,
closedApp,False,,1753873735.904405,youtube,,,Europe/Berlin,
openedApp,True,60.0,1753873753.118679,youtube,breathingExercise,6.0,Europe/Berlin,Langeweile
closedApp,False,,1753873813.60675,youtube,,,Europe/Berlin,
openedApp,False,,1753885576.834254,beReal,breathingExercise,6.0,Europe/Berlin,Likes checken
dismissedAppOpening,False,,1753885748.072254,youtube,breathingExercise,6.0,Europe/Berlin,
dismissedAppOpening,False,,1753885798.249074,youtube,breathingExercise,6.0,Europe/Berlin,
openedApp,False,780.0,1753885850.79811,youtube,breathingExercise,6.0,Europe/Berlin,Unterhaltung
closedApp,False,,1753886635.6863909,youtube,,,Europe/Berlin,
openedApp,True,960.0,1753886661.253746,youtube,breathingExercise,6.0,Europe/Berlin,Langeweile
closedApp,False,,1753887422.308053,youtube,,,Europe/Berlin,
closedApp,False,,1753887661.2740169,youtube,,,Europe/Berlin,
openedApp,True,,1753887682.0173569,youtube,breathingExercise,6.0,Europe/Berlin,Auf dem Laufenden bleiben
closedApp,False,,1753889746.801392,youtube,,,Europe/Berlin,
openedApp,False,180.0,1753892044.705124,youtube,breathingExercise,6.0,Europe/Berlin,Klo
closedApp,False,,1753892119.468116,youtube,,,Europe/Berlin,
openedApp,False,600.0,1753893729.201083,youtube,breathingExercise,6.0,Europe/Berlin,Ablenkung
closedApp,False,,1753894169.177753,youtube,,,Europe/Berlin,
openedApp,False,240.0,1753898688.7901812,linkedin,breathingExercise,6.0,Europe/Berlin,Infos suchen
closedApp,False,,1753898751.60238,linkedin,,,Europe/Berlin,
closedApp,False,,1753899062.753275,linkedin,,,Europe/Berlin,
openedApp,False,360.0,1753899403.005266,linkedin,breathingExercise,6.0,Europe/Berlin,Infos suchen
closedApp,False,,1753899453.4293609,linkedin,,,Europe/Berlin,
openedApp,False,720.0,1753900434.623544,youtube,breathingExercise,6.0,Europe/Berlin,Ablenkung
closedApp,False,,1753899548.656721,linkedin,,,Europe/Berlin,
closedApp,False,,1753900878.2545261,youtube,,,Europe/Berlin,
dismissedAppOpening,False,,1753905824.3391628,linkedin,breathingExercise,6.0,Europe/Berlin,
openedApp,False,420.0,1753905854.139849,linkedin,breathingExercise,6.0,Europe/Berlin,Etwas posten
closedApp,False,,1753905901.795906,linkedin,,,Europe/Berlin,
openedApp,False,600.0,1753906526.578393,youtube,breathingExercise,6.0,Europe/Berlin,Ablenkung
closedApp,False,,1753906637.91428,youtube,,,Europe/Berlin,
closedApp,False,,1753907083.26703,youtube,,,Europe/Berlin,
closedApp,False,,1753907405.2831311,youtube,,,Europe/Berlin,
dismissedAppOpening,False,,1753936477.034157,icecubes,askForTimeLimit,6.0,Europe/Berlin,
openedApp,False,420.0,1753981902.731367,youtube,breathingExercise,6.0,Europe/Berlin,Langeweile
closedApp,False,,1753982328.518579,youtube,,,Europe/Berlin,
openedApp,False,600.0,1754026494.93016,linkedin,breathingExercise,6.0,Europe/Berlin,Nachricht / Schreiben
closedApp,False,,1754026508.879175,linkedin,,,Europe/Berlin,
openedApp,False,1800.0,1754027356.736665,youtube,breathingExercise,6.0,Europe/Berlin,Langeweile
closedApp,False,,1754029165.417505,youtube,,,Europe/Berlin,
openedApp,True,1800.0,1754029186.8913531,youtube,breathingExercise,6.0,Europe/Berlin,Infos suchen
closedApp,False,,1754029901.8250499,youtube,,,Europe/Berlin,
closedApp,False,,1754030890.9054961,youtube,,,Europe/Berlin,
openedApp,False,360.0,1754039031.078607,icecubes,askForTimeLimit,6.0,Europe/Berlin,
closedApp,False,,1754039278.2662349,icecubes,,,Europe/Berlin,
closedApp,False,,1754040053.143502,icecubes,,,Europe/Berlin,
closedApp,False,,1754041047.3033261,icecubes,,,Europe/Berlin,
openedApp,False,300.0,1754052699.916496,icecubes,askForTimeLimit,6.0,Europe/Berlin,
closedApp,False,,1754052796.4198852,icecubes,,,Europe/Berlin,
openedApp,False,420.0,1754078638.546317,youtube,breathingExercise,6.0,Europe/Berlin,Langeweile
closedApp,False,,1754079065.816612,youtube,,,Europe/Berlin,
openedApp,True,780.0,1754079081.293293,youtube,breathingExercise,6.0,Europe/Berlin,Langeweile
closedApp,False,,1754079540.3167439,youtube,,,Europe/Berlin,
openedApp,False,1380.0,1754081639.96139,youtube,breathingExercise,6.0,Europe/Berlin,Unterhaltung
closedApp,False,,1754082392.300383,youtube,,,Europe/Berlin,
dismissedAppOpening,False,,1754082700.0546842,youtube,breathingExercise,6.0,Europe/Berlin,
openedApp,False,1020.0,1754082721.38326,youtube,breathingExercise,6.0,Europe/Berlin,Unterhaltung
closedApp,False,,1754083207.844415,youtube,,,Europe/Berlin,
dismissedAppOpening,False,,1754084959.822402,icecubes,askForTimeLimit,6.0,Europe/Berlin,
openedApp,False,420.0,1754119959.994276,icecubes,askForTimeLimit,6.0,Europe/Berlin,
closedApp,False,,1754120199.976141,icecubes,,,Europe/Berlin,
closedApp,False,,1754120217.607389,icecubes,,,Europe/Berlin,
closedApp,False,,1754120547.181531,icecubes,,,Europe/Berlin,
openedApp,False,1800.0,1754132051.96929,youtube,breathingExercise,6.0,Europe/Berlin,Unterhaltung
closedApp,False,,1754133869.1438751,youtube,,,Europe/Berlin,
openedApp,True,1800.0,1754133887.66803,youtube,breathingExercise,6.0,Europe/Berlin,Klo
closedApp,False,,1754135852.8450298,youtube,,,Europe/Berlin,
openedApp,True,1200.0,1754135871.26271,youtube,breathingExercise,6.0,Europe/Berlin,Klo
closedApp,False,,1754136413.951716,youtube,,,Europe/Berlin,
openedApp,False,,1754137007.2346501,youtube,breathingExercise,6.0,Europe/Berlin,Unterhaltung
openedApp,False,,1754145349.963902,youtube,breathingExercise,6.0,Europe/Berlin,Unterhaltung
closedApp,False,,1754145764.413101,youtube,,,Europe/Berlin,
dismissedAppOpening,False,,1754147256.801409,youtube,breathingExercise,6.0,Europe/Berlin,
openedApp,False,,1754147698.187883,youtube,breathingExercise,6.0,Europe/Berlin,Unterhaltung
closedApp,False,,1754150268.7067552,youtube,,,Europe/Berlin,
openedApp,False,,1754150528.601046,youtube,breathingExercise,6.0,Europe/Berlin,Auf dem Laufenden bleiben
closedApp,False,,1754152108.222721,youtube,,,Europe/Berlin,
dismissedAppOpening,False,,1754156472.708576,youtube,breathingExercise,6.0,Europe/Berlin,
openedApp,False,,1754162849.52774,youtube,breathingExercise,6.0,Europe/Berlin,Klo
closedApp,False,,1754162895.327609,youtube,,,Europe/Berlin,
closedApp,False,,1754171851.9511561,youtube,,,Europe/Berlin,
openedApp,False,,1754238904.721389,guardian,,,Europe/Berlin,
closedApp,False,,1754239504.72139,guardian,,,Europe/Berlin,
dismissedAppOpening,False,,1754239504.72139,guardian,,,Europe/Berlin,
openedApp,False,,1754239641.5561662,youtube,breathingExercise,6.0,Europe/Berlin,Klo
closedApp,False,,1754240608.8981152,youtube,,,Europe/Berlin,
closedApp,False,,1754241522.475635,youtube,,,Europe/Berlin,
openedApp,False,1200.0,1754287705.6643028,youtube,breathingExercise,6.0,Europe/Berlin,Unterhaltung
closedApp,False,,1754288916.61608,youtube,,,Europe/Berlin,
openedApp,True,,1754288933.727227,youtube,breathingExercise,6.0,Europe/Berlin,Unterhaltung
closedApp,False,,1754289005.936191,youtube,,,Europe/Berlin,
closedApp,False,,1754289136.939179,youtube,,,Europe/Berlin,
closedApp,False,,1754289421.487644,youtube,,,Europe/Berlin,
closedApp,False,,1754289806.3863711,youtube,,,Europe/Berlin,
closedApp,False,,1754290502.463953,youtube,,,Europe/Berlin,
openedApp,False,1080.0,1754292755.3911319,youtube,breathingExercise,6.0,Europe/Berlin,Langeweile
closedApp,False,,1754293844.389545,youtube,,,Europe/Berlin,
openedApp,True,,1754293871.335425,youtube,breathingExercise,6.0,Europe/Berlin,Langeweile
closedApp,False,,1754298028.8690171,youtube,,,Europe/Berlin,
openedApp,False,,1754301150.438486,youtube,breathingExercise,6.0,Europe/Berlin,Ablenkung
closedApp,False,,1754302781.588148,youtube,,,Europe/Berlin,
dismissedAppOpening,False,,1754303734.0383692,youtube,breathingExercise,6.0,Europe/Berlin,
openedApp,False,,1754307834.0643392,youtube,breathingExercise,6.0,Europe/Berlin,Auf dem Laufenden bleiben
closedApp,False,,1754309132.104216,youtube,,,Europe/Berlin,
closedApp,False,,1754309688.762687,youtube,,,Europe/Berlin,
openedApp,False,,1754315692.4576612,youtube,breathingExercise,6.0,Europe/Berlin,Klo
closedApp,False,,1754315753.468916,youtube,,,Europe/Berlin,
closedApp,False,,1754316667.945956,youtube,,,Europe/Berlin,
openedApp,False,900.0,1754370865.566839,icecubes,askForTimeLimit,6.0,Europe/Berlin,
closedApp,False,,1754371770.4317331,icecubes,,,Europe/Berlin,
openedApp,False,1860.0,1754378146.306312,youtube,breathingExercise,6.0,Europe/Berlin,Klo
