resolution,timestamp,interventionDuration,interventionType,timezone,isReIntervention,app,timeIntervalUntilReIntervention
dismissedAppOpening,1752510193.300057,6,askForTimeLimit,Europe/Paris,False,instagram,
dismissedAppOpening,1752510928.625073,6,askForTimeLimit,Europe/Paris,False,instagram,
openedApp,1752512622.158461,6,askForTimeLimit,Europe/Paris,False,instagram,300.0
dismissedAppOpening,1752512737.917574,6,breathingExercise,Europe/Paris,True,instagram,
openedApp,1752514203.102469,6,askForTimeLimit,Europe/Paris,False,instagram,300.0
openedApp,1752516255.695602,6,askForTimeLimit,Europe/Paris,False,instagram,300.0
openedApp,1752516581.508424,6,breathingExercise,Europe/Paris,True,instagram,300.0
openedApp,1752516898.3121362,6,breathingExercise,Europe/Paris,True,instagram,300.0
openedApp,1752517221.129513,6,breathingExercise,Europe/Paris,True,instagram,300.0
openedApp,1752517538.627857,6,breathingExercise,Europe/Paris,True,instagram,300.0
openedApp,1752521835.832179,6,askForTimeLimit,Europe/Paris,False,instagram,60.0
openedApp,1752521868.700492,6,askForTimeLimit,Europe/Paris,False,instagram,600.0
openedApp,1752522185.829773,6,askForTimeLimit,Europe/Paris,False,instagram,600.0
dismissedAppOpening,1752522245.384677,6,askForTimeLimit,Europe/Paris,False,instagram,
openedApp,1752522466.1163158,6,askForTimeLimit,Europe/Paris,False,instagram,60.0
openedApp,1752522547.696882,6,breathingExercise,Europe/Paris,True,instagram,780.0
dismissedAppOpening,1752522792.6498961,6,askForTimeLimit,Europe/Paris,False,instagram,
dismissedAppOpening,1752522881.004741,6,askForTimeLimit,Europe/Paris,False,instagram,
dismissedAppOpening,1752522885.522276,6,askForTimeLimit,Europe/Paris,False,instagram,
dismissedAppOpening,1752523004.784371,6,askForTimeLimit,Europe/Paris,False,instagram,
dismissedAppOpening,1752523012.48076,6,askForTimeLimit,Europe/Paris,False,instagram,
openedApp,1752533369.224145,6,askForTimeLimit,Europe/Paris,False,instagram,1200.0
openedApp,1752533532.910842,6,askForTimeLimit,Europe/Paris,False,instagram,900.0
openedApp,1752533966.013908,6,askForTimeLimit,Europe/Paris,False,instagram,780.0
openedApp,1752534585.568315,6,askForTimeLimit,Europe/Paris,False,instagram,60.0
openedApp,1752535664.585165,6,askForTimeLimit,Europe/Paris,False,instagram,1200.0
openedApp,1752535843.9068542,6,askForTimeLimit,Europe/Paris,False,instagram,60.0
dismissedAppOpening,1752536445.734846,6,askForTimeLimit,Europe/Paris,False,instagram,
openedApp,1752536457.4105558,6,askForTimeLimit,Europe/Paris,False,instagram,1320.0
openedApp,1752537759.578857,6,askForTimeLimit,Europe/Paris,False,instagram,480.0
openedApp,1752562859.24019,6,askForTimeLimit,Europe/Paris,False,instagram,300.0
dismissedAppOpening,1752563243.888064,6,breathingExercise,Europe/Paris,False,instagram,
dismissedAppOpening,1752573374.272008,6,askForTimeLimit,Europe/Paris,False,instagram,
openedApp,1752573383.350699,6,askForTimeLimit,Europe/Paris,False,instagram,300.0
openedApp,1752573502.595211,6,askForTimeLimit,Europe/Paris,False,instagram,60.0
dismissedAppOpening,1752573612.182526,6,askForTimeLimit,Europe/Paris,False,instagram,
dismissedAppOpening,1752574085.155216,6,breathingExercise,Europe/Paris,False,instagram,
dismissedAppOpening,1752575218.0839381,6,askForTimeLimit,Europe/Paris,False,instagram,
dismissedAppOpening,1752575243.210047,6,askForTimeLimit,Europe/Paris,False,instagram,
dismissedAppOpening,1752575916.00857,6,askForTimeLimit,Europe/Paris,False,instagram,
dismissedAppOpening,1752581199.549117,6,askForTimeLimit,Europe/Paris,False,instagram,
openedApp,1752581818.549395,6,breathingExercise,Europe/Paris,False,instagram,600.0
dismissedAppOpening,1752583194.322154,6,askForTimeLimit,Europe/Paris,False,instagram,
openedApp,1752584127.600086,6,askForTimeLimit,Europe/Paris,False,instagram,300.0
openedApp,1752591816.308401,6,askForTimeLimit,Europe/Paris,False,instagram,60.0
openedApp,1752591897.043775,6,breathingExercise,Europe/Paris,True,instagram,300.0
dismissedAppOpening,1752598723.648284,6,askForTimeLimit,Europe/Paris,False,instagram,
openedApp,1752598784.7515988,6,askForTimeLimit,Europe/Paris,False,instagram,1440.0
openedApp,1752599621.420017,6,askForTimeLimit,Europe/Paris,False,instagram,960.0
openedApp,1752599977.907788,6,askForTimeLimit,Europe/Paris,False,instagram,1440.0
openedApp,1752603238.27628,6,askForTimeLimit,Europe/Paris,False,instagram,1260.0
openedApp,1752603351.678022,6,askForTimeLimit,Europe/Paris,False,instagram,60.0
openedApp,1752603502.723675,6,breathingExercise,Europe/Paris,False,instagram,1380.0
openedApp,1752605609.594475,6,askForTimeLimit,Europe/Paris,False,instagram,300.0
dismissedAppOpening,1752605789.0804582,6,askForTimeLimit,Europe/Paris,False,instagram,
openedApp,1752606061.348408,6,askForTimeLimit,Europe/Paris,False,instagram,60.0
dismissedAppOpening,1752606160.141755,6,breathingExercise,Europe/Paris,True,instagram,
dismissedAppOpening,1752606180.169256,6,breathingExercise,Europe/Paris,False,instagram,
openedApp,1752610248.759513,6,askForTimeLimit,Europe/Paris,False,instagram,900.0
dismissedAppOpening,1752610860.7401772,6,askForTimeLimit,Europe/Paris,False,instagram,
dismissedAppOpening,1752610864.450605,6,askForTimeLimit,Europe/Paris,False,instagram,
dismissedAppOpening,1752612167.918941,6,askForTimeLimit,Europe/Paris,False,instagram,
dismissedAppOpening,1752612967.151876,6,askForTimeLimit,Europe/Paris,False,instagram,
openedApp,1752613378.724938,6,askForTimeLimit,Europe/Paris,False,instagram,1500.0
openedApp,1752613669.1723099,6,askForTimeLimit,Europe/Paris,False,instagram,1200.0
openedApp,1752613863.008706,6,askForTimeLimit,Europe/Paris,False,instagram,1200.0
dismissedAppOpening,1752614340.668188,6,askForTimeLimit,Europe/Paris,False,instagram,
openedApp,1752614345.677666,6,askForTimeLimit,Europe/Paris,False,instagram,1800.0
openedApp,1752614621.418764,6,askForTimeLimit,Europe/Paris,False,instagram,1260.0
openedApp,1752615148.7575998,6,askForTimeLimit,Europe/Paris,False,instagram,420.0
openedApp,1752615376.831567,6,askForTimeLimit,Europe/Paris,False,instagram,660.0
openedApp,1752615562.530832,6,askForTimeLimit,Europe/Paris,False,instagram,720.0
openedApp,1752615615.905614,6,askForTimeLimit,Europe/Paris,False,instagram,1080.0
dismissedAppOpening,1752615906.9150681,6,askForTimeLimit,Europe/Paris,False,instagram,
openedApp,1752617670.121901,6,askForTimeLimit,Europe/Paris,False,instagram,660.0
openedApp,1752618615.7471719,6,askForTimeLimit,Europe/Paris,False,instagram,420.0
openedApp,1752618884.880602,6,askForTimeLimit,Europe/Paris,False,instagram,840.0
openedApp,1752618999.369174,6,askForTimeLimit,Europe/Paris,False,instagram,960.0
dismissedAppOpening,1752619045.525278,6,askForTimeLimit,Europe/Paris,False,instagram,
openedApp,1752619049.515635,6,askForTimeLimit,Europe/Paris,False,instagram,720.0
dismissedAppOpening,1752619146.167537,6,askForTimeLimit,Europe/Paris,False,instagram,
openedApp,1752619150.4644442,6,askForTimeLimit,Europe/Paris,False,instagram,720.0
openedApp,1752619238.888531,6,askForTimeLimit,Europe/Paris,False,instagram,600.0
openedApp,1752619314.00385,6,askForTimeLimit,Europe/Paris,False,instagram,540.0
openedApp,1752619685.7169561,6,askForTimeLimit,Europe/Paris,False,instagram,480.0
dismissedAppOpening,1752620758.273848,6,askForTimeLimit,Europe/Paris,False,instagram,
dismissedAppOpening,1752620765.5693722,6,askForTimeLimit,Europe/Paris,False,instagram,
openedApp,1752647320.3463778,6,askForTimeLimit,Europe/Paris,False,instagram,720.0
openedApp,1752647408.004716,6,askForTimeLimit,Europe/Paris,False,instagram,1080.0
dismissedAppOpening,1752647532.584894,6,askForTimeLimit,Europe/Paris,False,instagram,
openedApp,1752649748.9705071,6,askForTimeLimit,Europe/Paris,False,instagram,1200.0
openedApp,1752650070.5141249,6,askForTimeLimit,Europe/Paris,False,instagram,420.0
openedApp,1752651074.783092,6,askForTimeLimit,Europe/Paris,False,instagram,1380.0
openedApp,1752651283.812379,6,askForTimeLimit,Europe/Paris,False,instagram,660.0
openedApp,1752651434.3953161,6,askForTimeLimit,Europe/Paris,False,instagram,900.0
openedApp,1752651481.0361161,6,askForTimeLimit,Europe/Paris,False,instagram,540.0
openedApp,1752651644.780136,6,askForTimeLimit,Europe/Paris,False,instagram,720.0
openedApp,1752657972.841557,6,askForTimeLimit,Europe/Paris,False,instagram,660.0
openedApp,1752658969.294848,6,askForTimeLimit,Europe/Paris,False,instagram,660.0
openedApp,1752660320.995532,6,askForTimeLimit,Europe/Paris,False,instagram,540.0
openedApp,1752661335.8764,6,askForTimeLimit,Europe/Paris,False,instagram,900.0
openedApp,1752661369.335301,6,askForTimeLimit,Europe/Paris,False,instagram,480.0
dismissedAppOpening,1752661883.9178991,6,askForTimeLimit,Europe/Paris,False,instagram,
dismissedAppOpening,1752661888.769829,6,askForTimeLimit,Europe/Paris,False,instagram,
openedApp,1752661896.550568,6,askForTimeLimit,Europe/Paris,False,instagram,300.0
openedApp,1752666397.65306,6,askForTimeLimit,Europe/Paris,False,instagram,480.0
openedApp,1752671169.3168101,6,askForTimeLimit,Europe/Paris,False,instagram,660.0
openedApp,1752671207.177501,6,askForTimeLimit,Europe/Paris,False,instagram,540.0
openedApp,1752673318.783881,6,askForTimeLimit,Europe/Paris,False,instagram,600.0
openedApp,1752673565.778733,6,askForTimeLimit,Europe/Paris,False,instagram,480.0
openedApp,1752673882.1652389,6,askForTimeLimit,Europe/Paris,False,instagram,420.0
openedApp,1752673911.9407802,6,askForTimeLimit,Europe/Paris,False,instagram,840.0
openedApp,1752674111.9988341,6,askForTimeLimit,Europe/Paris,False,instagram,480.0
openedApp,1752674867.979388,6,askForTimeLimit,Europe/Paris,False,instagram,420.0
openedApp,1752675338.9591808,6,askForTimeLimit,Europe/Paris,False,instagram,840.0
openedApp,1752676465.104105,6,askForTimeLimit,Europe/Paris,False,instagram,360.0
openedApp,1752676537.566927,6,askForTimeLimit,Europe/Paris,False,instagram,300.0
openedApp,1752677018.513053,6,askForTimeLimit,Europe/Paris,False,instagram,60.0
openedApp,1752677555.474103,6,askForTimeLimit,Europe/Paris,False,instagram,360.0
openedApp,1752678495.126782,6,askForTimeLimit,Europe/Paris,False,instagram,300.0
openedApp,1752678509.275655,6,askForTimeLimit,Europe/Paris,False,instagram,480.0
dismissedAppOpening,1752678828.002805,6,askForTimeLimit,Europe/Paris,False,instagram,
openedApp,1752678834.095244,6,askForTimeLimit,Europe/Paris,False,instagram,540.0
dismissedAppOpening,1752680330.896924,6,askForTimeLimit,Europe/Paris,False,instagram,
openedApp,1752680405.681723,6,askForTimeLimit,Europe/Paris,False,instagram,360.0
openedApp,1752680747.855411,6,askForTimeLimit,Europe/Paris,False,instagram,420.0
openedApp,1752682506.038573,6,askForTimeLimit,Europe/Paris,False,instagram,720.0
openedApp,1752682912.11622,6,askForTimeLimit,Europe/Paris,False,instagram,840.0
dismissedAppOpening,1752683038.213723,6,askForTimeLimit,Europe/Paris,False,instagram,
dismissedAppOpening,1752683043.1093202,6,askForTimeLimit,Europe/Paris,False,instagram,
openedApp,1752683765.976274,6,askForTimeLimit,Europe/Paris,False,instagram,660.0
openedApp,1752684213.720969,6,askForTimeLimit,Europe/Paris,False,instagram,420.0
dismissedAppOpening,1752684427.828474,6,askForTimeLimit,Europe/Paris,False,instagram,
dismissedAppOpening,1752684856.713983,6,askForTimeLimit,Europe/Paris,False,instagram,
dismissedAppOpening,1752684920.7202811,6,askForTimeLimit,Europe/Paris,False,instagram,
openedApp,1752684926.164692,6,askForTimeLimit,Europe/Paris,False,instagram,660.0
openedApp,1752684982.874181,6,askForTimeLimit,Europe/Paris,False,instagram,840.0
openedApp,1752685059.9989228,6,askForTimeLimit,Europe/Paris,False,instagram,840.0
openedApp,1752685087.4259648,6,askForTimeLimit,Europe/Paris,False,instagram,480.0
dismissedAppOpening,1752685151.979889,6,askForTimeLimit,Europe/Paris,False,instagram,
openedApp,1752685168.3434548,6,askForTimeLimit,Europe/Paris,False,instagram,540.0
openedApp,1752687276.0607991,6,askForTimeLimit,Europe/Paris,False,instagram,720.0
openedApp,1752689295.4656591,6,askForTimeLimit,Europe/Paris,False,instagram,480.0
openedApp,1752690802.2573829,6,askForTimeLimit,Europe/Paris,False,instagram,480.0
openedApp,1752704372.004993,6,askForTimeLimit,Europe/Paris,False,instagram,1320.0
dismissedAppOpening,1752704488.773006,6,askForTimeLimit,Europe/Paris,False,instagram,
openedApp,1752706890.5808249,6,askForTimeLimit,Europe/Paris,False,instagram,720.0
openedApp,1752732073.874331,6,askForTimeLimit,Europe/Paris,False,instagram,420.0
openedApp,1752734655.453278,6,askForTimeLimit,Europe/Paris,False,instagram,420.0
openedApp,1752738110.333482,6,askForTimeLimit,Europe/Paris,False,instagram,540.0
openedApp,1752738847.672137,6,askForTimeLimit,Europe/Paris,False,instagram,480.0
openedApp,1752739529.289588,6,askForTimeLimit,Europe/Paris,False,instagram,540.0
openedApp,1752739942.770159,6,askForTimeLimit,Europe/Paris,False,instagram,480.0
openedApp,1752741005.289497,6,askForTimeLimit,Europe/Paris,False,instagram,600.0
openedApp,1752747267.1736221,6,askForTimeLimit,Europe/Paris,False,instagram,900.0
openedApp,1752747890.546031,6,askForTimeLimit,Europe/Paris,False,instagram,540.0
openedApp,1752750423.219641,6,askForTimeLimit,Europe/Paris,False,instagram,840.0
openedApp,1752750490.942133,6,askForTimeLimit,Europe/Paris,False,instagram,720.0
openedApp,1752751275.043922,6,askForTimeLimit,Europe/Paris,False,instagram,720.0
openedApp,1752751572.716885,6,askForTimeLimit,Europe/Paris,False,instagram,720.0
openedApp,1752751788.441144,6,askForTimeLimit,Europe/Paris,False,instagram,960.0
openedApp,1752751940.384656,6,askForTimeLimit,Europe/Paris,False,instagram,1380.0
openedApp,1752752530.23141,6,askForTimeLimit,Europe/Paris,False,instagram,1080.0
openedApp,1752757114.4042,6,askForTimeLimit,Europe/Paris,False,instagram,1500.0
openedApp,1752759323.900712,6,askForTimeLimit,Europe/Paris,False,instagram,780.0
openedApp,1752760646.4871721,6,askForTimeLimit,Europe/Paris,False,instagram,60.0
dismissedAppOpening,1752760732.0214481,6,askForTimeLimit,Europe/Paris,False,instagram,
dismissedAppOpening,1752760938.747025,6,askForTimeLimit,Europe/Paris,False,instagram,
dismissedAppOpening,1752763565.273221,6,askForTimeLimit,Europe/Paris,False,instagram,
openedApp,1752763579.360373,6,askForTimeLimit,Europe/Paris,False,instagram,360.0
openedApp,1752771175.7963018,6,askForTimeLimit,Europe/Paris,False,instagram,600.0
openedApp,1752771522.566423,6,askForTimeLimit,Europe/Paris,False,instagram,720.0
openedApp,1752771854.689199,6,askForTimeLimit,Europe/Paris,False,instagram,480.0
openedApp,1752772074.443799,6,askForTimeLimit,Europe/Paris,False,instagram,1560.0
openedApp,1752772633.236538,6,askForTimeLimit,Europe/Paris,False,instagram,1080.0
openedApp,1752772989.803843,6,askForTimeLimit,Europe/Paris,False,instagram,900.0
openedApp,1752773326.577876,6,askForTimeLimit,Europe/Paris,False,instagram,1380.0
openedApp,1752776581.617337,6,askForTimeLimit,Europe/Paris,False,instagram,1020.0
openedApp,1752777625.914778,6,breathingExercise,Europe/Paris,True,instagram,1260.0
openedApp,1752778757.052662,6,askForTimeLimit,Europe/Paris,False,instagram,900.0
openedApp,1752780820.5349278,6,askForTimeLimit,Europe/Paris,False,instagram,540.0
dismissedAppOpening,1752781717.259255,6,askForTimeLimit,Europe/Paris,False,instagram,
openedApp,1752783617.316483,6,askForTimeLimit,Europe/Paris,False,instagram,1320.0
openedApp,1752784322.252911,6,askForTimeLimit,Europe/Paris,False,instagram,540.0
openedApp,1752784744.247974,6,askForTimeLimit,Europe/Paris,False,instagram,720.0
openedApp,1752788250.535047,6,askForTimeLimit,Europe/Paris,False,instagram,1440.0
openedApp,1752788834.394112,6,askForTimeLimit,Europe/Paris,False,instagram,420.0
openedApp,1752819645.248207,6,askForTimeLimit,Europe/Paris,False,instagram,1140.0
openedApp,1752820209.5775151,6,askForTimeLimit,Europe/Paris,False,instagram,1200.0
openedApp,1752821288.3650331,6,askForTimeLimit,Europe/Paris,False,instagram,60.0
dismissedAppOpening,1752821406.865306,6,breathingExercise,Europe/Paris,False,instagram,
openedApp,1752823526.024739,6,askForTimeLimit,Europe/Paris,False,instagram,1140.0
openedApp,1752823657.437111,6,askForTimeLimit,Europe/Paris,False,instagram,1500.0
openedApp,1752824902.327009,6,askForTimeLimit,Europe/Paris,False,instagram,960.0
openedApp,1752825120.0686831,6,askForTimeLimit,Europe/Paris,False,instagram,960.0
openedApp,1752825292.0298471,6,askForTimeLimit,Europe/Paris,False,instagram,1200.0
openedApp,1752826366.8929992,6,askForTimeLimit,Europe/Paris,False,instagram,780.0
openedApp,1752826938.758455,6,askForTimeLimit,Europe/Paris,False,instagram,660.0
openedApp,1752827098.925727,6,askForTimeLimit,Europe/Paris,False,instagram,720.0
openedApp,1752827854.053214,6,askForTimeLimit,Europe/Paris,False,instagram,840.0
openedApp,1752828728.054093,6,askForTimeLimit,Europe/Paris,False,instagram,420.0
openedApp,1752831362.139089,6,askForTimeLimit,Europe/Paris,False,instagram,720.0
openedApp,1752832584.682936,6,askForTimeLimit,Europe/Paris,False,instagram,1260.0
openedApp,1752832757.552062,6,askForTimeLimit,Europe/Paris,False,instagram,840.0
openedApp,1752838335.909169,6,askForTimeLimit,Europe/Paris,False,instagram,360.0
openedApp,1752838621.389869,6,askForTimeLimit,Europe/Paris,False,instagram,720.0
openedApp,1752842391.256629,6,askForTimeLimit,Europe/Paris,False,instagram,1200.0
openedApp,1752847312.7382488,6,askForTimeLimit,Europe/Paris,False,instagram,1080.0
openedApp,1752847432.9982839,6,askForTimeLimit,Europe/Paris,False,instagram,1500.0
openedApp,1752852308.764818,6,askForTimeLimit,Europe/Paris,False,instagram,720.0
dismissedAppOpening,1752852485.913354,6,askForTimeLimit,Europe/Paris,False,instagram,
openedApp,1752852489.47457,6,askForTimeLimit,Europe/Paris,False,instagram,180.0
openedApp,1752852778.157474,6,askForTimeLimit,Europe/Paris,False,instagram,780.0
openedApp,1752854267.80016,6,askForTimeLimit,Europe/Paris,False,instagram,1200.0
openedApp,1752854404.181396,6,askForTimeLimit,Europe/Paris,False,instagram,960.0
dismissedAppOpening,1752854460.428286,6,askForTimeLimit,Europe/Paris,False,instagram,
openedApp,1752854470.9887362,6,askForTimeLimit,Europe/Paris,False,instagram,1500.0
dismissedAppOpening,1752854531.548183,6,askForTimeLimit,Europe/Paris,False,instagram,
openedApp,1752854535.906399,6,askForTimeLimit,Europe/Paris,False,instagram,1080.0
openedApp,1752855640.278655,6,breathingExercise,Europe/Paris,True,instagram,1140.0
openedApp,1752855829.194262,6,askForTimeLimit,Europe/Paris,False,instagram,1260.0
openedApp,1752856940.499895,6,askForTimeLimit,Europe/Paris,False,instagram,1380.0
openedApp,1752857395.285595,6,askForTimeLimit,Europe/Paris,False,instagram,1380.0
openedApp,1752857682.3979092,6,askForTimeLimit,Europe/Paris,False,instagram,1380.0
openedApp,1752858171.340016,6,askForTimeLimit,Europe/Paris,False,instagram,1320.0
openedApp,1752863816.186729,6,askForTimeLimit,Europe/Paris,False,instagram,1320.0
openedApp,1752865206.386473,6,askForTimeLimit,Europe/Paris,False,instagram,660.0
openedApp,1752868071.9755778,6,askForTimeLimit,Europe/Paris,False,instagram,780.0
openedApp,1752876437.303001,6,askForTimeLimit,Europe/Paris,False,instagram,900.0
openedApp,1752878204.2234678,6,askForTimeLimit,Europe/Paris,False,instagram,1080.0
openedApp,1752879175.3232188,6,askForTimeLimit,Europe/Paris,False,instagram,660.0
dismissedAppOpening,1752880403.6319752,6,breathingExercise,Europe/Paris,False,instagram,
openedApp,1752911402.361176,6,askForTimeLimit,Europe/Paris,False,instagram,1200.0
openedApp,1752912457.863706,6,askForTimeLimit,Europe/Paris,False,instagram,1200.0
openedApp,1752913435.5312629,6,askForTimeLimit,Europe/Paris,False,instagram,900.0
dismissedAppOpening,1752915160.932576,6,askForTimeLimit,Europe/Paris,False,instagram,
openedApp,1752921271.869652,6,askForTimeLimit,Europe/Paris,False,instagram,900.0
openedApp,1752922059.568609,6,askForTimeLimit,Europe/Paris,False,instagram,1020.0
openedApp,1752922661.578599,6,askForTimeLimit,Europe/Paris,False,instagram,1500.0
openedApp,1752924794.555529,6,askForTimeLimit,Europe/Paris,False,instagram,540.0
openedApp,1752927719.58794,6,askForTimeLimit,Europe/Paris,False,instagram,1320.0
openedApp,1752928723.7440119,6,askForTimeLimit,Europe/Paris,False,instagram,1500.0
openedApp,1752929492.926752,6,askForTimeLimit,Europe/Paris,False,instagram,1500.0
openedApp,1752929860.528057,6,askForTimeLimit,Europe/Paris,False,instagram,1380.0
openedApp,1752929981.573206,6,askForTimeLimit,Europe/Paris,False,instagram,1440.0
openedApp,1752930687.191196,6,askForTimeLimit,Europe/Paris,False,instagram,960.0
openedApp,1752930802.221592,6,askForTimeLimit,Europe/Paris,False,instagram,1200.0
openedApp,1752930934.1719608,6,askForTimeLimit,Europe/Paris,False,instagram,1380.0
openedApp,1752935469.185363,6,askForTimeLimit,Europe/Paris,False,instagram,1620.0
openedApp,1752945613.71024,6,askForTimeLimit,Europe/Paris,False,instagram,600.0
openedApp,1752949408.948951,6,askForTimeLimit,Europe/Paris,False,instagram,1560.0
openedApp,1752954327.162146,6,askForTimeLimit,Europe/Paris,False,instagram,840.0
openedApp,1752958419.132359,6,askForTimeLimit,Europe/Paris,False,instagram,1260.0
openedApp,1752972684.3377829,6,askForTimeLimit,Europe/Paris,False,instagram,720.0
openedApp,1752973696.158392,6,breathingExercise,Europe/Paris,True,instagram,1980.0
openedApp,1753003861.565594,6,askForTimeLimit,Europe/Paris,False,instagram,1080.0
openedApp,1753009782.403142,6,askForTimeLimit,Europe/Paris,False,instagram,1440.0
openedApp,1753010142.536706,6,askForTimeLimit,Europe/Paris,False,instagram,1080.0
openedApp,1753018903.5889292,6,askForTimeLimit,Europe/Paris,False,instagram,1140.0
dismissedAppOpening,1753021545.741445,6,askForTimeLimit,Europe/Paris,False,instagram,
openedApp,1753021707.4539552,6,askForTimeLimit,Europe/Paris,False,instagram,480.0
openedApp,1753024348.82302,6,askForTimeLimit,Europe/Paris,False,instagram,1560.0
openedApp,1753024532.880618,6,askForTimeLimit,Europe/Paris,False,instagram,1080.0
openedApp,1753024862.7383552,6,askForTimeLimit,Europe/Paris,False,instagram,1380.0
openedApp,1753025000.7796931,6,askForTimeLimit,Europe/Paris,False,instagram,1500.0
openedApp,1753025185.067169,6,askForTimeLimit,Europe/Paris,False,instagram,1260.0
openedApp,1753025328.3019428,6,askForTimeLimit,Europe/Paris,False,instagram,360.0
openedApp,1753026084.197263,6,askForTimeLimit,Europe/Paris,False,instagram,1440.0
openedApp,1753026213.302295,6,askForTimeLimit,Europe/Paris,False,instagram,1380.0
openedApp,1753030757.1023932,6,askForTimeLimit,Europe/Paris,False,instagram,900.0
openedApp,1753033168.6802812,6,askForTimeLimit,Europe/Paris,False,instagram,1200.0
openedApp,1753036714.3423991,6,askForTimeLimit,Europe/Paris,False,instagram,1200.0
openedApp,1753038463.926776,6,askForTimeLimit,Europe/Paris,False,instagram,1140.0
openedApp,1753045470.775072,6,askForTimeLimit,Europe/Paris,False,instagram,840.0
openedApp,1753047249.7083778,6,askForTimeLimit,Europe/Paris,False,instagram,840.0
openedApp,1753048862.8866649,6,askForTimeLimit,Europe/Paris,False,instagram,720.0
openedApp,1753049755.372344,6,breathingExercise,Europe/Paris,True,instagram,660.0
openedApp,1753079779.255271,6,askForTimeLimit,Europe/Paris,False,instagram,660.0
openedApp,1753083049.281234,6,askForTimeLimit,Europe/Paris,False,instagram,900.0
openedApp,1753083625.81221,6,askForTimeLimit,Europe/Paris,False,instagram,540.0
openedApp,1753084037.8165321,6,askForTimeLimit,Europe/Paris,False,instagram,1260.0
openedApp,1753085559.2399058,6,askForTimeLimit,Europe/Paris,False,instagram,1140.0
openedApp,1753086109.831038,6,askForTimeLimit,Europe/Paris,False,instagram,1500.0
dismissedAppOpening,1753093523.441029,6,askForTimeLimit,Europe/Paris,False,instagram,
openedApp,1753093526.726876,6,askForTimeLimit,Europe/Paris,False,instagram,840.0
openedApp,1753096569.3420448,6,askForTimeLimit,Europe/Paris,False,instagram,840.0
openedApp,1753097837.7373428,6,askForTimeLimit,Europe/Paris,False,instagram,960.0
openedApp,1753099369.3418589,6,askForTimeLimit,Europe/Paris,False,instagram,960.0
openedApp,1753109906.658517,6,askForTimeLimit,Europe/Paris,False,instagram,660.0
openedApp,1753112861.2387671,6,askForTimeLimit,Europe/Paris,False,instagram,720.0
openedApp,1753113671.49618,6,askForTimeLimit,Europe/Paris,False,instagram,720.0
openedApp,1753116165.6588202,6,askForTimeLimit,Europe/Paris,False,instagram,1200.0
openedApp,1753119133.692405,6,askForTimeLimit,Europe/Paris,False,instagram,1020.0
openedApp,1753121307.4897199,6,askForTimeLimit,Europe/Paris,False,instagram,900.0
dismissedAppOpening,1753121538.4096751,6,askForTimeLimit,Europe/Paris,False,instagram,
openedApp,1753121703.9238172,6,askForTimeLimit,Europe/Paris,False,instagram,420.0
openedApp,1753121807.329992,6,askForTimeLimit,Europe/Paris,False,instagram,1500.0
openedApp,1753122289.609706,6,askForTimeLimit,Europe/Paris,False,instagram,2460.0
openedApp,1753122890.357858,6,askForTimeLimit,Europe/Paris,False,instagram,1620.0
openedApp,1753123191.995772,6,askForTimeLimit,Europe/Paris,False,instagram,1620.0
openedApp,1753131559.4443722,6,askForTimeLimit,Europe/Paris,False,instagram,960.0
openedApp,1753135960.377382,6,askForTimeLimit,Europe/Paris,False,instagram,660.0
openedApp,1753161887.258359,6,askForTimeLimit,Europe/Paris,False,instagram,600.0
openedApp,1753163429.997962,6,askForTimeLimit,Europe/Paris,False,instagram,480.0
openedApp,1753164026.1846871,6,askForTimeLimit,Europe/Paris,False,instagram,1020.0
openedApp,1753165118.096796,6,askForTimeLimit,Europe/Paris,False,instagram,1320.0
openedApp,1753165420.154364,6,askForTimeLimit,Europe/Paris,False,instagram,1200.0
openedApp,1753166112.611419,6,askForTimeLimit,Europe/Paris,False,instagram,1140.0
dismissedAppOpening,1753172184.4243932,6,askForTimeLimit,Europe/Paris,False,instagram,
openedApp,1753177182.907549,6,askForTimeLimit,Europe/Paris,False,instagram,1080.0
openedApp,1753182722.095372,6,askForTimeLimit,Europe/Paris,False,instagram,60.0
dismissedAppOpening,1753182815.59039,6,breathingExercise,Europe/Paris,True,instagram,
openedApp,1753183086.633678,6,breathingExercise,Europe/Paris,False,instagram,720.0
dismissedAppOpening,1753183175.910917,6,askForTimeLimit,Europe/Paris,False,instagram,
dismissedAppOpening,1753183518.140198,6,askForTimeLimit,Europe/Paris,False,instagram,
openedApp,1753185459.395225,6,askForTimeLimit,Europe/Paris,False,instagram,720.0
openedApp,1753198246.802263,6,askForTimeLimit,Europe/Paris,False,instagram,960.0
openedApp,1753198544.586709,6,askForTimeLimit,Europe/Paris,False,instagram,780.0
openedApp,1753198937.895697,6,askForTimeLimit,Europe/Paris,False,instagram,1080.0
openedApp,1753207112.5617352,6,askForTimeLimit,Europe/Paris,False,instagram,1200.0
openedApp,1753207847.156714,6,askForTimeLimit,Europe/Paris,False,instagram,1080.0
openedApp,1753207951.743541,6,askForTimeLimit,Europe/Paris,False,instagram,960.0
openedApp,1753208094.3000479,6,askForTimeLimit,Europe/Paris,False,instagram,1200.0
openedApp,1753208471.3608608,6,askForTimeLimit,Europe/Paris,False,instagram,1260.0
openedApp,1753208595.4442492,6,askForTimeLimit,Europe/Paris,False,instagram,900.0
openedApp,1753210284.189811,6,askForTimeLimit,Europe/Paris,False,instagram,1080.0
openedApp,1753210303.953862,6,askForTimeLimit,Europe/Paris,False,instagram,1140.0
openedApp,1753216619.841924,6,askForTimeLimit,Europe/Paris,False,instagram,720.0
openedApp,1753217439.923104,6,askForTimeLimit,Europe/Paris,False,instagram,1320.0
openedApp,1753217536.042753,6,askForTimeLimit,Europe/Paris,False,instagram,1080.0
openedApp,1753217745.752058,6,askForTimeLimit,Europe/Paris,False,instagram,1320.0
openedApp,1753224245.10212,6,askForTimeLimit,Europe/Paris,False,instagram,1140.0
openedApp,1753250521.9718041,6,askForTimeLimit,Europe/Paris,False,instagram,1260.0
openedApp,1753251603.7444592,6,askForTimeLimit,Europe/Paris,False,instagram,480.0
openedApp,1753251902.6961231,6,askForTimeLimit,Europe/Paris,False,instagram,960.0
openedApp,1753253236.8254771,6,askForTimeLimit,Europe/Paris,False,instagram,1020.0
openedApp,1753254922.69381,6,askForTimeLimit,Europe/Paris,False,instagram,1320.0
openedApp,1753258690.7873669,6,askForTimeLimit,Europe/Paris,False,instagram,1380.0
openedApp,1753258810.273653,6,askForTimeLimit,Europe/Paris,False,instagram,900.0
openedApp,1753263711.7838101,6,askForTimeLimit,Europe/Paris,False,instagram,780.0
openedApp,1753263728.774353,6,askForTimeLimit,Europe/Paris,False,instagram,840.0
openedApp,1753272562.557389,6,askForTimeLimit,Europe/Paris,False,instagram,840.0
openedApp,1753273673.636094,6,askForTimeLimit,Europe/Paris,False,instagram,660.0
openedApp,1753278293.590651,6,askForTimeLimit,Europe/Paris,False,instagram,1080.0
openedApp,1753281952.9438539,6,askForTimeLimit,Europe/Paris,False,instagram,780.0
openedApp,1753286790.7440782,6,askForTimeLimit,Europe/Paris,False,instagram,480.0
openedApp,1753304120.588272,6,askForTimeLimit,Europe/Paris,False,instagram,1140.0
openedApp,1753304775.422927,6,askForTimeLimit,Europe/Paris,False,instagram,1320.0
openedApp,1753338157.347394,6,askForTimeLimit,Europe/Paris,False,instagram,960.0
openedApp,1753342598.6936631,6,askForTimeLimit,Europe/Paris,False,instagram,1380.0
openedApp,1753342996.54958,6,askForTimeLimit,Europe/Paris,False,instagram,1320.0
openedApp,1753343583.4584079,6,askForTimeLimit,Europe/Paris,False,instagram,660.0
openedApp,1753343991.907908,6,askForTimeLimit,Europe/Paris,False,instagram,960.0
openedApp,1753353204.169176,6,askForTimeLimit,Europe/Paris,False,instagram,780.0
openedApp,1753353657.093924,6,askForTimeLimit,Europe/Paris,False,instagram,900.0
openedApp,1753353867.761158,6,askForTimeLimit,Europe/Paris,False,instagram,1320.0
openedApp,1753358581.158689,6,askForTimeLimit,Europe/Paris,False,instagram,900.0
dismissedAppOpening,1753359240.2954721,6,askForTimeLimit,Europe/Paris,False,instagram,
openedApp,1753360325.5030751,6,askForTimeLimit,Europe/Paris,False,instagram,1140.0
openedApp,1753360985.622585,6,askForTimeLimit,Europe/Paris,False,instagram,1020.0
openedApp,1753362693.820729,6,askForTimeLimit,Europe/Paris,False,instagram,1260.0
dismissedAppOpening,1753363881.0451531,6,askForTimeLimit,Europe/Paris,False,instagram,
openedApp,1753365841.18296,6,askForTimeLimit,Europe/Paris,False,instagram,1560.0
openedApp,1753366655.3330479,6,askForTimeLimit,Europe/Paris,False,instagram,480.0
openedApp,1753370040.375879,6,askForTimeLimit,Europe/Paris,False,instagram,780.0
openedApp,1753372513.91025,6,askForTimeLimit,Europe/Paris,False,instagram,900.0
openedApp,1753376492.9649792,6,askForTimeLimit,Europe/Paris,False,instagram,1020.0
openedApp,1753378467.505466,6,askForTimeLimit,Europe/Paris,False,instagram,1560.0
openedApp,1753381539.37976,6,askForTimeLimit,Europe/Paris,False,instagram,1380.0
openedApp,1753383042.687767,6,askForTimeLimit,Europe/Paris,False,instagram,1500.0
openedApp,1753383084.453881,6,askForTimeLimit,Europe/Paris,False,instagram,780.0
openedApp,1753392484.917557,6,askForTimeLimit,Europe/Paris,False,instagram,1260.0
openedApp,1753393901.621753,6,askForTimeLimit,Europe/Paris,False,instagram,720.0
openedApp,1753396638.5707579,6,askForTimeLimit,Europe/Paris,False,instagram,1440.0
openedApp,1753397717.157644,6,askForTimeLimit,Europe/Paris,False,instagram,1320.0
openedApp,1753426270.720601,6,askForTimeLimit,Europe/Paris,False,instagram,720.0
openedApp,1753426453.371319,6,askForTimeLimit,Europe/Paris,False,instagram,720.0
openedApp,1753426930.7965112,6,askForTimeLimit,Europe/Paris,False,instagram,900.0
openedApp,1753429789.5207791,6,askForTimeLimit,Europe/Paris,False,instagram,420.0
openedApp,1753430016.716117,6,askForTimeLimit,Europe/Paris,False,instagram,240.0
openedApp,1753430235.254706,6,askForTimeLimit,Europe/Paris,False,instagram,540.0
dismissedAppOpening,1753430803.432265,6,breathingExercise,Europe/Paris,False,instagram,
openedApp,1753431887.466776,6,askForTimeLimit,Europe/Paris,False,instagram,540.0
openedApp,1753440381.07194,6,askForTimeLimit,Europe/Paris,False,instagram,480.0
openedApp,1753448174.573117,6,askForTimeLimit,Europe/Paris,False,instagram,840.0
openedApp,1753450433.287088,6,askForTimeLimit,Europe/Paris,False,instagram,1020.0
openedApp,1753450728.07023,6,askForTimeLimit,Europe/Paris,False,instagram,1440.0
openedApp,1753461056.8867831,6,askForTimeLimit,Europe/Paris,False,instagram,1020.0
openedApp,1753461814.159271,6,askForTimeLimit,Europe/Paris,False,instagram,1260.0
openedApp,1753462695.264121,6,askForTimeLimit,Europe/Paris,False,instagram,1380.0
openedApp,1753466400.8365998,6,askForTimeLimit,Europe/Paris,False,instagram,660.0
openedApp,1753469491.083624,6,askForTimeLimit,Europe/Paris,False,instagram,1080.0
openedApp,1753469793.469582,6,askForTimeLimit,Europe/Paris,False,instagram,1200.0
openedApp,1753470088.7852821,6,askForTimeLimit,Europe/Paris,False,instagram,1140.0
openedApp,1753470298.228728,6,askForTimeLimit,Europe/Paris,False,instagram,720.0
openedApp,1753475656.284972,6,askForTimeLimit,Europe/Paris,False,instagram,1260.0
openedApp,1753476326.878355,6,askForTimeLimit,Europe/Paris,False,instagram,1080.0
openedApp,1753478666.179374,6,askForTimeLimit,Europe/Paris,False,instagram,960.0
dismissedAppOpening,1753499341.342993,6,askForTimeLimit,Europe/Paris,False,instagram,
openedApp,1753499357.747366,6,askForTimeLimit,Europe/Paris,False,instagram,1140.0
openedApp,1753537613.262198,6,askForTimeLimit,Europe/Paris,False,instagram,900.0
openedApp,1753546561.333599,6,askForTimeLimit,Europe/Paris,False,instagram,1200.0
openedApp,1753547288.34019,6,askForTimeLimit,Europe/Paris,False,instagram,420.0
openedApp,1753568897.105229,6,askForTimeLimit,Europe/Paris,False,instagram,1260.0
openedApp,1753569279.507258,6,askForTimeLimit,Europe/Paris,False,instagram,780.0
openedApp,1753570498.776726,6,askForTimeLimit,Europe/Paris,False,instagram,900.0
openedApp,1753607889.9582129,6,askForTimeLimit,Europe/Paris,False,instagram,780.0
dismissedAppOpening,1753607923.1822848,6,askForTimeLimit,Europe/Paris,False,instagram,
openedApp,1753607930.715468,6,askForTimeLimit,Europe/Paris,False,instagram,840.0
openedApp,1753607969.760392,6,askForTimeLimit,Europe/Paris,False,instagram,900.0
openedApp,1753608277.405641,6,askForTimeLimit,Europe/Paris,False,instagram,720.0
openedApp,1753635974.6536121,6,askForTimeLimit,Europe/Paris,False,instagram,780.0
openedApp,1753637148.510703,6,askForTimeLimit,Europe/Paris,False,instagram,900.0
openedApp,1753645337.803263,6,askForTimeLimit,Europe/Paris,False,instagram,1200.0
openedApp,1753645418.5089831,6,askForTimeLimit,Europe/Paris,False,instagram,1560.0
openedApp,1753645467.510241,6,askForTimeLimit,Europe/Paris,False,instagram,120.0
openedApp,1753645491.12105,6,askForTimeLimit,Europe/Paris,False,instagram,1200.0
openedApp,1753645565.726931,6,askForTimeLimit,Europe/Paris,False,instagram,1260.0
openedApp,1753650068.9755921,6,askForTimeLimit,Europe/Paris,False,instagram,900.0
openedApp,1753651430.067222,6,askForTimeLimit,Europe/Paris,False,instagram,840.0
openedApp,1753651498.7069058,6,askForTimeLimit,Europe/Paris,False,instagram,720.0
openedApp,1753651541.3001242,6,askForTimeLimit,Europe/Paris,False,instagram,780.0
openedApp,1753653708.923798,6,askForTimeLimit,Europe/Paris,False,instagram,1320.0
openedApp,1753683625.569238,6,askForTimeLimit,Europe/Paris,False,instagram,900.0
openedApp,1753684382.7361689,6,askForTimeLimit,Europe/Paris,False,instagram,960.0
openedApp,1753687055.6502419,6,askForTimeLimit,Europe/Paris,False,instagram,1020.0
openedApp,1753687582.2479382,6,askForTimeLimit,Europe/Paris,False,instagram,840.0
openedApp,1753688733.618861,6,askForTimeLimit,Europe/Paris,False,instagram,1080.0
openedApp,1753690460.599697,6,askForTimeLimit,Europe/Paris,False,instagram,780.0
openedApp,1753690982.8129091,6,askForTimeLimit,Europe/Paris,False,instagram,1200.0
openedApp,1753691645.817278,6,askForTimeLimit,Europe/Paris,False,instagram,1320.0
openedApp,1753692131.815783,6,askForTimeLimit,Europe/Paris,False,instagram,1260.0
openedApp,1753693904.3866382,6,askForTimeLimit,Europe/Paris,False,instagram,480.0
openedApp,1753694981.973909,6,askForTimeLimit,Europe/Paris,False,instagram,960.0
openedApp,1753695660.067414,6,askForTimeLimit,Europe/Paris,False,instagram,1080.0
openedApp,1753697012.2257938,6,askForTimeLimit,Europe/Paris,False,instagram,300.0
openedApp,1753701441.211279,6,askForTimeLimit,Europe/Paris,False,instagram,840.0
openedApp,1753702610.522918,6,askForTimeLimit,Europe/Paris,False,instagram,1320.0
openedApp,1753704650.121004,6,askForTimeLimit,Europe/Paris,False,instagram,1260.0
openedApp,1753705274.173555,6,askForTimeLimit,Europe/Paris,False,instagram,1320.0
openedApp,1753709837.19881,6,askForTimeLimit,Europe/Paris,False,instagram,540.0
openedApp,1753714026.511729,6,askForTimeLimit,Europe/Paris,False,instagram,1500.0
openedApp,1753714893.011132,6,askForTimeLimit,Europe/Paris,False,instagram,540.0
openedApp,1753716879.706902,6,askForTimeLimit,Europe/Paris,False,instagram,900.0
openedApp,1753717902.209806,6,askForTimeLimit,Europe/Paris,False,instagram,900.0
openedApp,1753718145.5589619,6,askForTimeLimit,Europe/Paris,False,instagram,1440.0
openedApp,1753718321.305644,6,askForTimeLimit,Europe/Paris,False,instagram,1020.0
openedApp,1753718629.7067509,6,askForTimeLimit,Europe/Paris,False,instagram,1440.0
openedApp,1753718958.972527,6,askForTimeLimit,Europe/Paris,False,instagram,1200.0
openedApp,1753719221.83736,6,askForTimeLimit,Europe/Paris,False,instagram,1020.0
openedApp,1753719923.345944,6,askForTimeLimit,Europe/Paris,False,instagram,1320.0
openedApp,1753720370.2567449,6,askForTimeLimit,Europe/Paris,False,instagram,540.0
openedApp,1753720447.033767,6,askForTimeLimit,Europe/Paris,False,instagram,2640.0
openedApp,1753722964.26409,6,askForTimeLimit,Europe/Paris,False,instagram,420.0
openedApp,1753722979.626049,6,askForTimeLimit,Europe/Paris,False,instagram,1440.0
dismissedAppOpening,1753723099.943094,6,askForTimeLimit,Europe/Paris,False,instagram,
openedApp,1753723104.4680529,6,askForTimeLimit,Europe/Paris,False,instagram,1440.0
openedApp,1753723240.104326,6,askForTimeLimit,Europe/Paris,False,instagram,1260.0
openedApp,1753725592.659889,6,askForTimeLimit,Europe/Paris,False,instagram,1500.0
openedApp,1753727025.717509,6,askForTimeLimit,Europe/Paris,False,instagram,1260.0
openedApp,1753738393.43009,6,askForTimeLimit,Europe/Paris,False,instagram,1260.0
openedApp,1753738597.338989,6,askForTimeLimit,Europe/Paris,False,instagram,1560.0
openedApp,1753767094.348853,6,askForTimeLimit,Europe/Paris,False,instagram,480.0
openedApp,1753771421.773309,6,askForTimeLimit,Europe/Paris,False,instagram,840.0
dismissedAppOpening,1753774344.514287,6,askForTimeLimit,Europe/Paris,False,instagram,
openedApp,1753774564.87061,6,askForTimeLimit,Europe/Paris,False,instagram,1260.0
openedApp,1753779789.391572,6,askForTimeLimit,Europe/Paris,False,instagram,960.0
openedApp,1753788189.779879,6,askForTimeLimit,Europe/Paris,False,instagram,960.0
openedApp,1753797529.749795,6,askForTimeLimit,Europe/Paris,False,instagram,1200.0
openedApp,1753798908.492392,6,askForTimeLimit,Europe/Paris,False,instagram,540.0
openedApp,1753800366.115024,6,askForTimeLimit,Europe/Paris,False,instagram,900.0
openedApp,1753803231.178838,6,askForTimeLimit,Europe/Paris,False,instagram,1020.0
openedApp,1753809616.7796001,6,askForTimeLimit,Europe/Paris,False,instagram,1320.0
openedApp,1753811910.424405,6,askForTimeLimit,Europe/Paris,False,instagram,1140.0
dismissedAppOpening,1753812372.1560168,6,askForTimeLimit,Europe/Paris,False,instagram,
openedApp,1753812663.926989,6,askForTimeLimit,Europe/Paris,False,instagram,660.0
openedApp,1753816194.935789,6,askForTimeLimit,Europe/Paris,False,instagram,840.0
openedApp,1753819380.480289,6,askForTimeLimit,Europe/Paris,False,instagram,720.0
dismissedAppOpening,1753820310.381356,6,askForTimeLimit,Europe/Paris,False,instagram,
openedApp,1753820318.942291,6,askForTimeLimit,Europe/Paris,False,instagram,1440.0
dismissedAppOpening,1753820834.1957579,6,askForTimeLimit,Europe/Paris,False,instagram,
openedApp,1753820837.29894,6,askForTimeLimit,Europe/Paris,False,instagram,1140.0
openedApp,1753820879.8915892,6,askForTimeLimit,Europe/Paris,False,instagram,840.0
openedApp,1753822783.1394072,6,askForTimeLimit,Europe/Paris,False,instagram,1020.0
openedApp,1753823343.268259,6,askForTimeLimit,Europe/Paris,False,instagram,720.0
openedApp,1753856129.8896441,6,askForTimeLimit,Europe/Paris,False,instagram,660.0
openedApp,1753860816.273295,6,askForTimeLimit,Europe/Paris,False,instagram,840.0
dismissedAppOpening,1753861006.991054,6,askForTimeLimit,Europe/Paris,False,instagram,
openedApp,1753861287.491421,6,askForTimeLimit,Europe/Paris,False,instagram,1020.0
openedApp,1753861431.4899,6,askForTimeLimit,Europe/Paris,False,instagram,1260.0
openedApp,1753861643.028085,6,askForTimeLimit,Europe/Paris,False,instagram,1080.0
openedApp,1753862033.2647882,6,askForTimeLimit,Europe/Paris,False,instagram,540.0
openedApp,1753862967.477079,6,askForTimeLimit,Europe/Paris,False,instagram,900.0
dismissedAppOpening,1753868961.755276,6,askForTimeLimit,Europe/Paris,False,instagram,
openedApp,1753877176.340251,6,askForTimeLimit,Europe/Paris,False,instagram,1200.0
openedApp,1753877994.913378,6,askForTimeLimit,Europe/Paris,False,instagram,780.0
openedApp,1753888203.421362,6,askForTimeLimit,Europe/Paris,False,instagram,1020.0
openedApp,1753888538.895485,6,askForTimeLimit,Europe/Paris,False,instagram,900.0
openedApp,1753891720.948474,6,askForTimeLimit,Europe/Paris,False,instagram,1620.0
openedApp,1753892549.683782,6,askForTimeLimit,Europe/Paris,False,instagram,840.0
openedApp,1753898262.666621,6,askForTimeLimit,Europe/Paris,False,instagram,1440.0
openedApp,1753898456.298687,6,askForTimeLimit,Europe/Paris,False,instagram,300.0
openedApp,1753898478.5019631,6,askForTimeLimit,Europe/Paris,False,instagram,1740.0
openedApp,1753901807.986775,6,askForTimeLimit,Europe/Paris,False,instagram,480.0
openedApp,1753907830.777566,6,askForTimeLimit,Europe/Paris,False,instagram,1260.0
openedApp,1753907907.365965,6,askForTimeLimit,Europe/Paris,False,instagram,1140.0
openedApp,1753908242.048835,6,askForTimeLimit,Europe/Paris,False,instagram,1020.0
openedApp,1753909332.335927,6,askForTimeLimit,Europe/Paris,False,instagram,1620.0
openedApp,1753910008.216364,6,askForTimeLimit,Europe/Paris,False,instagram,1020.0
openedApp,1753940174.097769,6,askForTimeLimit,Europe/Paris,False,instagram,420.0
dismissedAppOpening,1753940407.3095732,6,askForTimeLimit,Europe/Paris,False,instagram,
openedApp,1753940411.420975,6,askForTimeLimit,Europe/Paris,False,instagram,1200.0
openedApp,1753940639.0557761,6,askForTimeLimit,Europe/Paris,False,instagram,300.0
openedApp,1753942476.951974,6,askForTimeLimit,Europe/Paris,False,instagram,840.0
openedApp,1753944134.35389,6,askForTimeLimit,Europe/Paris,False,instagram,900.0
openedApp,1753944262.798471,6,askForTimeLimit,Europe/Paris,False,instagram,1620.0
openedApp,1753944358.934813,6,askForTimeLimit,Europe/Paris,False,instagram,1020.0
openedApp,1753945511.142305,6,askForTimeLimit,Europe/Paris,False,instagram,1380.0
dismissedAppOpening,1753945553.8293672,6,askForTimeLimit,Europe/Paris,False,instagram,
openedApp,1753945558.061827,6,askForTimeLimit,Europe/Paris,False,instagram,1260.0
openedApp,1753945619.32465,6,askForTimeLimit,Europe/Paris,False,instagram,1200.0
openedApp,1753945633.156579,6,askForTimeLimit,Europe/Paris,False,instagram,1020.0
openedApp,1753950871.470068,6,askForTimeLimit,Europe/Paris,False,instagram,1200.0
openedApp,1753951106.510762,6,askForTimeLimit,Europe/Paris,False,instagram,1560.0
openedApp,1753963308.8121572,6,askForTimeLimit,Europe/Paris,False,instagram,960.0
openedApp,1753964019.6801229,6,askForTimeLimit,Europe/Paris,False,instagram,1500.0
openedApp,1753964188.315734,6,askForTimeLimit,Europe/Paris,False,instagram,1440.0
openedApp,1753964207.504727,6,askForTimeLimit,Europe/Paris,False,instagram,1260.0
openedApp,1753964889.695641,6,askForTimeLimit,Europe/Paris,False,instagram,1500.0
openedApp,1753969218.409906,6,askForTimeLimit,Europe/Paris,False,instagram,1080.0
openedApp,1753973571.8831801,6,askForTimeLimit,Europe/Paris,False,instagram,1380.0
openedApp,1753973630.083138,6,askForTimeLimit,Europe/Paris,False,instagram,1560.0
openedApp,1753976411.443187,6,askForTimeLimit,Europe/Paris,False,instagram,840.0
openedApp,1753976522.7824612,6,askForTimeLimit,Europe/Paris,False,instagram,1380.0
openedApp,1753976819.66986,6,askForTimeLimit,Europe/Paris,False,instagram,1320.0
openedApp,1753983255.562356,6,askForTimeLimit,Europe/Paris,False,instagram,1680.0
openedApp,1753983401.889552,6,askForTimeLimit,Europe/Paris,False,instagram,1200.0
openedApp,1753983949.9525108,6,askForTimeLimit,Europe/Paris,False,instagram,1800.0
openedApp,1753984897.940906,6,askForTimeLimit,Europe/Paris,False,instagram,1620.0
openedApp,1753992692.941122,6,askForTimeLimit,Europe/Paris,False,instagram,480.0
openedApp,1753995349.142415,6,askForTimeLimit,Europe/Paris,False,instagram,240.0
openedApp,1753995582.909388,6,askForTimeLimit,Europe/Paris,False,instagram,1560.0
openedApp,1754028013.863415,6,askForTimeLimit,Europe/Paris,False,instagram,1080.0
openedApp,1754029683.359735,6,askForTimeLimit,Europe/Paris,False,instagram,1260.0
openedApp,1754029795.7604852,6,askForTimeLimit,Europe/Paris,False,instagram,780.0
dismissedAppOpening,1754029921.912679,6,askForTimeLimit,Europe/Paris,False,instagram,
openedApp,1754033260.4380798,6,askForTimeLimit,Europe/Paris,False,instagram,780.0
openedApp,1754033274.706384,6,askForTimeLimit,Europe/Paris,False,instagram,900.0
openedApp,1754033573.5961962,6,askForTimeLimit,Europe/Paris,False,instagram,2040.0
openedApp,1754034192.246439,6,askForTimeLimit,Europe/Paris,False,instagram,1140.0
openedApp,1754034972.926447,6,askForTimeLimit,Europe/Paris,False,instagram,1380.0
openedApp,1754034989.043977,6,askForTimeLimit,Europe/Paris,False,instagram,1320.0
openedApp,1754035061.3801289,6,askForTimeLimit,Europe/Paris,False,instagram,1440.0
openedApp,1754035268.517647,6,askForTimeLimit,Europe/Paris,False,instagram,1560.0
openedApp,1754036066.065453,6,askForTimeLimit,Europe/Paris,False,instagram,1020.0
dismissedAppOpening,1754036399.369009,6,askForTimeLimit,Europe/Paris,False,instagram,
openedApp,1754039373.745667,6,askForTimeLimit,Europe/Paris,False,instagram,1380.0
openedApp,1754039784.330999,6,askForTimeLimit,Europe/Paris,False,instagram,600.0
openedApp,1754044832.492764,6,askForTimeLimit,Europe/Paris,False,instagram,960.0
openedApp,1754045958.192225,6,askForTimeLimit,Europe/Paris,False,instagram,1080.0
openedApp,1754047740.890881,6,askForTimeLimit,Europe/Paris,False,instagram,360.0
openedApp,1754048637.2425451,6,askForTimeLimit,Europe/Paris,False,instagram,1560.0
openedApp,1754050484.716865,6,askForTimeLimit,Europe/Paris,False,instagram,780.0
openedApp,1754050719.336899,6,askForTimeLimit,Europe/Paris,False,instagram,780.0
openedApp,1754050962.215785,6,askForTimeLimit,Europe/Paris,False,instagram,1560.0
openedApp,1754052021.852577,6,askForTimeLimit,Europe/Paris,False,instagram,780.0
openedApp,1754052593.722789,6,askForTimeLimit,Europe/Paris,False,instagram,1020.0
dismissedAppOpening,1754053994.1528502,6,askForTimeLimit,Europe/Paris,False,instagram,
openedApp,1754054074.528028,6,askForTimeLimit,Europe/Paris,False,instagram,1380.0
openedApp,1754056318.177068,6,askForTimeLimit,Europe/Paris,False,instagram,720.0
dismissedAppOpening,1754057394.938054,6,askForTimeLimit,Europe/Paris,False,instagram,
openedApp,1754057401.733568,6,askForTimeLimit,Europe/Paris,False,instagram,720.0
openedApp,1754061672.5194201,6,askForTimeLimit,Europe/Paris,False,instagram,1500.0
openedApp,1754062163.147521,6,askForTimeLimit,Europe/Paris,False,instagram,2520.0
openedApp,1754062343.584105,6,askForTimeLimit,Europe/Paris,False,instagram,1440.0
openedApp,1754063116.322413,6,askForTimeLimit,Europe/Paris,False,instagram,1800.0
openedApp,1754063809.090698,6,askForTimeLimit,Europe/Paris,False,instagram,600.0
openedApp,1754067629.014659,6,askForTimeLimit,Europe/Paris,False,instagram,1020.0
openedApp,1754068989.337552,6,askForTimeLimit,Europe/Paris,False,instagram,60.0
dismissedAppOpening,1754074577.064739,6,askForTimeLimit,Europe/Paris,False,instagram,
openedApp,1754074634.3197231,6,askForTimeLimit,Europe/Paris,False,instagram,900.0
openedApp,1754076445.6431952,6,askForTimeLimit,Europe/Paris,False,instagram,1320.0
openedApp,1754081885.320292,6,askForTimeLimit,Europe/Paris,False,instagram,1320.0
openedApp,1754088895.3344069,6,askForTimeLimit,Europe/Paris,False,instagram,1560.0
openedApp,1754088931.927565,6,askForTimeLimit,Europe/Paris,False,instagram,480.0
openedApp,1754088979.109702,6,askForTimeLimit,Europe/Paris,False,instagram,600.0
openedApp,1754089023.941375,6,askForTimeLimit,Europe/Paris,False,instagram,300.0
openedApp,1754091341.54288,6,askForTimeLimit,Europe/Paris,False,instagram,1200.0
dismissedAppOpening,1754092333.428557,6,askForTimeLimit,Europe/Paris,False,instagram,
dismissedAppOpening,1754092340.0674639,6,askForTimeLimit,Europe/Paris,False,instagram,
openedApp,1754092345.092088,6,askForTimeLimit,Europe/Paris,False,instagram,2340.0
openedApp,1754093371.970886,6,askForTimeLimit,Europe/Paris,False,instagram,1740.0
openedApp,1754116312.187285,6,askForTimeLimit,Europe/Paris,False,instagram,1200.0
openedApp,1754116490.4466538,6,askForTimeLimit,Europe/Paris,False,instagram,1320.0
openedApp,1754126316.12063,6,askForTimeLimit,Europe/Paris,False,instagram,1380.0
openedApp,1754127533.747438,6,askForTimeLimit,Europe/Paris,False,instagram,1320.0
openedApp,1754127566.881639,6,askForTimeLimit,Europe/Paris,False,instagram,960.0
openedApp,1754130734.711544,6,askForTimeLimit,Europe/Paris,False,instagram,660.0
openedApp,1754141188.04464,6,askForTimeLimit,Europe/Paris,False,instagram,1560.0
openedApp,1754141442.4439058,6,askForTimeLimit,Europe/Paris,False,instagram,1020.0
openedApp,1754141535.868784,6,askForTimeLimit,Europe/Paris,False,instagram,1320.0
openedApp,1754141797.2279139,6,askForTimeLimit,Europe/Paris,False,instagram,1500.0
openedApp,1754145159.402252,6,askForTimeLimit,Europe/Paris,False,instagram,840.0
dismissedAppOpening,1754155887.255511,6,askForTimeLimit,Europe/Paris,False,instagram,
openedApp,1754155898.264577,6,askForTimeLimit,Europe/Paris,False,instagram,1140.0
openedApp,1754157787.199311,6,askForTimeLimit,Europe/Paris,False,instagram,1140.0
openedApp,1754161905.893101,6,askForTimeLimit,Europe/Paris,False,instagram,1080.0
openedApp,1754162315.1646829,6,askForTimeLimit,Europe/Paris,False,instagram,1140.0
openedApp,1754163161.874083,6,askForTimeLimit,Europe/Paris,False,instagram,840.0
openedApp,1754163681.110444,6,askForTimeLimit,Europe/Paris,False,instagram,960.0
openedApp,1754163851.0572128,6,askForTimeLimit,Europe/Paris,False,instagram,1080.0
openedApp,1754163962.9914,6,askForTimeLimit,Europe/Paris,False,instagram,900.0
openedApp,1754164582.785861,6,askForTimeLimit,Europe/Paris,False,instagram,1020.0
openedApp,1754164852.360796,6,askForTimeLimit,Europe/Paris,False,instagram,1200.0
openedApp,1754167883.885508,6,askForTimeLimit,Europe/Paris,False,instagram,1140.0
openedApp,1754168507.1645489,6,askForTimeLimit,Europe/Paris,False,instagram,960.0
openedApp,1754168719.619691,6,askForTimeLimit,Europe/Paris,False,instagram,780.0
openedApp,1754173816.2022982,6,askForTimeLimit,Europe/Paris,False,instagram,1320.0
dismissedAppOpening,1754173957.039701,6,askForTimeLimit,Europe/Paris,False,instagram,
dismissedAppOpening,1754174344.964333,6,askForTimeLimit,Europe/Paris,False,instagram,
openedApp,1754174350.213242,6,askForTimeLimit,Europe/Paris,False,instagram,120.0
openedApp,1754192664.887712,6,askForTimeLimit,Europe/Paris,False,instagram,540.0
openedApp,1754208230.126752,6,askForTimeLimit,Europe/Paris,False,instagram,1080.0
openedApp,1754208462.2033129,6,askForTimeLimit,Europe/Paris,False,instagram,300.0
openedApp,1754209492.76166,6,askForTimeLimit,Europe/Paris,False,instagram,960.0
openedApp,1754215876.92675,6,askForTimeLimit,Europe/Paris,False,instagram,1020.0
openedApp,1754217164.641501,6,askForTimeLimit,Europe/Paris,False,instagram,1620.0
openedApp,1754218280.3833299,6,askForTimeLimit,Europe/Paris,False,instagram,600.0
openedApp,1754222832.5248132,6,askForTimeLimit,Europe/Paris,False,instagram,840.0
openedApp,1754223230.159478,6,askForTimeLimit,Europe/Paris,False,instagram,780.0
openedApp,1754223514.848665,6,askForTimeLimit,Europe/Paris,False,instagram,600.0
openedApp,1754228568.799722,6,askForTimeLimit,Europe/Paris,False,instagram,660.0
openedApp,1754228822.573745,6,askForTimeLimit,Europe/Paris,False,instagram,720.0
openedApp,1754234960.778183,6,askForTimeLimit,Europe/Paris,False,instagram,1440.0
openedApp,1754235267.308062,6,askForTimeLimit,Europe/Paris,False,instagram,1020.0
openedApp,1754235322.2256021,6,askForTimeLimit,Europe/Paris,False,instagram,1320.0
openedApp,1754236209.137748,6,askForTimeLimit,Europe/Paris,False,instagram,600.0
openedApp,1754236388.638279,6,askForTimeLimit,Europe/Paris,False,instagram,1140.0
openedApp,1754236429.415407,6,askForTimeLimit,Europe/Paris,False,instagram,660.0
openedApp,1754238031.8693209,6,askForTimeLimit,Europe/Paris,False,instagram,1380.0
openedApp,1754238496.928073,6,askForTimeLimit,Europe/Paris,False,instagram,600.0
openedApp,1754243332.963718,6,askForTimeLimit,Europe/Paris,False,instagram,1440.0
openedApp,1754244562.775579,6,askForTimeLimit,Europe/Paris,False,instagram,960.0
openedApp,1754245595.3978791,6,askForTimeLimit,Europe/Paris,False,instagram,660.0
openedApp,1754246668.4426641,6,askForTimeLimit,Europe/Paris,False,instagram,840.0
openedApp,1754246684.054739,6,askForTimeLimit,Europe/Paris,False,instagram,660.0
openedApp,1754248089.899647,6,askForTimeLimit,Europe/Paris,False,instagram,1140.0
openedApp,1754252036.710058,6,askForTimeLimit,Europe/Paris,False,instagram,600.0
openedApp,1754256995.903177,6,askForTimeLimit,Europe/Paris,False,instagram,780.0
openedApp,1754257191.346202,6,askForTimeLimit,Europe/Paris,False,instagram,480.0
openedApp,1754257283.396282,6,askForTimeLimit,Europe/Paris,False,instagram,840.0
openedApp,1754257759.331211,6,askForTimeLimit,Europe/Paris,False,instagram,840.0
openedApp,1754288858.988425,6,askForTimeLimit,Europe/Paris,False,instagram,840.0
openedApp,1754289742.951729,6,askForTimeLimit,Europe/Paris,False,instagram,660.0
openedApp,1754293002.451741,6,askForTimeLimit,Europe/Paris,False,instagram,420.0
openedApp,1754293461.291126,6,breathingExercise,Europe/Paris,False,instagram,720.0
dismissedAppOpening,1754293517.906063,6,askForTimeLimit,Europe/Paris,False,instagram,
openedApp,1754293524.059655,6,askForTimeLimit,Europe/Paris,False,instagram,720.0
openedApp,1754293620.4932551,6,askForTimeLimit,Europe/Paris,False,instagram,540.0
openedApp,1754294635.4681869,6,askForTimeLimit,Europe/Paris,False,instagram,1560.0
dismissedAppOpening,1754294937.835202,6,askForTimeLimit,Europe/Paris,False,instagram,
openedApp,1754294975.494228,6,askForTimeLimit,Europe/Paris,False,instagram,1800.0
openedApp,1754295203.476783,6,askForTimeLimit,Europe/Paris,False,instagram,1320.0
openedApp,1754295353.966138,6,askForTimeLimit,Europe/Paris,False,instagram,1740.0
openedApp,1754295734.9870892,6,askForTimeLimit,Europe/Paris,False,instagram,1200.0
openedApp,1754296186.578114,6,askForTimeLimit,Europe/Paris,False,instagram,540.0
openedApp,1754298194.796677,6,askForTimeLimit,Europe/Paris,False,instagram,900.0
openedApp,1754298728.4573421,6,askForTimeLimit,Europe/Paris,False,instagram,1080.0
openedApp,1754301912.8977652,6,askForTimeLimit,Europe/Paris,False,instagram,1080.0
dismissedAppOpening,1754303957.97019,6,askForTimeLimit,Europe/Paris,False,instagram,
dismissedAppOpening,1754303960.6612701,6,askForTimeLimit,Europe/Paris,False,instagram,
openedApp,1754303975.8460531,6,askForTimeLimit,Europe/Paris,False,instagram,660.0
openedApp,1754304348.107132,6,askForTimeLimit,Europe/Paris,False,instagram,1320.0
openedApp,1754306058.551799,6,askForTimeLimit,Europe/Paris,False,instagram,720.0
openedApp,1754306486.673592,6,askForTimeLimit,Europe/Paris,False,instagram,1140.0
openedApp,1754308155.104433,6,askForTimeLimit,Europe/Paris,False,instagram,780.0
openedApp,1754314034.43313,6,askForTimeLimit,Europe/Paris,False,instagram,840.0
openedApp,1754314742.720448,6,askForTimeLimit,Europe/Paris,False,instagram,420.0
openedApp,1754315365.5846648,6,askForTimeLimit,Europe/Paris,False,instagram,660.0
openedApp,1754315769.6298661,6,askForTimeLimit,Europe/Paris,False,instagram,780.0
openedApp,1754317761.023911,6,askForTimeLimit,Europe/Paris,False,instagram,660.0
openedApp,1754318036.834429,6,askForTimeLimit,Europe/Paris,False,instagram,780.0
dismissedAppOpening,1754319610.080183,6,askForTimeLimit,Europe/Paris,False,instagram,
openedApp,1754319616.799737,6,askForTimeLimit,Europe/Paris,False,instagram,1020.0
openedApp,1754320507.4898229,6,askForTimeLimit,Europe/Paris,False,instagram,900.0
openedApp,1754324017.342698,6,askForTimeLimit,Europe/Paris,False,instagram,1200.0
openedApp,1754324037.598524,6,askForTimeLimit,Europe/Paris,False,instagram,960.0
openedApp,1754324134.843339,6,askForTimeLimit,Europe/Paris,False,instagram,960.0
openedApp,1754324326.304121,6,askForTimeLimit,Europe/Paris,False,instagram,1200.0
openedApp,1754326544.203886,6,askForTimeLimit,Europe/Paris,False,instagram,840.0
openedApp,1754326608.816498,6,askForTimeLimit,Europe/Paris,False,instagram,960.0
openedApp,1754326621.712179,6,askForTimeLimit,Europe/Paris,False,instagram,1020.0
openedApp,1754326656.8730202,6,askForTimeLimit,Europe/Paris,False,instagram,960.0
openedApp,1754326746.1759129,6,askForTimeLimit,Europe/Paris,False,instagram,840.0
openedApp,1754326760.0027661,6,askForTimeLimit,Europe/Paris,False,instagram,780.0
openedApp,1754326905.739363,6,askForTimeLimit,Europe/Paris,False,instagram,840.0
openedApp,1754327163.8876162,6,askForTimeLimit,Europe/Paris,False,instagram,900.0
openedApp,1754327210.9695,6,askForTimeLimit,Europe/Paris,False,instagram,1200.0
openedApp,1754327503.6294909,6,askForTimeLimit,Europe/Paris,False,instagram,1140.0
openedApp,1754330585.7866712,6,askForTimeLimit,Europe/Paris,False,instagram,720.0
openedApp,1754330601.553091,6,askForTimeLimit,Europe/Paris,False,instagram,720.0
dismissedAppOpening,1754330629.000447,6,askForTimeLimit,Europe/Paris,False,instagram,
openedApp,1754330782.549089,6,askForTimeLimit,Europe/Paris,False,instagram,660.0
openedApp,1754331098.6905,6,askForTimeLimit,Europe/Paris,False,instagram,780.0
openedApp,1754331284.78305,6,askForTimeLimit,Europe/Paris,False,instagram,660.0
openedApp,1754331435.4218621,6,askForTimeLimit,Europe/Paris,False,instagram,900.0
openedApp,1754331488.828232,6,askForTimeLimit,Europe/Paris,False,instagram,840.0
openedApp,1754331549.068719,6,askForTimeLimit,Europe/Paris,False,instagram,720.0
openedApp,1754331724.2732291,6,askForTimeLimit,Europe/Paris,False,instagram,660.0
openedApp,1754331782.4795542,6,askForTimeLimit,Europe/Paris,False,instagram,480.0
openedApp,1754332634.4380898,6,askForTimeLimit,Europe/Paris,False,instagram,780.0
openedApp,1754332667.365891,6,askForTimeLimit,Europe/Paris,False,instagram,660.0
openedApp,1754332758.01482,6,askForTimeLimit,Europe/Paris,False,instagram,600.0
openedApp,1754334387.1587439,6,askForTimeLimit,Europe/Paris,False,instagram,480.0
openedApp,1754343716.866673,6,askForTimeLimit,Europe/Paris,False,instagram,420.0
openedApp,1754343964.501226,6,askForTimeLimit,Europe/Paris,False,instagram,780.0
openedApp,1754344350.636197,6,askForTimeLimit,Europe/Paris,False,instagram,840.0
openedApp,1754345750.914178,6,askForTimeLimit,Europe/Paris,False,instagram,720.0
dismissedAppOpening,1754346331.5010471,6,askForTimeLimit,Europe/Paris,False,instagram,
openedApp,1754373828.431559,6,askForTimeLimit,Europe/Paris,False,instagram,1200.0
openedApp,1754374202.147372,6,askForTimeLimit,Europe/Paris,False,instagram,960.0
