resolution,timestamp,interventionType,app,interventionDuration,timezone,isReIntervention
openedApp,1751943612.121253,breathingExercise,youtube,6,America/Mexico_City,False
openedApp,1751945827.125163,breathingExercise,youtube,6,America/Mexico_City,False
openedApp,1752764123.192721,breathingExercise,instagram,6,America/Mexico_City,False
openedApp,1752764158.134094,breathingExercise,instagram,6,America/Mexico_City,False
openedApp,1752772520.262289,breathingExercise,instagram,6,America/Mexico_City,False
openedApp,1752774079.291884,breathingExercise,instagram,6,America/Mexico_City,False
openedApp,1752778996.130618,breathingExercise,youtube,6,America/Mexico_City,False
dismissedAppOpening,1752783318.884252,breathingExercise,youtube,6,America/Mexico_City,False
openedApp,1752783580.5560741,breathingExercise,tikTok,6,America/Mexico_City,False
openedApp,1752788272.924213,breathingExercise,instagram,6,America/Mexico_City,False
openedApp,1752789477.105627,breathingExercise,youtube,6,America/Mexico_City,False
openedApp,1752792622.757071,breathingExercise,instagram,6,America/Mexico_City,False
openedApp,1752793321.8492641,breathingExercise,tikTok,6,America/Mexico_City,False
openedApp,1752794083.53948,breathingExercise,youtube,6,America/Mexico_City,False
openedApp,1752797292.756919,breathingExercise,instagram,6,America/Mexico_City,False
openedApp,1752797514.970343,breathingExercise,youtube,6,America/Mexico_City,False
dismissedAppOpening,1752799046.9736671,breathingExercise,youtube,6,America/Mexico_City,False
openedApp,1752804403.364334,breathingExercise,instagram,6,America/Mexico_City,False
openedApp,1752805006.908632,breathingExercise,instagram,6,America/Mexico_City,False
openedApp,1752805084.584578,breathingExercise,instagram,6,America/Mexico_City,False
openedApp,1752808840.5531201,breathingExercise,tikTok,6,America/Mexico_City,False
openedApp,1752810743.774687,breathingExercise,instagram,6,America/Mexico_City,False
openedApp,1752812469.554747,breathingExercise,youtube,6,America/Mexico_City,False
dismissedAppOpening,1752813145.869281,breathingExercise,youtube,6,America/Mexico_City,False
dismissedAppOpening,1752813151.1939259,breathingExercise,youtube,6,America/Mexico_City,False
openedApp,1752813166.1297479,breathingExercise,youtube,6,America/Mexico_City,False
openedApp,1752813669.1045818,breathingExercise,youtube,6,America/Mexico_City,False
openedApp,1752845383.0209532,breathingExercise,instagram,6,America/Mexico_City,False
openedApp,1752846165.486939,breathingExercise,tikTok,6,America/Mexico_City,False
openedApp,1752846976.39274,breathingExercise,instagram,6,America/Mexico_City,False
openedApp,1752849773.50858,breathingExercise,youtube,6,America/Mexico_City,False
openedApp,1752849867.517307,breathingExercise,youtube,6,America/Mexico_City,False
openedApp,1752860671.609808,breathingExercise,instagram,6,America/Mexico_City,False
openedApp,1752866570.590464,breathingExercise,youtube,6,America/Mexico_City,False
openedApp,1752868970.318763,breathingExercise,tikTok,6,America/Mexico_City,False
openedApp,1752870073.0849261,breathingExercise,youtube,6,America/Mexico_City,False
openedApp,1752870992.006186,breathingExercise,youtube,6,America/Mexico_City,False
openedApp,1752873469.358954,breathingExercise,instagram,6,America/Mexico_City,False
openedApp,1752874928.356367,breathingExercise,youtube,6,America/Mexico_City,False
openedApp,1752875056.1213899,breathingExercise,youtube,6,America/Mexico_City,False
openedApp,1752876535.63362,breathingExercise,youtube,6,America/Mexico_City,False
openedApp,1752877406.166102,breathingExercise,youtube,6,America/Mexico_City,False
openedApp,1752879890.394413,breathingExercise,instagram,6,America/Mexico_City,False
openedApp,1752881596.985558,breathingExercise,tikTok,6,America/Mexico_City,False
openedApp,1752881705.993818,breathingExercise,tikTok,6,America/Mexico_City,False
openedApp,1752889073.7120361,breathingExercise,instagram,6,America/Mexico_City,False
openedApp,1752892776.8464751,breathingExercise,instagram,6,America/Mexico_City,False
openedApp,1752893319.097435,breathingExercise,instagram,6,America/Mexico_City,False
dismissedAppOpening,1752896562.165477,breathingExercise,tikTok,6,America/Mexico_City,False
openedApp,1752896599.213692,breathingExercise,tikTok,6,America/Mexico_City,False
openedApp,1752897151.0557451,breathingExercise,youtube,6,America/Mexico_City,False
dismissedAppOpening,1752897789.712775,breathingExercise,youtube,6,America/Mexico_City,False
openedApp,1752897879.7727962,breathingExercise,youtube,6,America/Mexico_City,False
openedApp,1752898319.370281,breathingExercise,youtube,6,America/Mexico_City,False
openedApp,1752898898.88556,breathingExercise,youtube,6,America/Mexico_City,False
openedApp,1752901460.137317,breathingExercise,instagram,6,America/Mexico_City,False
openedApp,1752926866.89628,breathingExercise,instagram,6,America/Mexico_City,False
dismissedAppOpening,1752927352.9355001,breathingExercise,instagram,6,America/Mexico_City,False
openedApp,1752927382.31325,breathingExercise,youtube,6,America/Mexico_City,False
openedApp,1752928974.243799,breathingExercise,instagram,6,America/Mexico_City,False
openedApp,1752929181.5241308,breathingExercise,tikTok,6,America/Mexico_City,False
openedApp,1752929396.6838388,breathingExercise,instagram,6,America/Mexico_City,False
openedApp,1752932742.2031631,breathingExercise,instagram,6,America/Mexico_City,False
openedApp,1752938547.640431,breathingExercise,instagram,6,America/Mexico_City,False
openedApp,1752940596.209564,breathingExercise,instagram,6,America/Mexico_City,False
openedApp,1752941286.0292668,breathingExercise,instagram,6,America/Mexico_City,False
openedApp,1752941776.401658,breathingExercise,tikTok,6,America/Mexico_City,False
dismissedAppOpening,1752946413.974771,breathingExercise,instagram,6,America/Mexico_City,False
openedApp,1752946428.5377588,breathingExercise,instagram,6,America/Mexico_City,False
openedApp,1752946845.753109,breathingExercise,instagram,6,America/Mexico_City,False
openedApp,1752947482.207007,breathingExercise,youtube,6,America/Mexico_City,False
openedApp,1752948640.3982291,breathingExercise,youtube,6,America/Mexico_City,False
openedApp,1752951228.625475,breathingExercise,instagram,6,America/Mexico_City,False
openedApp,1752955899.5398679,breathingExercise,instagram,6,America/Mexico_City,False
openedApp,1752962018.722431,breathingExercise,instagram,6,America/Mexico_City,False
openedApp,1752968027.34093,breathingExercise,instagram,6,America/Mexico_City,False
openedApp,1752968959.699037,breathingExercise,instagram,6,America/Mexico_City,False
openedApp,1752973799.477654,breathingExercise,instagram,6,America/Mexico_City,False
openedApp,1752982700.370064,breathingExercise,instagram,6,America/Mexico_City,False
openedApp,1752991300.8779778,breathingExercise,instagram,6,America/Mexico_City,False
openedApp,1752991619.587106,breathingExercise,tikTok,6,America/Mexico_City,False
openedApp,1752992048.872268,breathingExercise,tikTok,6,America/Mexico_City,False
openedApp,1753020754.769404,breathingExercise,instagram,6,America/Mexico_City,False
dismissedAppOpening,1753024146.350456,breathingExercise,instagram,6,America/Mexico_City,False
openedApp,1753024182.925564,breathingExercise,instagram,6,America/Mexico_City,False
openedApp,1753037456.5786781,breathingExercise,instagram,6,America/Mexico_City,False
openedApp,1753039074.544791,breathingExercise,instagram,6,America/Mexico_City,False
openedApp,1753047116.937086,breathingExercise,instagram,6,America/Mexico_City,False
openedApp,1753048141.728807,breathingExercise,instagram,6,America/Mexico_City,False
openedApp,1753050493.150796,breathingExercise,instagram,6,America/Mexico_City,False
openedApp,1753051241.7211251,breathingExercise,tikTok,6,America/Mexico_City,False
openedApp,1753051808.1868591,breathingExercise,youtube,6,America/Mexico_City,False
openedApp,1753054870.4063358,breathingExercise,youtube,6,America/Mexico_City,False
openedApp,1753057349.70242,breathingExercise,youtube,6,America/Mexico_City,False
openedApp,1753058069.7293348,breathingExercise,youtube,6,America/Mexico_City,False
openedApp,1753060590.727079,breathingExercise,youtube,6,America/Mexico_City,False
openedApp,1753062268.256709,breathingExercise,instagram,6,America/Mexico_City,False
openedApp,1753063861.453549,breathingExercise,tikTok,6,America/Mexico_City,False
openedApp,1753063906.250231,breathingExercise,tikTok,6,America/Mexico_City,False
openedApp,1753066427.891506,breathingExercise,instagram,6,America/Mexico_City,False
openedApp,1753073619.7776399,breathingExercise,youtube,6,America/Mexico_City,False
openedApp,1753079937.985793,breathingExercise,instagram,6,America/Mexico_City,False
openedApp,1753097690.3361192,breathingExercise,instagram,6,America/Mexico_City,False
openedApp,1753100520.358924,breathingExercise,instagram,6,America/Mexico_City,False
openedApp,1753105522.732995,breathingExercise,tikTok,6,America/Mexico_City,False
dismissedAppOpening,1753105779.818451,breathingExercise,instagram,6,America/Mexico_City,False
openedApp,1753108229.865748,breathingExercise,instagram,6,America/Mexico_City,False
openedApp,1753109414.9731069,breathingExercise,instagram,6,America/Mexico_City,False
openedApp,1753118946.390897,breathingExercise,instagram,6,America/Mexico_City,False
openedApp,1753123518.409327,breathingExercise,instagram,6,America/Mexico_City,False
openedApp,1753127601.833559,breathingExercise,instagram,6,America/Mexico_City,False
openedApp,1753128133.4936318,breathingExercise,instagram,6,America/Mexico_City,False
openedApp,1753128377.7805,breathingExercise,instagram,6,America/Mexico_City,False
openedApp,1753128546.329745,breathingExercise,instagram,6,America/Mexico_City,False
openedApp,1753129438.903969,breathingExercise,instagram,6,America/Mexico_City,False
openedApp,1753135217.9036388,breathingExercise,instagram,6,America/Mexico_City,False
dismissedAppOpening,1753137760.783236,breathingExercise,instagram,6,America/Mexico_City,False
openedApp,1753138710.384634,breathingExercise,youtube,6,America/Mexico_City,False
openedApp,1753149143.528071,breathingExercise,instagram,6,America/Mexico_City,False
openedApp,1753156307.226537,breathingExercise,tikTok,6,America/Mexico_City,False
openedApp,1753157238.674117,breathingExercise,youtube,6,America/Mexico_City,False
openedApp,1753159138.9874249,breathingExercise,youtube,6,America/Mexico_City,False
openedApp,1753159358.732883,breathingExercise,youtube,6,America/Mexico_City,False
dismissedAppOpening,1753160160.407198,breathingExercise,youtube,6,America/Mexico_City,False
openedApp,1753160698.8579612,breathingExercise,instagram,6,America/Mexico_City,False
dismissedAppOpening,1753160845.614289,breathingExercise,youtube,6,America/Mexico_City,False
openedApp,1753161068.060861,breathingExercise,youtube,6,America/Mexico_City,False
dismissedAppOpening,1753161391.321924,breathingExercise,youtube,6,America/Mexico_City,False
openedApp,1753161532.2036738,breathingExercise,youtube,6,America/Mexico_City,False
openedApp,1753161594.404317,breathingExercise,instagram,6,America/Mexico_City,False
openedApp,1753165783.743936,breathingExercise,youtube,6,America/Mexico_City,False
openedApp,1753165911.9598079,breathingExercise,youtube,6,America/Mexico_City,False
dismissedAppOpening,1753166648.818983,breathingExercise,instagram,6,America/Mexico_City,False
dismissedAppOpening,1753166653.557055,breathingExercise,instagram,6,America/Mexico_City,False
dismissedAppOpening,1753166655.883291,breathingExercise,instagram,6,America/Mexico_City,False
dismissedAppOpening,1753166658.141372,breathingExercise,instagram,6,America/Mexico_City,False
dismissedAppOpening,1753166660.811946,breathingExercise,instagram,6,America/Mexico_City,False
openedApp,1753185671.505724,breathingExercise,instagram,6,America/Mexico_City,False
openedApp,1753189900.191753,breathingExercise,instagram,6,America/Mexico_City,False
openedApp,1753190142.155,breathingExercise,youtube,6,America/Mexico_City,False
openedApp,1753190578.348164,breathingExercise,tikTok,6,America/Mexico_City,False
openedApp,1753192046.5475101,breathingExercise,instagram,6,America/Mexico_City,False
openedApp,1753195307.4102879,breathingExercise,youtube,6,America/Mexico_City,False
openedApp,1753203634.1516829,breathingExercise,instagram,6,America/Mexico_City,False
openedApp,1753215228.8804522,breathingExercise,instagram,6,America/Mexico_City,False
openedApp,1753216912.316747,breathingExercise,instagram,6,America/Mexico_City,False
openedApp,1753217990.957376,breathingExercise,instagram,6,America/Mexico_City,False
openedApp,1753219111.544414,breathingExercise,instagram,6,America/Mexico_City,False
openedApp,1753219748.342334,breathingExercise,instagram,6,America/Mexico_City,False
openedApp,1753222762.67351,breathingExercise,instagram,6,America/Mexico_City,False
openedApp,1753223497.227431,breathingExercise,instagram,6,America/Mexico_City,False
openedApp,1753228542.924028,breathingExercise,instagram,6,America/Mexico_City,False
dismissedAppOpening,1753229172.1198301,breathingExercise,instagram,6,America/Mexico_City,False
openedApp,1753229685.440548,breathingExercise,tikTok,6,America/Mexico_City,False
openedApp,1753231628.971065,breathingExercise,instagram,6,America/Mexico_City,False
openedApp,1753232125.665217,breathingExercise,instagram,6,America/Mexico_City,False
openedApp,1753238631.42289,breathingExercise,instagram,6,America/Mexico_City,False
dismissedAppOpening,1753240796.9856548,breathingExercise,instagram,6,America/Mexico_City,False
dismissedAppOpening,1753242224.144686,breathingExercise,instagram,6,America/Mexico_City,False
openedApp,1753243741.984081,breathingExercise,instagram,6,America/Mexico_City,False
openedApp,1753249147.294701,breathingExercise,instagram,6,America/Mexico_City,False
openedApp,1753271182.4252992,breathingExercise,instagram,6,America/Mexico_City,False
openedApp,1753273534.7879682,breathingExercise,instagram,6,America/Mexico_City,False
openedApp,1753273833.476969,breathingExercise,tikTok,6,America/Mexico_City,False
dismissedAppOpening,1753287902.6383228,breathingExercise,instagram,6,America/Mexico_City,False
openedApp,1753287952.214227,breathingExercise,instagram,6,America/Mexico_City,False
openedApp,1753290060.341805,breathingExercise,instagram,6,America/Mexico_City,False
openedApp,1753290357.795085,breathingExercise,instagram,6,America/Mexico_City,False
openedApp,1753290978.72825,breathingExercise,youtube,6,America/Mexico_City,False
openedApp,1753294666.355617,breathingExercise,youtube,6,America/Mexico_City,False
openedApp,1753295021.122923,breathingExercise,youtube,6,America/Mexico_City,False
openedApp,1753301727.1344109,breathingExercise,instagram,6,America/Mexico_City,False
openedApp,1753301879.0116758,breathingExercise,instagram,6,America/Mexico_City,False
dismissedAppOpening,1753302666.9559789,breathingExercise,instagram,6,America/Mexico_City,False
dismissedAppOpening,1753303123.683126,breathingExercise,instagram,6,America/Mexico_City,False
openedApp,1753303152.060677,breathingExercise,instagram,6,America/Mexico_City,False
openedApp,1753316676.246691,breathingExercise,instagram,6,America/Mexico_City,False
openedApp,1753319499.355861,breathingExercise,tikTok,6,America/Mexico_City,False
openedApp,1753321966.8374991,breathingExercise,instagram,6,America/Mexico_City,False
openedApp,1753322442.247696,breathingExercise,instagram,6,America/Mexico_City,False
openedApp,1753323269.512625,breathingExercise,instagram,6,America/Mexico_City,False
dismissedAppOpening,1753324791.045758,breathingExercise,youtube,6,America/Mexico_City,False
openedApp,1753325640.467475,breathingExercise,instagram,6,America/Mexico_City,False
openedApp,1753326076.750309,breathingExercise,instagram,6,America/Mexico_City,False
openedApp,1753327304.217608,breathingExercise,instagram,6,America/Mexico_City,False
dismissedAppOpening,1753327793.92276,breathingExercise,instagram,6,America/Mexico_City,False
openedApp,1753331379.416183,breathingExercise,tikTok,6,America/Mexico_City,False
openedApp,1753331712.849057,breathingExercise,instagram,6,America/Mexico_City,False
dismissedAppOpening,1753332201.809225,breathingExercise,youtube,6,America/Mexico_City,False
openedApp,1753332414.593577,breathingExercise,youtube,6,America/Mexico_City,False
dismissedAppOpening,1753332435.913118,breathingExercise,youtube,6,America/Mexico_City,False
openedApp,1753332454.261845,breathingExercise,youtube,6,America/Mexico_City,False
openedApp,1753346535.929743,breathingExercise,instagram,6,America/Mexico_City,False
dismissedAppOpening,1753349080.6060681,breathingExercise,instagram,6,America/Mexico_City,False
openedApp,1753349118.726774,breathingExercise,youtube,6,America/Mexico_City,False
openedApp,1753349338.953814,breathingExercise,youtube,6,America/Mexico_City,False
openedApp,1753349472.053053,breathingExercise,youtube,6,America/Mexico_City,False
openedApp,1753351397.127532,breathingExercise,instagram,6,America/Mexico_City,False
openedApp,1753351542.281176,breathingExercise,tikTok,6,America/Mexico_City,False
openedApp,1753352178.648985,breathingExercise,instagram,6,America/Mexico_City,False
openedApp,1753361528.905726,breathingExercise,instagram,6,America/Mexico_City,False
openedApp,1753362958.502003,breathingExercise,instagram,6,America/Mexico_City,False
openedApp,1753372874.7986588,breathingExercise,instagram,6,America/Mexico_City,False
openedApp,1753373752.916748,breathingExercise,instagram,6,America/Mexico_City,False
openedApp,1753374802.235433,breathingExercise,instagram,6,America/Mexico_City,False
openedApp,1753376419.182801,breathingExercise,instagram,6,America/Mexico_City,False
openedApp,1753381599.9129992,breathingExercise,youtube,6,America/Mexico_City,False
openedApp,1753382950.143095,breathingExercise,instagram,6,America/Mexico_City,False
openedApp,1753384250.8419418,breathingExercise,youtube,6,America/Mexico_City,False
openedApp,1753387953.299186,breathingExercise,youtube,6,America/Mexico_City,False
openedApp,1753390796.4056978,breathingExercise,instagram,6,America/Mexico_City,False
dismissedAppOpening,1753391183.1221461,breathingExercise,youtube,6,America/Mexico_City,False
openedApp,1753391250.7052732,breathingExercise,youtube,6,America/Mexico_City,False
openedApp,1753397140.037242,breathingExercise,instagram,6,America/Mexico_City,False
openedApp,1753398179.2828112,breathingExercise,instagram,6,America/Mexico_City,False
openedApp,1753403414.010031,breathingExercise,tikTok,6,America/Mexico_City,False
openedApp,1753405913.0142698,breathingExercise,instagram,6,America/Mexico_City,False
openedApp,1753407206.1224399,breathingExercise,instagram,6,America/Mexico_City,False
openedApp,1753407476.4266891,breathingExercise,instagram,6,America/Mexico_City,False
dismissedAppOpening,1753407990.0653281,breathingExercise,instagram,6,America/Mexico_City,False
openedApp,1753408195.026336,breathingExercise,instagram,6,America/Mexico_City,False
openedApp,1753408770.6803741,breathingExercise,instagram,6,America/Mexico_City,False
openedApp,1753413161.472074,breathingExercise,instagram,6,America/Mexico_City,False
openedApp,1753413358.2243872,breathingExercise,instagram,6,America/Mexico_City,False
openedApp,1753413728.472134,breathingExercise,instagram,6,America/Mexico_City,False
openedApp,1753414989.686359,breathingExercise,youtube,6,America/Mexico_City,False
openedApp,1753417711.9295878,breathingExercise,instagram,6,America/Mexico_City,False
openedApp,1753418458.0822759,breathingExercise,instagram,6,America/Mexico_City,False
openedApp,1753419715.554115,breathingExercise,instagram,6,America/Mexico_City,False
openedApp,1753420060.0528111,breathingExercise,youtube,6,America/Mexico_City,False
openedApp,1753442663.749586,breathingExercise,instagram,6,America/Mexico_City,False
openedApp,1753442790.209605,breathingExercise,tikTok,6,America/Mexico_City,False
openedApp,1753447739.162068,breathingExercise,instagram,6,America/Mexico_City,False
openedApp,1753448354.413714,breathingExercise,instagram,6,America/Mexico_City,False
openedApp,1753449589.49049,breathingExercise,instagram,6,America/Mexico_City,False
openedApp,1753454320.9251618,breathingExercise,instagram,6,America/Mexico_City,False
openedApp,1753466711.914267,breathingExercise,instagram,6,America/Mexico_City,False
openedApp,1753469374.185237,breathingExercise,instagram,6,America/Mexico_City,False
openedApp,1753473787.71663,breathingExercise,instagram,6,America/Mexico_City,False
openedApp,1753474077.512734,breathingExercise,instagram,6,America/Mexico_City,False
openedApp,1753477286.016478,breathingExercise,instagram,6,America/Mexico_City,False
openedApp,1753479095.733346,breathingExercise,instagram,6,America/Mexico_City,False
openedApp,1753487581.918637,breathingExercise,instagram,6,America/Mexico_City,False
openedApp,1753491307.8502312,breathingExercise,instagram,6,America/Mexico_City,False
openedApp,1753494097.430338,breathingExercise,tikTok,6,America/Mexico_City,False
openedApp,1753494834.39292,breathingExercise,youtube,6,America/Mexico_City,False
openedApp,1753496522.0031729,breathingExercise,instagram,6,America/Mexico_City,False
openedApp,1753505022.499086,breathingExercise,instagram,6,America/Mexico_City,False
openedApp,1753535718.7740722,breathingExercise,instagram,6,America/Mexico_City,False
openedApp,1753539461.798312,breathingExercise,youtube,6,America/Mexico_City,False
openedApp,1753541485.327333,breathingExercise,tikTok,6,America/Mexico_City,False
openedApp,1753554055.912605,breathingExercise,instagram,6,America/Mexico_City,False
openedApp,1753556864.049316,breathingExercise,instagram,6,America/Mexico_City,False
openedApp,1753559309.38159,breathingExercise,instagram,6,America/Mexico_City,False
openedApp,1753563819.516896,breathingExercise,instagram,6,America/Mexico_City,False
openedApp,1753564831.027905,breathingExercise,instagram,6,America/Mexico_City,False
openedApp,1753566307.228191,breathingExercise,instagram,6,America/Mexico_City,False
dismissedAppOpening,1753566552.132571,breathingExercise,instagram,6,America/Mexico_City,False
openedApp,1753566659.050091,breathingExercise,instagram,6,America/Mexico_City,False
openedApp,1753568913.000914,breathingExercise,instagram,6,America/Mexico_City,False
openedApp,1753571954.6401238,breathingExercise,instagram,6,America/Mexico_City,False
dismissedAppOpening,1753572256.866257,breathingExercise,instagram,6,America/Mexico_City,False
openedApp,1753573320.271611,breathingExercise,instagram,6,America/Mexico_City,False
openedApp,1753573549.4924831,breathingExercise,tikTok,6,America/Mexico_City,False
dismissedAppOpening,1753574072.40972,breathingExercise,instagram,6,America/Mexico_City,False
openedApp,1753574231.235618,breathingExercise,instagram,6,America/Mexico_City,False
openedApp,1753574396.681315,breathingExercise,instagram,6,America/Mexico_City,False
openedApp,1753574695.933358,breathingExercise,instagram,6,America/Mexico_City,False
openedApp,1753574938.379998,breathingExercise,instagram,6,America/Mexico_City,False
openedApp,1753575352.260611,breathingExercise,instagram,6,America/Mexico_City,False
openedApp,1753575800.769157,breathingExercise,youtube,6,America/Mexico_City,False
openedApp,1753575940.82657,breathingExercise,tikTok,6,America/Mexico_City,False
openedApp,1753581006.3792682,breathingExercise,youtube,6,America/Mexico_City,False
openedApp,1753581151.2767758,breathingExercise,youtube,6,America/Mexico_City,False
openedApp,1753585128.0264,breathingExercise,instagram,6,America/Mexico_City,False
openedApp,1753585878.373502,breathingExercise,instagram,6,America/Mexico_City,False
openedApp,1753587320.038629,breathingExercise,instagram,6,America/Mexico_City,False
openedApp,1753589934.082777,breathingExercise,instagram,6,America/Mexico_City,False
openedApp,1753591007.89382,breathingExercise,youtube,6,America/Mexico_City,False
openedApp,1753592369.857592,breathingExercise,tikTok,6,America/Mexico_City,False
openedApp,1753592600.817463,breathingExercise,instagram,6,America/Mexico_City,False
openedApp,1753622011.391758,breathingExercise,instagram,6,America/Mexico_City,False
openedApp,1753638038.53462,breathingExercise,instagram,6,America/Mexico_City,False
openedApp,1753638253.743674,breathingExercise,instagram,6,America/Mexico_City,False
openedApp,1753640822.613432,breathingExercise,instagram,6,America/Mexico_City,False
openedApp,1753647615.8563972,breathingExercise,instagram,6,America/Mexico_City,False
openedApp,1753650544.264138,breathingExercise,instagram,6,America/Mexico_City,False
openedApp,1753651811.6464062,breathingExercise,instagram,6,America/Mexico_City,False
openedApp,1753656212.179463,breathingExercise,instagram,6,America/Mexico_City,False
openedApp,1753656995.340551,breathingExercise,instagram,6,America/Mexico_City,False
dismissedAppOpening,1753658630.224618,breathingExercise,instagram,6,America/Mexico_City,False
openedApp,1753659428.009048,breathingExercise,instagram,6,America/Mexico_City,False
openedApp,1753664911.168251,breathingExercise,instagram,6,America/Mexico_City,False
openedApp,1753665600.31816,breathingExercise,tikTok,6,America/Mexico_City,False
openedApp,1753666645.5667992,breathingExercise,youtube,6,America/Mexico_City,False
openedApp,1753672480.8408961,breathingExercise,instagram,6,America/Mexico_City,False
dismissedAppOpening,1753672953.119983,breathingExercise,instagram,6,America/Mexico_City,False
dismissedAppOpening,1753672964.936881,breathingExercise,tikTok,6,America/Mexico_City,False
dismissedAppOpening,1753673708.196422,breathingExercise,youtube,6,America/Mexico_City,False
openedApp,1753673945.517827,breathingExercise,youtube,6,America/Mexico_City,False
openedApp,1753676380.0999641,breathingExercise,instagram,6,America/Mexico_City,False
openedApp,1753677370.358787,breathingExercise,instagram,6,America/Mexico_City,False
dismissedAppOpening,1753679047.366936,breathingExercise,instagram,6,America/Mexico_City,False
openedApp,1753717799.5836139,breathingExercise,instagram,6,America/Mexico_City,False
openedApp,1753718582.621634,breathingExercise,youtube,6,America/Mexico_City,False
openedApp,1753720414.617023,breathingExercise,tikTok,6,America/Mexico_City,False
dismissedAppOpening,1753721844.383006,breathingExercise,youtube,6,America/Mexico_City,False
openedApp,1753721859.2314901,breathingExercise,youtube,6,America/Mexico_City,False
openedApp,1753728037.621138,breathingExercise,instagram,6,America/Mexico_City,False
openedApp,1753730922.160369,breathingExercise,instagram,6,America/Mexico_City,False
openedApp,1753731375.395471,breathingExercise,instagram,6,America/Mexico_City,False
openedApp,1753733663.8691669,breathingExercise,instagram,6,America/Mexico_City,False
openedApp,1753735340.712731,breathingExercise,tikTok,6,America/Mexico_City,False
openedApp,1753745097.401984,breathingExercise,instagram,6,America/Mexico_City,False
openedApp,1753748953.947937,breathingExercise,instagram,6,America/Mexico_City,False
openedApp,1753750970.138119,breathingExercise,instagram,6,America/Mexico_City,False
openedApp,1753754971.4061341,breathingExercise,instagram,6,America/Mexico_City,False
openedApp,1753764968.597651,breathingExercise,instagram,6,America/Mexico_City,False
dismissedAppOpening,1753766311.435741,breathingExercise,youtube,6,America/Mexico_City,False
openedApp,1753798852.651788,breathingExercise,instagram,6,America/Mexico_City,False
openedApp,1753808195.1094651,breathingExercise,instagram,6,America/Mexico_City,False
dismissedAppOpening,1753838970.671299,breathingExercise,instagram,6,America/Mexico_City,False
openedApp,1753838988.231453,breathingExercise,instagram,6,America/Mexico_City,False
openedApp,1753846165.3145452,breathingExercise,instagram,6,America/Mexico_City,False
dismissedAppOpening,1753846209.007338,breathingExercise,instagram,6,America/Mexico_City,False
openedApp,1753846226.697608,breathingExercise,tikTok,6,America/Mexico_City,False
openedApp,1753853092.7527041,breathingExercise,youtube,6,America/Mexico_City,False
dismissedAppOpening,1753883885.3858008,breathingExercise,instagram,6,America/Mexico_City,False
openedApp,1753883937.426643,breathingExercise,instagram,6,America/Mexico_City,False
openedApp,1753884543.527423,breathingExercise,tikTok,6,America/Mexico_City,False
openedApp,1753885047.5009289,breathingExercise,instagram,6,America/Mexico_City,False
openedApp,1753885094.992542,breathingExercise,tikTok,6,America/Mexico_City,False
openedApp,1753885761.42135,breathingExercise,youtube,6,America/Mexico_City,False
openedApp,1753895501.171496,breathingExercise,youtube,6,America/Mexico_City,False
openedApp,1753900361.0513139,breathingExercise,instagram,6,America/Mexico_City,False
openedApp,1753904235.843375,breathingExercise,instagram,6,America/Mexico_City,False
openedApp,1753911710.622819,breathingExercise,instagram,6,America/Mexico_City,False
openedApp,1753912647.973341,breathingExercise,youtube,6,America/Mexico_City,False
openedApp,1753913373.086129,breathingExercise,youtube,6,America/Mexico_City,False
openedApp,1753914204.7649488,breathingExercise,instagram,6,America/Mexico_City,False
openedApp,1753916661.0671492,breathingExercise,instagram,6,America/Mexico_City,False
openedApp,1753917586.6499739,breathingExercise,instagram,6,America/Mexico_City,False
openedApp,1753920590.376618,breathingExercise,instagram,6,America/Mexico_City,False
openedApp,1753922779.650094,breathingExercise,instagram,6,America/Mexico_City,False
openedApp,1753922863.145138,breathingExercise,tikTok,6,America/Mexico_City,False
openedApp,1753922953.795547,breathingExercise,tikTok,6,America/Mexico_City,False
openedApp,1753926331.916065,breathingExercise,instagram,6,America/Mexico_City,False
openedApp,1753928757.646584,breathingExercise,instagram,6,America/Mexico_City,False
openedApp,1753929494.3380861,breathingExercise,youtube,6,America/Mexico_City,False
openedApp,1753929864.006381,breathingExercise,youtube,6,America/Mexico_City,False
openedApp,1753936370.190068,breathingExercise,instagram,6,America/Mexico_City,False
openedApp,1753938662.77737,breathingExercise,youtube,6,America/Mexico_City,False
openedApp,1754126425.505681,breathingExercise,instagram,6,America/Mexico_City,False
dismissedAppOpening,1754129574.003344,breathingExercise,instagram,6,America/Mexico_City,False
openedApp,1754130510.01172,breathingExercise,instagram,6,America/Mexico_City,False
dismissedAppOpening,1754130867.1252599,breathingExercise,instagram,6,America/Mexico_City,False
openedApp,1754134046.692888,breathingExercise,instagram,6,America/Mexico_City,False
openedApp,1754137332.383409,breathingExercise,instagram,6,America/Mexico_City,False
openedApp,1754145842.986699,breathingExercise,instagram,6,America/Mexico_City,False
openedApp,1754151613.5885391,breathingExercise,instagram,6,America/Mexico_City,False
openedApp,1754164554.680129,breathingExercise,instagram,6,America/Mexico_City,False
openedApp,1754164937.947103,breathingExercise,instagram,6,America/Mexico_City,False
openedApp,1754169338.77442,breathingExercise,instagram,6,America/Mexico_City,False
openedApp,1754173630.124325,breathingExercise,instagram,6,America/Mexico_City,False
openedApp,1754174276.779856,breathingExercise,instagram,6,America/Mexico_City,False
openedApp,1754201540.135133,breathingExercise,instagram,6,America/Mexico_City,False
openedApp,1754201573.1171498,breathingExercise,tikTok,6,America/Mexico_City,False
openedApp,1754202017.1186218,breathingExercise,instagram,6,America/Mexico_City,False
dismissedAppOpening,1754231537.213139,breathingExercise,instagram,6,America/Mexico_City,False
openedApp,1754231553.096198,breathingExercise,instagram,6,America/Mexico_City,False
openedApp,1754232147.014771,breathingExercise,tikTok,6,America/Mexico_City,False
openedApp,1754241927.5363889,breathingExercise,youtube,6,America/Mexico_City,False
openedApp,1754244568.061658,breathingExercise,instagram,6,America/Mexico_City,False
openedApp,1754244684.06563,breathingExercise,instagram,6,America/Mexico_City,False
openedApp,1754251339.1651149,breathingExercise,instagram,6,America/Mexico_City,False
openedApp,1754254579.574311,breathingExercise,instagram,6,America/Mexico_City,False
dismissedAppOpening,1754254729.128631,breathingExercise,youtube,6,America/Mexico_City,False
openedApp,1754254744.541531,breathingExercise,tikTok,6,America/Mexico_City,False
openedApp,1754255076.050992,breathingExercise,youtube,6,America/Mexico_City,False
openedApp,1754256260.04253,breathingExercise,instagram,6,America/Mexico_City,False
openedApp,1754256681.694957,breathingExercise,youtube,6,America/Mexico_City,False
openedApp,1754259552.9947128,breathingExercise,instagram,6,America/Mexico_City,False
openedApp,1754263699.6785421,breathingExercise,instagram,6,America/Mexico_City,False
openedApp,1754268599.315253,breathingExercise,instagram,6,America/Mexico_City,False
openedApp,1754271663.2332,breathingExercise,instagram,6,America/Mexico_City,False
openedApp,1754274203.903475,breathingExercise,instagram,6,America/Mexico_City,False
dismissedAppOpening,1754274937.823457,breathingExercise,instagram,6,America/Mexico_City,False
dismissedAppOpening,1754278075.4536982,breathingExercise,instagram,6,America/Mexico_City,False
openedApp,1754281908.674731,breathingExercise,instagram,6,America/Mexico_City,False
openedApp,1754282664.9423652,breathingExercise,tikTok,6,America/Mexico_City,False
openedApp,1754282938.921454,breathingExercise,tikTok,6,America/Mexico_City,False
openedApp,1754283847.187557,breathingExercise,tikTok,6,America/Mexico_City,False
openedApp,1754286099.5182061,breathingExercise,youtube,6,America/Mexico_City,False
openedApp,1754288163.458518,breathingExercise,youtube,6,America/Mexico_City,False
openedApp,1754288204.4937959,breathingExercise,instagram,6,America/Mexico_City,False
openedApp,1754316980.4189138,breathingExercise,instagram,6,America/Mexico_City,False
openedApp,1754318367.482862,breathingExercise,tikTok,6,America/Mexico_City,False
openedApp,1754319324.744893,breathingExercise,instagram,6,America/Mexico_City,False
openedApp,1754320848.5659251,breathingExercise,youtube,6,America/Mexico_City,False
openedApp,1754321088.8790932,breathingExercise,youtube,6,America/Mexico_City,False
openedApp,1754324886.266335,breathingExercise,instagram,6,America/Mexico_City,False
dismissedAppOpening,1754327873.9365668,breathingExercise,youtube,6,America/Mexico_City,False
openedApp,1754327895.676937,breathingExercise,youtube,6,America/Mexico_City,False
openedApp,1754330823.617687,breathingExercise,youtube,6,America/Mexico_City,False
openedApp,1754335371.217205,breathingExercise,instagram,6,America/Mexico_City,False
openedApp,1754338410.0691361,breathingExercise,instagram,6,America/Mexico_City,False
openedApp,1754338602.738127,breathingExercise,tikTok,6,America/Mexico_City,False
openedApp,1754339075.882627,breathingExercise,youtube,6,America/Mexico_City,False
openedApp,1754340576.736,breathingExercise,youtube,6,America/Mexico_City,False
openedApp,1754343184.450526,breathingExercise,youtube,6,America/Mexico_City,False
openedApp,1754347988.4016209,breathingExercise,instagram,6,America/Mexico_City,False
dismissedAppOpening,1754348540.20822,breathingExercise,instagram,6,America/Mexico_City,False
openedApp,1754349178.229126,breathingExercise,instagram,6,America/Mexico_City,False
openedApp,1754352145.8864021,breathingExercise,instagram,6,America/Mexico_City,False
openedApp,1754353456.942128,breathingExercise,instagram,6,America/Mexico_City,False
dismissedAppOpening,1754355290.684572,breathingExercise,instagram,6,America/Mexico_City,False
openedApp,1754355316.560106,breathingExercise,instagram,6,America/Mexico_City,False
openedApp,1754356576.3822908,breathingExercise,tikTok,6,America/Mexico_City,False
openedApp,1754356931.1662068,breathingExercise,youtube,6,America/Mexico_City,False
openedApp,1754360156.532271,breathingExercise,youtube,6,America/Mexico_City,False
dismissedAppOpening,1754361638.3267422,breathingExercise,youtube,6,America/Mexico_City,False
openedApp,1754361761.4891438,breathingExercise,youtube,6,America/Mexico_City,False
openedApp,1754363671.076297,breathingExercise,instagram,6,America/Mexico_City,False
dismissedAppOpening,1754364464.871779,breathingExercise,youtube,6,America/Mexico_City,False
openedApp,1754366242.348184,breathingExercise,instagram,6,America/Mexico_City,False
openedApp,1754366565.4050179,breathingExercise,youtube,6,America/Mexico_City,False
openedApp,1754367672.645778,breathingExercise,instagram,6,America/Mexico_City,False
openedApp,1754371694.501027,breathingExercise,youtube,6,America/Mexico_City,False
dismissedAppOpening,1754372876.987701,breathingExercise,youtube,6,America/Mexico_City,False
