interventionDuration,isReIntervention,timezone,app,interventionType,resolution,timestamp,purpose
6,False,Asia/Shanghai,weibo,breathingExercise,dismissedAppOpening,1749689203.358706,
6,False,Asia/Shanghai,weibo,breathingExercise,dismissedAppOpening,1749689231.143583,
6,False,Asia/Shanghai,weibo,breathingExercise,dismissedAppOpening,1749697961.00576,
6,False,Asia/Shanghai,weibo,breathingExercise,dismissedAppOpening,1749697970.189435,
6,False,Asia/Shanghai,weibo,breathingExercise,openedApp,1749697989.4646559,
6,False,Asia/Shanghai,weibo,breathingExercise,dismissedAppOpening,1749698504.806394,
6,False,Asia/Shanghai,weibo,breathingExercise,dismissedAppOpening,1749702631.770591,
6,False,Asia/Shanghai,weibo,breathingExercise,dismissedAppOpening,1749703975.062413,
6,False,Asia/Shanghai,weibo,breathingExercise,openedApp,1749705884.742374,
6,False,Asia/Shanghai,weibo,breathingExercise,dismissedAppOpening,1749706059.5577102,
6,False,Asia/Shanghai,weibo,breathingExercise,openedApp,1749709485.1013331,
6,False,Asia/Shanghai,weibo,breathingExercise,dismissedAppOpening,1749710381.4052281,
6,False,Asia/Shanghai,weibo,breathingExercise,openedApp,1749717549.756839,
6,False,Asia/Shanghai,weibo,breathingExercise,dismissedAppOpening,1749736081.832827,
6,False,Asia/Shanghai,weibo,breathingExercise,openedApp,1749736113.2187529,
6,False,Asia/Shanghai,weibo,breathingExercise,openedApp,1749736188.33432,
6,False,Asia/Shanghai,weibo,breathingExercise,openedApp,1749736858.7144399,
6,False,Asia/Shanghai,weibo,breathingExercise,dismissedAppOpening,1749743984.893386,
6,False,Asia/Shanghai,weibo,breathingExercise,openedApp,1749772432.193167,
6,False,Asia/Shanghai,weibo,breathingExercise,dismissedAppOpening,1749774009.8445668,
6,False,Asia/Shanghai,weibo,breathingExercise,dismissedAppOpening,1749793206.802165,
6,False,Asia/Shanghai,weibo,breathingExercise,openedApp,1749793264.592163,
6,False,Asia/Shanghai,weibo,breathingExercise,openedApp,1749793653.865361,
6,False,Asia/Shanghai,weibo,breathingExercise,openedApp,1749794257.312111,
6,False,Asia/Shanghai,weibo,breathingExercise,openedApp,1749796038.0025802,
6,False,Asia/Shanghai,weibo,breathingExercise,dismissedAppOpening,1749802635.836893,
6,False,Asia/Shanghai,weibo,breathingExercise,openedApp,1749806707.9593282,
6,False,Asia/Shanghai,weibo,breathingExercise,dismissedAppOpening,1749806976.0982041,
6,False,Asia/Shanghai,weibo,breathingExercise,dismissedAppOpening,1749818597.830686,
6,False,Asia/Shanghai,weibo,breathingExercise,openedApp,1749818618.6600242,
6,False,Asia/Shanghai,weibo,breathingExercise,openedApp,1749819187.4351912,
6,False,Asia/Shanghai,weibo,breathingExercise,openedApp,1749819573.2680612,
6,False,Asia/Shanghai,weibo,breathingExercise,openedApp,1749819641.816482,
6,False,Asia/Shanghai,weibo,breathingExercise,dismissedAppOpening,1749821013.835881,
6,False,Asia/Shanghai,weibo,breathingExercise,dismissedAppOpening,1749821195.872833,
6,False,Asia/Shanghai,weibo,breathingExercise,dismissedAppOpening,1749856320.6271,
6,False,Asia/Shanghai,weibo,breathingExercise,dismissedAppOpening,1749856341.7919002,
6,False,Asia/Shanghai,weibo,breathingExercise,openedApp,1749856560.1991081,
6,False,Asia/Shanghai,weibo,breathingExercise,openedApp,1749875940.633647,
6,False,Asia/Shanghai,weibo,breathingExercise,openedApp,1749877630.339297,
6,False,Asia/Shanghai,weibo,breathingExercise,dismissedAppOpening,1749885210.8207011,
6,False,Asia/Shanghai,weibo,breathingExercise,openedApp,1749886104.8944411,
6,False,Asia/Shanghai,weibo,breathingExercise,openedApp,1749890384.7032208,
6,False,Asia/Shanghai,weibo,breathingExercise,dismissedAppOpening,1749894546.885427,
6,False,Asia/Shanghai,weibo,breathingExercise,openedApp,1749899670.530045,
6,False,Asia/Shanghai,weibo,breathingExercise,openedApp,1749903243.23611,
6,False,Asia/Shanghai,red,breathingExercise,dismissedAppOpening,1749918649.038796,
6,False,Asia/Shanghai,weibo,breathingExercise,dismissedAppOpening,1749918772.2759728,
6,False,Asia/Shanghai,weibo,breathingExercise,dismissedAppOpening,1749918787.415084,
6,False,Asia/Shanghai,weibo,breathingExercise,dismissedAppOpening,1749918806.419565,
6,False,Asia/Shanghai,weibo,breathingExercise,dismissedAppOpening,1749918809.250787,
6,False,Asia/Shanghai,weibo,breathingExercise,dismissedAppOpening,1749918812.5281348,
6,False,Asia/Shanghai,weibo,breathingExercise,dismissedAppOpening,1749918815.124179,
6,False,Asia/Shanghai,weibo,breathingExercise,dismissedAppOpening,1749918817.669598,
6,False,Asia/Shanghai,weibo,breathingExercise,dismissedAppOpening,1749918820.096788,
6,False,Asia/Shanghai,weibo,breathingExercise,dismissedAppOpening,1749918825.122579,
6,False,Asia/Shanghai,red,breathingExercise,dismissedAppOpening,1749918827.982092,
6,False,Asia/Shanghai,weibo,breathingExercise,dismissedAppOpening,1749918830.253426,
6,False,Asia/Shanghai,red,breathingExercise,dismissedAppOpening,1749918834.845006,
6,False,Asia/Shanghai,red,breathingExercise,dismissedAppOpening,1749918837.632578,
6,False,Asia/Shanghai,red,breathingExercise,dismissedAppOpening,1749918840.193593,
6,False,Asia/Shanghai,red,breathingExercise,dismissedAppOpening,1749918842.0971909,
6,False,Asia/Shanghai,red,breathingExercise,dismissedAppOpening,1749918846.422293,
6,False,Asia/Shanghai,red,breathingExercise,dismissedAppOpening,1749918859.992984,
6,False,Asia/Shanghai,weibo,breathingExercise,dismissedAppOpening,1749918896.918148,
6,False,Asia/Shanghai,red,breathingExercise,dismissedAppOpening,1749918903.929274,
6,False,Asia/Shanghai,red,breathingExercise,dismissedAppOpening,1749918915.451307,
6,False,Asia/Shanghai,weibo,breathingExercise,openedApp,1749948081.843999,放松
6,False,Asia/Shanghai,weibo,breathingExercise,dismissedAppOpening,1749948198.1692739,
6,False,Asia/Shanghai,weibo,breathingExercise,openedApp,1749948221.515404,放松
6,False,Asia/Shanghai,red,breathingExercise,openedApp,1749952697.208142,放松
6,False,Asia/Shanghai,red,breathingExercise,openedApp,1749952869.211012,消息
6,False,Asia/Shanghai,red,breathingExercise,openedApp,1749953017.426228,逃跑/避开
6,False,Asia/Shanghai,weibo,breathingExercise,openedApp,1749953995.104752,娱乐
6,False,Asia/Shanghai,red,breathingExercise,openedApp,1749960239.892555,放松
6,False,Asia/Shanghai,red,breathingExercise,openedApp,1749962349.845839,消息
6,False,Asia/Shanghai,weibo,breathingExercise,openedApp,1749963062.748841,跟踪暗恋对象
6,False,Asia/Shanghai,red,breathingExercise,dismissedAppOpening,1749965089.447727,
6,False,Asia/Shanghai,red,breathingExercise,dismissedAppOpening,1749965103.24607,
6,False,Asia/Shanghai,weibo,breathingExercise,openedApp,1749965842.855645,发布一些内容
6,False,Asia/Shanghai,weibo,breathingExercise,dismissedAppOpening,1749966648.1517138,
6,False,Asia/Shanghai,weibo,breathingExercise,dismissedAppOpening,1749966705.352509,
6,False,Asia/Shanghai,red,breathingExercise,openedApp,1749967191.999776,搜索信息
6,False,Asia/Shanghai,red,breathingExercise,openedApp,1749967395.81637,搜索信息
6,False,Asia/Shanghai,red,breathingExercise,dismissedAppOpening,1749967540.8274832,
6,False,Asia/Shanghai,weibo,breathingExercise,openedApp,1749969102.45919,检查点赞
6,False,Asia/Shanghai,red,breathingExercise,dismissedAppOpening,1749969495.367805,
6,False,Asia/Shanghai,red,breathingExercise,openedApp,1749970446.7636352,搜索信息
6,False,Asia/Shanghai,weibo,breathingExercise,dismissedAppOpening,1749974321.313798,
6,False,Asia/Shanghai,weibo,breathingExercise,openedApp,1749974358.5848,无所事事
6,False,Asia/Shanghai,weibo,breathingExercise,openedApp,1749974411.552479,无所事事
6,False,Asia/Shanghai,weibo,breathingExercise,openedApp,1749981351.4154968,逃跑/避开
6,False,Asia/Shanghai,weibo,breathingExercise,openedApp,1749986633.612208,逃跑/避开
6,False,Asia/Shanghai,red,breathingExercise,openedApp,1749987410.811832,娱乐
6,False,Asia/Shanghai,weibo,breathingExercise,openedApp,1749991204.3469949,失眠
6,False,Asia/Shanghai,weibo,breathingExercise,openedApp,1749994564.808888,消息
6,False,Asia/Shanghai,weibo,breathingExercise,openedApp,1750000084.0098581,娱乐
6,False,Asia/Shanghai,weibo,breathingExercise,openedApp,1750045468.325345,放松
6,False,Asia/Shanghai,weibo,breathingExercise,openedApp,1750045495.531918,娱乐
6,False,Asia/Shanghai,weibo,breathingExercise,dismissedAppOpening,1750048495.893887,
6,False,Asia/Shanghai,weibo,breathingExercise,openedApp,1750048574.467871,娱乐
6,False,Asia/Shanghai,weibo,breathingExercise,openedApp,1750051001.314324,放松
6,False,Asia/Shanghai,red,breathingExercise,openedApp,1750051908.675313,放松
6,False,Asia/Shanghai,red,breathingExercise,dismissedAppOpening,1750065406.706522,
6,False,Asia/Shanghai,weibo,breathingExercise,openedApp,1750065465.278253,卫生间
6,False,Asia/Shanghai,weibo,breathingExercise,openedApp,1750067815.864056,娱乐
6,False,Asia/Shanghai,weibo,breathingExercise,openedApp,1750069246.9044142,发布一些内容
6,False,Asia/Shanghai,red,breathingExercise,openedApp,1750072842.036518,放松
6,False,Asia/Shanghai,weibo,breathingExercise,openedApp,1750079835.678681,搜索信息
6,False,Asia/Shanghai,red,breathingExercise,openedApp,1750082787.026799,卫生间
6,False,Asia/Shanghai,weibo,breathingExercise,openedApp,1750084870.270535,留在循环中
6,False,Asia/Shanghai,weibo,breathingExercise,openedApp,1750117128.637137,搜索信息
6,False,Asia/Shanghai,weibo,breathingExercise,openedApp,1750123259.317549,失眠
6,False,Asia/Shanghai,weibo,breathingExercise,openedApp,1750123305.378391,卫生间
6,False,Asia/Shanghai,weibo,breathingExercise,openedApp,1750124807.649678,消息
6,False,Asia/Shanghai,red,breathingExercise,openedApp,1750127577.457339,搜索信息
6,False,Asia/Shanghai,red,breathingExercise,openedApp,1750127950.583386,留在循环中
6,False,Asia/Shanghai,red,breathingExercise,dismissedAppOpening,1750128074.45909,
6,False,Asia/Shanghai,red,breathingExercise,openedApp,1750128279.542417,留在循环中
6,False,Asia/Shanghai,weibo,breathingExercise,openedApp,1750132676.997946,搜索信息
6,False,Asia/Shanghai,weibo,breathingExercise,dismissedAppOpening,1750132881.3169851,
6,False,Asia/Shanghai,weibo,breathingExercise,openedApp,1750132935.9705281,搜索信息
6,False,Asia/Shanghai,weibo,breathingExercise,openedApp,1750133698.258494,无所事事
6,False,Asia/Shanghai,red,breathingExercise,openedApp,1750136630.466851,放松
6,False,Asia/Shanghai,weibo,breathingExercise,openedApp,1750146770.111515,留在循环中
6,False,Asia/Shanghai,weibo,breathingExercise,dismissedAppOpening,1750147103.055969,
6,False,Asia/Shanghai,weibo,breathingExercise,openedApp,1750147291.8300219,留在循环中
6,False,Asia/Shanghai,weibo,breathingExercise,dismissedAppOpening,1750147846.166905,
6,False,Asia/Shanghai,weibo,breathingExercise,dismissedAppOpening,1750148862.216689,
6,False,Asia/Shanghai,weibo,breathingExercise,openedApp,1750148979.748903,放松
6,False,Asia/Shanghai,weibo,breathingExercise,openedApp,1750162737.822812,娱乐
6,False,Asia/Shanghai,weibo,breathingExercise,dismissedAppOpening,1750163465.337482,
6,False,Asia/Shanghai,weibo,breathingExercise,dismissedAppOpening,1750163648.175401,
6,False,Asia/Shanghai,weibo,breathingExercise,openedApp,1750163860.034589,留在循环中
6,False,Asia/Shanghai,red,breathingExercise,openedApp,1750164261.547947,搜索信息
6,False,Asia/Shanghai,red,breathingExercise,openedApp,1750164467.1387792,搜索信息
6,False,Asia/Shanghai,red,breathingExercise,openedApp,1750166052.516354,搜索信息
6,False,Asia/Shanghai,weibo,breathingExercise,openedApp,1750172854.72212,搜索信息
6,False,Asia/Shanghai,weibo,breathingExercise,openedApp,1750174003.601526,搜索信息
6,False,Asia/Shanghai,weibo,breathingExercise,openedApp,1750175411.4934878,搜索信息
6,False,Asia/Shanghai,weibo,breathingExercise,openedApp,1750176252.950609,留在循环中
6,False,Asia/Shanghai,weibo,breathingExercise,openedApp,1750176361.1563768,放松
6,False,Asia/Shanghai,red,breathingExercise,openedApp,1750205488.693466,搜索信息
6,False,Asia/Shanghai,red,breathingExercise,openedApp,1750205994.035713,搜索信息
6,False,Asia/Shanghai,red,breathingExercise,openedApp,1750206346.3564959,搜索信息
6,False,Asia/Shanghai,weibo,breathingExercise,dismissedAppOpening,1750207973.678914,
6,False,Asia/Shanghai,weibo,breathingExercise,dismissedAppOpening,1750207976.009894,
6,False,Asia/Shanghai,weibo,breathingExercise,dismissedAppOpening,1750207978.108673,
6,False,Asia/Shanghai,weibo,breathingExercise,dismissedAppOpening,1750207980.268821,
6,False,Asia/Shanghai,red,breathingExercise,openedApp,1750209380.6516418,搜索信息
6,False,Asia/Shanghai,weibo,breathingExercise,dismissedAppOpening,1750210571.59699,
6,False,Asia/Shanghai,weibo,breathingExercise,dismissedAppOpening,1750210620.752136,
6,False,Asia/Shanghai,weibo,breathingExercise,openedApp,1750210637.291873,搜索信息
6,False,Asia/Shanghai,red,breathingExercise,openedApp,1750212356.26259,搜索信息
6,False,Asia/Shanghai,red,breathingExercise,openedApp,1750212448.398487,搜索信息
6,False,Asia/Shanghai,weibo,breathingExercise,openedApp,1750218524.908815,留在循环中
6,False,Asia/Shanghai,weibo,breathingExercise,dismissedAppOpening,1750218707.260426,
6,False,Asia/Shanghai,weibo,breathingExercise,openedApp,1750218733.481813,搜索信息
6,False,Asia/Shanghai,red,breathingExercise,openedApp,1750221027.882777,搜索信息
6,False,Asia/Shanghai,weibo,breathingExercise,openedApp,1750226486.445009,放松
6,False,Asia/Shanghai,weibo,breathingExercise,dismissedAppOpening,1750236989.154924,
6,False,Asia/Shanghai,weibo,breathingExercise,dismissedAppOpening,1750236992.6447492,
6,False,Asia/Shanghai,weibo,breathingExercise,dismissedAppOpening,1750237012.1737761,
6,False,Asia/Shanghai,weibo,breathingExercise,dismissedAppOpening,1750240818.84411,
6,False,Asia/Shanghai,weibo,breathingExercise,openedApp,1750254802.307734,搜索信息
6,False,Asia/Shanghai,weibo,breathingExercise,openedApp,1750258152.49649,搜索信息
6,False,Asia/Shanghai,weibo,breathingExercise,openedApp,1750258594.489778,搜索信息
6,False,Asia/Shanghai,red,breathingExercise,openedApp,1750258960.0060182,搜索信息
6,False,Asia/Shanghai,weibo,breathingExercise,openedApp,1750290711.4680018,搜索信息
6,False,Asia/Shanghai,weibo,breathingExercise,openedApp,1750293502.109326,放松
6,False,Asia/Shanghai,weibo,breathingExercise,dismissedAppOpening,1750298192.20085,
6,False,Asia/Shanghai,weibo,breathingExercise,openedApp,1750298207.684256,娱乐
6,False,Asia/Shanghai,weibo,breathingExercise,openedApp,1750298474.9484959,留在循环中
6,False,Asia/Shanghai,weibo,breathingExercise,openedApp,1750298755.336576,消息
6,False,Asia/Shanghai,weibo,breathingExercise,openedApp,1750309791.887922,搜索信息
6,False,Asia/Shanghai,weibo,breathingExercise,openedApp,1750311359.41242,娱乐
6,False,Asia/Shanghai,weibo,breathingExercise,openedApp,1750312812.4349809,发布一些内容
6,False,Asia/Shanghai,weibo,breathingExercise,openedApp,1750313323.363978,留在循环中
6,False,Asia/Shanghai,weibo,breathingExercise,openedApp,1750319806.141397,消息
6,False,Asia/Shanghai,red,breathingExercise,openedApp,1750323913.058435,搜索信息
6,False,Asia/Shanghai,red,breathingExercise,dismissedAppOpening,1750324178.2572231,
6,False,Asia/Shanghai,red,breathingExercise,openedApp,1750324231.9587688,娱乐
6,False,Asia/Shanghai,red,breathingExercise,openedApp,1750324394.409008,搜索信息
6,False,Asia/Shanghai,red,breathingExercise,openedApp,1750324936.420521,搜索信息
6,False,Asia/Shanghai,red,breathingExercise,dismissedAppOpening,1750325477.985602,
6,False,Asia/Shanghai,red,breathingExercise,openedApp,1750326653.309478,搜索信息
6,False,Asia/Shanghai,red,breathingExercise,openedApp,1750326984.109276,搜索信息
6,False,Asia/Shanghai,weibo,breathingExercise,openedApp,1750332593.860847,跟踪暗恋对象
6,False,Asia/Shanghai,weibo,breathingExercise,openedApp,1750333690.6353211,发布一些内容
6,False,Asia/Shanghai,weibo,breathingExercise,dismissedAppOpening,1750334364.396957,
6,False,Asia/Shanghai,weibo,breathingExercise,openedApp,1750334464.92727,搜索信息
6,False,Asia/Shanghai,weibo,breathingExercise,dismissedAppOpening,1750339620.1847758,
6,False,Asia/Shanghai,weibo,breathingExercise,dismissedAppOpening,1750339651.191817,
6,False,Asia/Shanghai,red,breathingExercise,openedApp,1750340900.979754,娱乐
6,False,Asia/Shanghai,weibo,breathingExercise,openedApp,1750343079.545053,无所事事
6,False,Asia/Shanghai,weibo,breathingExercise,openedApp,1750347669.518511,娱乐
6,False,Asia/Shanghai,weibo,breathingExercise,openedApp,1750349055.0523372,欧阳春晓训练
6,False,Asia/Shanghai,weibo,breathingExercise,openedApp,1750349094.305651,欧阳春晓训练
6,False,Asia/Shanghai,weibo,breathingExercise,openedApp,1750375099.063908,放松
6,False,Asia/Shanghai,weibo,breathingExercise,dismissedAppOpening,1750375489.0614948,
6,False,Asia/Shanghai,weibo,breathingExercise,openedApp,1750376716.1820889,搜索信息
6,False,Asia/Shanghai,red,breathingExercise,openedApp,1750376821.6026149,卫生间
6,False,Asia/Shanghai,weibo,breathingExercise,openedApp,1750378949.421286,无所事事
6,False,Asia/Shanghai,weibo,breathingExercise,openedApp,1750379290.708284,无所事事
6,False,Asia/Shanghai,red,breathingExercise,openedApp,1750380062.101142,卫生间
6,False,Asia/Shanghai,weibo,breathingExercise,openedApp,1750385287.0407062,娱乐
6,False,Asia/Shanghai,weibo,breathingExercise,openedApp,1750386924.462522,搜索信息
6,False,Asia/Shanghai,weibo,breathingExercise,openedApp,1750387742.483451,娱乐
6,False,Asia/Shanghai,weibo,breathingExercise,dismissedAppOpening,1750388451.003978,
6,False,Asia/Shanghai,weibo,breathingExercise,openedApp,1750390007.597935,逃跑/避开
6,False,Asia/Shanghai,weibo,breathingExercise,openedApp,1750394274.5036268,搜索信息
6,False,Asia/Shanghai,weibo,breathingExercise,openedApp,1750398697.5896091,无所事事
6,False,Asia/Shanghai,weibo,breathingExercise,dismissedAppOpening,1750398969.944368,
6,False,Asia/Shanghai,weibo,breathingExercise,dismissedAppOpening,1750399407.2425451,
6,False,Asia/Shanghai,weibo,breathingExercise,openedApp,1750399741.763297,放松
6,False,Asia/Shanghai,red,breathingExercise,openedApp,1750405683.726119,娱乐
6,False,Asia/Shanghai,red,breathingExercise,openedApp,1750406335.062852,搜索信息
6,False,Asia/Shanghai,red,breathingExercise,openedApp,1750406895.419464,留在循环中
6,False,Asia/Shanghai,weibo,breathingExercise,openedApp,1750408931.847488,娱乐
6,False,Asia/Shanghai,weibo,breathingExercise,openedApp,1750411933.162718,失眠
6,False,Asia/Shanghai,weibo,breathingExercise,openedApp,1750413679.5412269,娱乐
6,False,Asia/Shanghai,weibo,breathingExercise,openedApp,1750414808.8635669,放松
6,False,Asia/Shanghai,weibo,breathingExercise,openedApp,1750416818.6408548,搜索信息
6,False,Asia/Shanghai,weibo,breathingExercise,openedApp,1750422454.5466151,放松
6,False,Asia/Shanghai,weibo,breathingExercise,openedApp,1750422755.057198,娱乐
6,False,Asia/Shanghai,weibo,breathingExercise,openedApp,1750423067.187345,娱乐
6,False,Asia/Shanghai,weibo,breathingExercise,openedApp,1750424704.886497,放松
6,False,Asia/Shanghai,weibo,breathingExercise,openedApp,1750426057.801301,搜索信息
6,False,Asia/Shanghai,weibo,breathingExercise,dismissedAppOpening,1750430412.448,
6,False,Asia/Shanghai,weibo,breathingExercise,dismissedAppOpening,1750430421.1180859,
6,False,Asia/Shanghai,weibo,breathingExercise,openedApp,1750431562.299974,欧阳春晓训练
6,False,Asia/Shanghai,weibo,breathingExercise,openedApp,1750431612.177226,欧阳春晓训练
6,False,Asia/Shanghai,weibo,breathingExercise,dismissedAppOpening,1750432569.4384341,
6,False,Asia/Shanghai,weibo,breathingExercise,dismissedAppOpening,1750432570.9689388,
6,False,Asia/Shanghai,weibo,breathingExercise,dismissedAppOpening,1750432576.498958,
6,False,Asia/Shanghai,weibo,breathingExercise,dismissedAppOpening,1750432581.0371509,
6,False,Asia/Shanghai,weibo,breathingExercise,dismissedAppOpening,1750432603.317478,
6,False,Asia/Shanghai,red,breathingExercise,openedApp,1750433494.673459,卫生间
6,False,Asia/Shanghai,weibo,breathingExercise,openedApp,1750466939.791895,放松
6,False,Asia/Shanghai,weibo,breathingExercise,openedApp,1750468934.140862,娱乐
6,False,Asia/Shanghai,weibo,breathingExercise,openedApp,1750476962.29229,娱乐
6,False,Asia/Shanghai,weibo,breathingExercise,dismissedAppOpening,1750477719.968662,
6,False,Asia/Shanghai,weibo,breathingExercise,openedApp,1750478907.864049,娱乐
6,False,Asia/Shanghai,weibo,breathingExercise,dismissedAppOpening,1750480259.453376,
6,False,Asia/Shanghai,weibo,breathingExercise,openedApp,1750480894.727535,娱乐
6,False,Asia/Shanghai,weibo,breathingExercise,openedApp,1750491877.240442,放松
6,False,Asia/Shanghai,weibo,breathingExercise,dismissedAppOpening,1750492031.829865,
6,False,Asia/Shanghai,weibo,breathingExercise,openedApp,1750493566.392281,放松
6,False,Asia/Shanghai,weibo,breathingExercise,dismissedAppOpening,1750494140.993999,
6,False,Asia/Shanghai,weibo,breathingExercise,dismissedAppOpening,1750494143.126484,
6,False,Asia/Shanghai,weibo,breathingExercise,dismissedAppOpening,1750494161.226711,
6,False,Asia/Shanghai,weibo,breathingExercise,dismissedAppOpening,1750494180.00137,
6,False,Asia/Shanghai,weibo,breathingExercise,openedApp,1750494203.802479,放松
6,False,Asia/Shanghai,weibo,breathingExercise,dismissedAppOpening,1750494501.147862,
6,False,Asia/Shanghai,weibo,breathingExercise,dismissedAppOpening,1750494515.265157,
6,False,Asia/Shanghai,weibo,breathingExercise,openedApp,1750494548.077416,娱乐
6,False,Asia/Shanghai,weibo,breathingExercise,dismissedAppOpening,1750496949.841806,
6,False,Asia/Shanghai,weibo,breathingExercise,dismissedAppOpening,1750496971.3824592,
6,False,Asia/Shanghai,weibo,breathingExercise,dismissedAppOpening,1750496995.767952,
6,False,Asia/Shanghai,weibo,breathingExercise,openedApp,1750497057.859973,放松
6,False,Asia/Shanghai,weibo,breathingExercise,openedApp,1750500295.0756888,逃跑/避开
6,False,Asia/Shanghai,red,breathingExercise,openedApp,1750500725.071504,娱乐
6,False,Asia/Shanghai,weibo,breathingExercise,openedApp,1750500870.901382,放松
6,False,Asia/Shanghai,weibo,breathingExercise,openedApp,1750501619.8987641,放松
6,False,Asia/Shanghai,weibo,breathingExercise,openedApp,1750507559.7249599,检查点赞
6,False,Asia/Shanghai,weibo,breathingExercise,openedApp,1750509845.967598,娱乐
6,False,Asia/Shanghai,weibo,breathingExercise,openedApp,1750509922.2182322,放松
6,False,Asia/Shanghai,weibo,breathingExercise,openedApp,1750510900.835582,欧阳春晓训练
6,False,Asia/Shanghai,weibo,breathingExercise,openedApp,1750515655.1467361,娱乐
6,False,Asia/Shanghai,weibo,breathingExercise,openedApp,1750521084.246505,欧阳春晓训练
6,False,Asia/Shanghai,weibo,breathingExercise,openedApp,1750521294.417794,欧阳春晓训练
6,False,Asia/Shanghai,weibo,breathingExercise,dismissedAppOpening,1750521700.405384,
6,False,Asia/Shanghai,weibo,breathingExercise,openedApp,1750521755.192203,欧阳春晓训练
6,False,Asia/Shanghai,weibo,breathingExercise,openedApp,1750521820.5365949,欧阳春晓训练
6,False,Asia/Shanghai,red,breathingExercise,openedApp,1750522260.6549292,搜索信息
6,False,Asia/Shanghai,red,breathingExercise,openedApp,1750522342.504015,搜索信息
6,False,Asia/Shanghai,weibo,breathingExercise,dismissedAppOpening,1750553942.0481071,
6,False,Asia/Shanghai,weibo,breathingExercise,openedApp,1750555137.004261,放松
6,False,Asia/Shanghai,weibo,breathingExercise,dismissedAppOpening,1750556052.038995,
6,False,Asia/Shanghai,weibo,breathingExercise,dismissedAppOpening,1750556054.2666469,
6,False,Asia/Shanghai,weibo,breathingExercise,openedApp,1750556070.6742911,搜索信息
6,False,Asia/Shanghai,weibo,breathingExercise,openedApp,1750558583.553488,放松
6,False,Asia/Shanghai,weibo,breathingExercise,openedApp,1750559657.222584,放松
6,False,Asia/Shanghai,red,breathingExercise,openedApp,1750560105.985179,放松
6,False,Asia/Shanghai,red,breathingExercise,openedApp,1750560281.410898,放松
6,False,Asia/Shanghai,red,breathingExercise,openedApp,1750561720.3515968,娱乐
6,False,Asia/Shanghai,red,breathingExercise,dismissedAppOpening,1750562557.1051102,
6,False,Asia/Shanghai,weibo,breathingExercise,openedApp,1750569623.341994,放松
6,False,Asia/Shanghai,weibo,breathingExercise,openedApp,1750570510.0948381,放松
6,False,Asia/Shanghai,weibo,breathingExercise,openedApp,1750572323.5954971,放松
6,False,Asia/Shanghai,weibo,breathingExercise,openedApp,1750579415.229861,留在循环中
6,False,Asia/Shanghai,weibo,breathingExercise,openedApp,1750580044.1347709,放松
6,False,Asia/Shanghai,weibo,breathingExercise,openedApp,1750581664.370527,娱乐
6,False,Asia/Shanghai,weibo,breathingExercise,openedApp,1750585597.75182,放松
6,False,Asia/Shanghai,weibo,breathingExercise,openedApp,1750586249.6592379,放松
6,False,Asia/Shanghai,weibo,breathingExercise,openedApp,1750586502.936204,放松
6,False,Asia/Shanghai,red,breathingExercise,dismissedAppOpening,1750589298.316448,
6,False,Asia/Shanghai,red,breathingExercise,dismissedAppOpening,1750589300.6654449,
6,False,Asia/Shanghai,red,breathingExercise,dismissedAppOpening,1750589302.869827,
6,False,Asia/Shanghai,red,breathingExercise,openedApp,1750589317.363786,娱乐
6,False,Asia/Shanghai,red,breathingExercise,openedApp,1750590389.187423,逃跑/避开
6,False,Asia/Shanghai,weibo,breathingExercise,dismissedAppOpening,1750592152.610698,
6,False,Asia/Shanghai,weibo,breathingExercise,dismissedAppOpening,1750592154.764903,
6,False,Asia/Shanghai,weibo,breathingExercise,openedApp,1750592169.6819801,放松
6,False,Asia/Shanghai,weibo,breathingExercise,dismissedAppOpening,1750596321.284961,
6,False,Asia/Shanghai,weibo,breathingExercise,dismissedAppOpening,1750596323.706833,
6,False,Asia/Shanghai,weibo,breathingExercise,dismissedAppOpening,1750596325.888245,
6,False,Asia/Shanghai,weibo,breathingExercise,openedApp,1750596343.556978,放松
6,False,Asia/Shanghai,weibo,breathingExercise,openedApp,1750598651.692332,逃跑/避开
6,False,Asia/Shanghai,red,breathingExercise,dismissedAppOpening,1750601693.111641,
6,False,Asia/Shanghai,red,breathingExercise,dismissedAppOpening,1750605008.09796,
6,False,Asia/Shanghai,weibo,breathingExercise,openedApp,1750637738.4540858,娱乐
6,False,Asia/Shanghai,weibo,breathingExercise,dismissedAppOpening,1750644533.146017,
6,False,Asia/Shanghai,weibo,breathingExercise,dismissedAppOpening,1750644535.40772,
6,False,Asia/Shanghai,weibo,breathingExercise,dismissedAppOpening,1750644550.327379,
6,False,Asia/Shanghai,weibo,breathingExercise,openedApp,1750646607.8645039,放松
6,False,Asia/Shanghai,red,breathingExercise,openedApp,1750647527.241795,放松
6,False,Asia/Shanghai,red,breathingExercise,openedApp,1750647755.758405,娱乐
6,False,Asia/Shanghai,weibo,breathingExercise,openedApp,1750650445.230197,失眠
6,False,Asia/Shanghai,weibo,breathingExercise,openedApp,1750655276.466556,放松
6,False,Asia/Shanghai,weibo,breathingExercise,openedApp,1750656131.047333,放松
6,False,Asia/Shanghai,red,breathingExercise,openedApp,1750656867.1616712,检查点赞
6,False,Asia/Shanghai,red,breathingExercise,openedApp,1750656910.865094,放松
6,False,Asia/Shanghai,weibo,breathingExercise,openedApp,1750658549.6888309,放松
6,False,Asia/Shanghai,weibo,breathingExercise,dismissedAppOpening,1750663786.124495,
6,False,Asia/Shanghai,weibo,breathingExercise,openedApp,1750663897.675314,放松
6,False,Asia/Shanghai,weibo,breathingExercise,openedApp,1750664625.080233,放松
6,False,Asia/Shanghai,weibo,breathingExercise,dismissedAppOpening,1750683833.4753342,
6,False,Asia/Shanghai,weibo,breathingExercise,dismissedAppOpening,1750683866.4306378,
6,False,Asia/Shanghai,weibo,breathingExercise,dismissedAppOpening,1750683875.606224,
6,False,Asia/Shanghai,weibo,breathingExercise,openedApp,1750683930.445837,放松
6,False,Asia/Shanghai,weibo,breathingExercise,dismissedAppOpening,1750695187.4256868,
6,False,Asia/Shanghai,weibo,breathingExercise,openedApp,1750731681.218746,放松
6,False,Asia/Shanghai,weibo,breathingExercise,openedApp,1750732275.186716,娱乐
6,False,Asia/Shanghai,weibo,breathingExercise,openedApp,1750733025.680753,放松
6,False,Asia/Shanghai,weibo,breathingExercise,openedApp,1750736701.766118,放松
6,False,Asia/Shanghai,weibo,breathingExercise,openedApp,1750760791.797843,放松
6,False,Asia/Shanghai,weibo,breathingExercise,openedApp,1750766326.7261019,娱乐
6,False,Asia/Shanghai,red,breathingExercise,dismissedAppOpening,1750776225.486505,
6,False,Asia/Shanghai,red,breathingExercise,openedApp,1750776243.7261949,放松
6,False,Asia/Shanghai,red,breathingExercise,openedApp,1750776471.1686568,娱乐
6,False,Asia/Shanghai,red,breathingExercise,openedApp,1750777163.581919,放松
6,False,Asia/Shanghai,red,breathingExercise,openedApp,1750777411.897098,放松
6,False,Asia/Shanghai,weibo,breathingExercise,openedApp,1750778770.969019,娱乐
6,False,Asia/Shanghai,weibo,breathingExercise,dismissedAppOpening,1750778886.4215531,
6,False,Asia/Shanghai,red,breathingExercise,openedApp,1750779017.697401,逃跑/避开
6,False,Asia/Shanghai,red,breathingExercise,openedApp,1750780636.9190059,消息
6,False,Asia/Shanghai,red,breathingExercise,dismissedAppOpening,1750780820.709346,
6,False,Asia/Shanghai,red,breathingExercise,openedApp,1750781124.139041,留在循环中
6,False,Asia/Shanghai,red,breathingExercise,openedApp,1750781450.2375479,放松
6,False,Asia/Shanghai,weibo,breathingExercise,openedApp,1750807658.6800652,欧阳春晓训练
6,False,Asia/Shanghai,weibo,breathingExercise,dismissedAppOpening,1750810078.3278599,
6,False,Asia/Shanghai,weibo,breathingExercise,openedApp,1750810092.552597,放松
6,False,Asia/Shanghai,weibo,breathingExercise,openedApp,1750814295.5796208,娱乐
6,False,Asia/Shanghai,weibo,breathingExercise,openedApp,1750814384.765099,放松
6,False,Asia/Shanghai,red,breathingExercise,openedApp,1750815752.799125,娱乐
6,False,Asia/Shanghai,red,breathingExercise,openedApp,1750816257.596956,放松
6,False,Asia/Shanghai,weibo,breathingExercise,openedApp,1750824129.285516,放松
6,False,Asia/Shanghai,weibo,breathingExercise,dismissedAppOpening,1750824207.6802468,
6,False,Asia/Shanghai,weibo,breathingExercise,openedApp,1750824232.957277,放松
6,False,Asia/Shanghai,red,breathingExercise,dismissedAppOpening,1750826803.9475598,
6,False,Asia/Shanghai,red,breathingExercise,dismissedAppOpening,1750826809.315703,
6,False,Asia/Shanghai,weibo,breathingExercise,openedApp,1750827220.823307,娱乐
6,False,Asia/Shanghai,weibo,breathingExercise,openedApp,1750827999.561336,放松
6,False,Asia/Shanghai,weibo,breathingExercise,dismissedAppOpening,1750828365.277528,
6,False,Asia/Shanghai,red,breathingExercise,openedApp,1750829059.952028,娱乐
6,False,Asia/Shanghai,red,breathingExercise,dismissedAppOpening,1750830001.106618,
6,False,Asia/Shanghai,red,breathingExercise,dismissedAppOpening,1750830003.4276009,
6,False,Asia/Shanghai,red,breathingExercise,dismissedAppOpening,1750830017.556713,
6,False,Asia/Shanghai,weibo,breathingExercise,openedApp,1750845631.981957,放松
6,False,Asia/Shanghai,weibo,breathingExercise,openedApp,1750846736.778839,放松
6,False,Asia/Shanghai,red,breathingExercise,openedApp,1750852155.642683,娱乐
6,False,Asia/Shanghai,weibo,breathingExercise,openedApp,1750858549.613287,娱乐
6,False,Asia/Shanghai,weibo,breathingExercise,dismissedAppOpening,1750859332.866667,
6,False,Asia/Shanghai,weibo,breathingExercise,dismissedAppOpening,1750859335.185752,
6,False,Asia/Shanghai,weibo,breathingExercise,dismissedAppOpening,1750859347.403476,
6,False,Asia/Shanghai,weibo,breathingExercise,dismissedAppOpening,1750859364.6190948,
6,False,Asia/Shanghai,red,breathingExercise,openedApp,1750861663.295583,娱乐
6,False,Asia/Shanghai,weibo,breathingExercise,openedApp,1750862005.252016,放松
6,False,Asia/Shanghai,weibo,breathingExercise,dismissedAppOpening,1750862543.0194678,
6,False,Asia/Shanghai,weibo,breathingExercise,dismissedAppOpening,1750864482.084704,
6,False,Asia/Shanghai,weibo,breathingExercise,openedApp,1750906527.996567,放松
6,False,Asia/Shanghai,weibo,breathingExercise,openedApp,1750912729.11722,放松
6,False,Asia/Shanghai,weibo,breathingExercise,openedApp,1750919102.693685,逃跑/避开
6,False,Asia/Shanghai,weibo,breathingExercise,openedApp,1750925128.399149,放松
6,False,Asia/Shanghai,red,breathingExercise,openedApp,1750927706.3284888,放松
6,False,Asia/Shanghai,red,breathingExercise,openedApp,1750927758.071264,放松
6,False,Asia/Shanghai,weibo,breathingExercise,openedApp,1750928227.7192369,放松
6,False,Asia/Shanghai,red,breathingExercise,openedApp,1750929100.140915,娱乐
6,False,Asia/Shanghai,red,breathingExercise,openedApp,1750932883.698189,娱乐
6,False,Asia/Shanghai,weibo,breathingExercise,openedApp,1750942761.320581,娱乐
6,False,Asia/Shanghai,weibo,breathingExercise,openedApp,1750944287.880073,放松
6,False,Asia/Shanghai,weibo,breathingExercise,openedApp,1750944917.062625,放松
6,False,Asia/Shanghai,weibo,breathingExercise,openedApp,1750945135.859175,娱乐
6,False,Asia/Shanghai,red,breathingExercise,dismissedAppOpening,1750946953.07971,
6,False,Asia/Shanghai,weibo,breathingExercise,openedApp,1750951090.403667,卫生间
6,False,Asia/Shanghai,weibo,breathingExercise,dismissedAppOpening,1750953125.138363,
6,False,Asia/Shanghai,weibo,breathingExercise,dismissedAppOpening,1750957353.635546,
6,False,Asia/Shanghai,weibo,breathingExercise,openedApp,1750985000.65431,放松
6,False,Asia/Shanghai,weibo,breathingExercise,openedApp,1750985477.127232,放松
6,False,Asia/Shanghai,weibo,breathingExercise,openedApp,1750986619.1942592,娱乐
6,False,Asia/Shanghai,weibo,breathingExercise,openedApp,1750995384.13888,娱乐
6,False,Asia/Shanghai,weibo,breathingExercise,openedApp,1750999477.350009,娱乐
6,False,Asia/Shanghai,weibo,breathingExercise,openedApp,1751000848.405151,逃跑/避开
6,False,Asia/Shanghai,weibo,breathingExercise,dismissedAppOpening,1751003507.1375089,
6,False,Asia/Shanghai,weibo,breathingExercise,dismissedAppOpening,1751003509.65253,
6,False,Asia/Shanghai,weibo,breathingExercise,dismissedAppOpening,1751003523.5485191,
6,False,Asia/Shanghai,red,breathingExercise,dismissedAppOpening,1751008700.539149,
6,False,Asia/Shanghai,weibo,breathingExercise,openedApp,1751008743.987,放松
6,False,Asia/Shanghai,weibo,breathingExercise,openedApp,1751012539.6701288,放松
6,False,Asia/Shanghai,red,breathingExercise,openedApp,1751012726.3484468,娱乐
6,False,Asia/Shanghai,weibo,breathingExercise,openedApp,1751012852.804432,娱乐
6,False,Asia/Shanghai,weibo,breathingExercise,dismissedAppOpening,1751013032.946171,
6,False,Asia/Shanghai,weibo,breathingExercise,dismissedAppOpening,1751013205.043038,
6,False,Asia/Shanghai,weibo,breathingExercise,openedApp,1751014359.774092,放松
6,False,Asia/Shanghai,red,breathingExercise,dismissedAppOpening,1751016932.2392921,
6,False,Asia/Shanghai,red,breathingExercise,openedApp,1751016965.541593,逃跑/避开
6,False,Asia/Shanghai,red,breathingExercise,openedApp,1751017105.774256,娱乐
6,False,Asia/Shanghai,weibo,breathingExercise,openedApp,1751023420.451627,放松
6,False,Asia/Shanghai,weibo,breathingExercise,openedApp,1751032530.286645,放松
6,False,Asia/Shanghai,weibo,breathingExercise,dismissedAppOpening,1751033321.537113,
6,False,Asia/Shanghai,weibo,breathingExercise,dismissedAppOpening,1751037598.3657641,
6,False,Asia/Shanghai,weibo,breathingExercise,dismissedAppOpening,1751037600.5639,
6,False,Asia/Shanghai,weibo,breathingExercise,dismissedAppOpening,1751037602.857119,
6,False,Asia/Shanghai,weibo,breathingExercise,dismissedAppOpening,1751037605.213419,
6,False,Asia/Shanghai,weibo,breathingExercise,openedApp,1751037627.104898,娱乐
6,False,Asia/Shanghai,red,breathingExercise,openedApp,1751039452.21892,娱乐
6,False,Asia/Shanghai,weibo,breathingExercise,dismissedAppOpening,1751072962.4749432,
6,False,Asia/Shanghai,weibo,breathingExercise,openedApp,1751073222.53881,逃跑/避开
6,False,Asia/Shanghai,red,breathingExercise,dismissedAppOpening,1751081471.3421888,
6,False,Asia/Shanghai,red,breathingExercise,openedApp,1751082317.699151,跟踪暗恋对象
6,False,Asia/Shanghai,weibo,breathingExercise,openedApp,1751087841.831068,放松
6,False,Asia/Shanghai,weibo,breathingExercise,openedApp,1751099895.546825,娱乐
6,False,Asia/Shanghai,weibo,breathingExercise,openedApp,1751107240.419132,放松
6,False,Asia/Shanghai,weibo,breathingExercise,dismissedAppOpening,1751112172.178797,
6,False,Asia/Shanghai,weibo,breathingExercise,openedApp,1751112280.1842442,娱乐
6,False,Asia/Shanghai,weibo,breathingExercise,openedApp,1751114809.130045,娱乐
6,False,Asia/Shanghai,weibo,breathingExercise,openedApp,1751121892.191427,娱乐
6,False,Asia/Shanghai,red,breathingExercise,openedApp,1751122594.7920098,娱乐
6,False,Asia/Shanghai,red,breathingExercise,dismissedAppOpening,1751130961.5841289,
6,False,Asia/Shanghai,red,breathingExercise,dismissedAppOpening,1751130964.059774,
6,False,Asia/Shanghai,red,breathingExercise,dismissedAppOpening,1751130966.416146,
6,False,Asia/Shanghai,red,breathingExercise,openedApp,1751130981.0390139,搜索信息
6,False,Asia/Shanghai,red,breathingExercise,dismissedAppOpening,1751131230.8631659,
6,False,Asia/Shanghai,weibo,breathingExercise,openedApp,1751152722.43627,卫生间
6,False,Asia/Shanghai,weibo,breathingExercise,dismissedAppOpening,1751155700.179127,
6,False,Asia/Shanghai,weibo,breathingExercise,openedApp,1751157385.867569,卫生间
6,False,Asia/Shanghai,weibo,breathingExercise,openedApp,1751158111.126494,搜索信息
6,False,Asia/Shanghai,weibo,breathingExercise,openedApp,1751160635.755669,放松
6,False,Asia/Shanghai,red,breathingExercise,openedApp,1751161384.355001,娱乐
6,False,Asia/Shanghai,weibo,breathingExercise,openedApp,1751162079.7684522,娱乐
6,False,Asia/Shanghai,red,breathingExercise,openedApp,1751166455.927421,放松
6,False,Asia/Shanghai,red,breathingExercise,dismissedAppOpening,1751166793.124291,
6,False,Asia/Shanghai,red,breathingExercise,openedApp,1751166814.32272,娱乐
6,False,Asia/Shanghai,red,breathingExercise,openedApp,1751167096.464277,娱乐
6,False,Asia/Shanghai,red,breathingExercise,dismissedAppOpening,1751167635.788765,
6,False,Asia/Shanghai,weibo,breathingExercise,openedApp,1751170217.939704,放松
6,False,Asia/Shanghai,weibo,breathingExercise,openedApp,1751170488.4943562,放松
6,False,Asia/Shanghai,weibo,breathingExercise,openedApp,1751177450.198174,搜索信息
6,False,Asia/Shanghai,weibo,breathingExercise,openedApp,1751180972.450859,放松
6,False,Asia/Shanghai,weibo,breathingExercise,dismissedAppOpening,1751189031.733891,
6,False,Asia/Shanghai,weibo,breathingExercise,openedApp,1751190445.40641,放松
6,False,Asia/Shanghai,weibo,breathingExercise,openedApp,1751190736.960113,娱乐
6,False,Asia/Shanghai,red,breathingExercise,openedApp,1751194771.249486,娱乐
6,False,Asia/Shanghai,weibo,breathingExercise,openedApp,1751199138.690373,娱乐
6,False,Asia/Shanghai,weibo,breathingExercise,openedApp,1751253162.591394,娱乐
6,False,Asia/Shanghai,weibo,breathingExercise,openedApp,1751253340.451832,娱乐
6,False,Asia/Shanghai,weibo,breathingExercise,dismissedAppOpening,1751254589.042495,
6,False,Asia/Shanghai,weibo,breathingExercise,openedApp,1751257720.979895,娱乐
6,False,Asia/Shanghai,weibo,breathingExercise,dismissedAppOpening,1751258170.176134,
6,False,Asia/Shanghai,weibo,breathingExercise,dismissedAppOpening,1751258215.200536,
6,False,Asia/Shanghai,weibo,breathingExercise,openedApp,1751268448.154613,娱乐
6,False,Asia/Shanghai,weibo,breathingExercise,dismissedAppOpening,1751269303.917398,
6,False,Asia/Shanghai,weibo,breathingExercise,openedApp,1751270661.1806169,娱乐
6,False,Asia/Shanghai,weibo,breathingExercise,openedApp,1751278836.7407842,放松
6,False,Asia/Shanghai,weibo,breathingExercise,openedApp,1751287073.470489,娱乐
6,False,Asia/Shanghai,weibo,breathingExercise,openedApp,1751298424.405095,娱乐
6,False,Asia/Shanghai,weibo,breathingExercise,openedApp,1751334671.951921,搜索信息
6,False,Asia/Shanghai,weibo,breathingExercise,openedApp,1751344166.176039,娱乐
6,False,Asia/Shanghai,weibo,breathingExercise,openedApp,1751344858.598433,娱乐
6,False,Asia/Shanghai,weibo,breathingExercise,openedApp,1751349540.199353,搜索信息
6,False,Asia/Shanghai,weibo,breathingExercise,openedApp,1751369696.1977901,娱乐
6,False,Asia/Shanghai,weibo,breathingExercise,openedApp,1751376129.500809,娱乐
6,False,Asia/Shanghai,weibo,breathingExercise,dismissedAppOpening,1751376494.170588,
6,False,Asia/Shanghai,weibo,breathingExercise,openedApp,1751376859.983953,逃跑/避开
6,False,Asia/Shanghai,weibo,breathingExercise,openedApp,1751417421.871166,娱乐
6,False,Asia/Shanghai,weibo,breathingExercise,openedApp,1751424928.740193,逃跑/避开
6,False,Asia/Shanghai,weibo,breathingExercise,openedApp,1751427943.744386,娱乐
6,False,Asia/Shanghai,weibo,breathingExercise,openedApp,1751431037.566894,无所事事
6,False,Asia/Shanghai,weibo,breathingExercise,openedApp,1751431972.395522,欧阳春晓训练
6,False,Asia/Shanghai,weibo,breathingExercise,openedApp,1751443730.660551,娱乐
6,False,Asia/Shanghai,weibo,breathingExercise,openedApp,1751446750.6473432,逃跑/避开
6,False,Asia/Shanghai,weibo,breathingExercise,openedApp,1751463453.636613,逃跑/避开
6,False,Asia/Shanghai,weibo,breathingExercise,openedApp,1751464462.9559011,娱乐
6,False,Asia/Shanghai,weibo,breathingExercise,dismissedAppOpening,1751508629.311403,
6,False,Asia/Shanghai,weibo,breathingExercise,openedApp,1751508652.431802,发布一些内容
6,False,Asia/Shanghai,weibo,breathingExercise,dismissedAppOpening,1751508926.2225041,
6,False,Asia/Shanghai,weibo,breathingExercise,dismissedAppOpening,1751509074.3310041,
6,False,Asia/Shanghai,weibo,breathingExercise,openedApp,1751514351.8205318,放松
6,False,Asia/Shanghai,weibo,breathingExercise,openedApp,1751516207.738558,娱乐
6,False,Asia/Shanghai,weibo,breathingExercise,openedApp,1751520666.0451,欧阳春晓训练
6,False,Asia/Shanghai,weibo,breathingExercise,openedApp,1751522893.754422,娱乐
6,False,Asia/Shanghai,weibo,breathingExercise,dismissedAppOpening,1751530188.121136,
6,False,Asia/Shanghai,weibo,breathingExercise,openedApp,1751530251.618565,娱乐
6,False,Asia/Shanghai,weibo,breathingExercise,dismissedAppOpening,1751530704.181936,
6,False,Asia/Shanghai,weibo,breathingExercise,openedApp,1751530871.4235868,逃跑/避开
6,False,Asia/Shanghai,weibo,breathingExercise,openedApp,1751558196.4669771,逃跑/避开
6,False,Asia/Shanghai,weibo,breathingExercise,dismissedAppOpening,1751606723.385792,
6,False,Asia/Shanghai,weibo,breathingExercise,openedApp,1751606741.785509,娱乐
6,False,Asia/Shanghai,weibo,breathingExercise,dismissedAppOpening,1751630934.479426,
6,False,Asia/Shanghai,weibo,breathingExercise,openedApp,1751645960.0494552,娱乐
6,False,Asia/Shanghai,weibo,breathingExercise,openedApp,1751646027.910918,娱乐
6,False,Asia/Shanghai,weibo,breathingExercise,dismissedAppOpening,1751674529.6707149,
6,False,Asia/Shanghai,weibo,breathingExercise,dismissedAppOpening,1751674547.781924,
6,False,Asia/Shanghai,weibo,breathingExercise,openedApp,1751675816.513742,放松
6,False,Asia/Shanghai,weibo,breathingExercise,dismissedAppOpening,1751677800.879943,
6,False,Asia/Shanghai,weibo,breathingExercise,dismissedAppOpening,1751677803.005653,
6,False,Asia/Shanghai,weibo,breathingExercise,openedApp,1751677817.218382,逃跑/避开
6,False,Asia/Shanghai,weibo,breathingExercise,openedApp,1751678823.124426,娱乐
6,False,Asia/Shanghai,weibo,breathingExercise,openedApp,1751692370.6069078,娱乐
6,False,Asia/Shanghai,weibo,breathingExercise,openedApp,1751698238.389141,娱乐
6,False,Asia/Shanghai,weibo,breathingExercise,openedApp,1751700759.953083,娱乐
6,False,Asia/Shanghai,weibo,breathingExercise,openedApp,1751724319.223501,娱乐
6,False,Asia/Shanghai,weibo,breathingExercise,openedApp,1751725165.576445,放松
6,False,Asia/Shanghai,weibo,breathingExercise,dismissedAppOpening,1751730256.4352121,
6,False,Asia/Shanghai,weibo,breathingExercise,openedApp,1751730283.791556,放松
6,False,Asia/Shanghai,weibo,breathingExercise,dismissedAppOpening,1751734031.428287,
6,False,Asia/Shanghai,weibo,breathingExercise,openedApp,1751771491.8493838,娱乐
6,False,Asia/Shanghai,weibo,breathingExercise,openedApp,1751785885.4993448,放松
6,False,Asia/Shanghai,weibo,breathingExercise,dismissedAppOpening,1751790854.483192,
6,False,Asia/Shanghai,weibo,breathingExercise,dismissedAppOpening,1751790859.553893,
6,False,Asia/Shanghai,weibo,breathingExercise,dismissedAppOpening,1751790863.099627,
6,False,Asia/Shanghai,weibo,breathingExercise,dismissedAppOpening,1751790865.5020251,
6,False,Asia/Shanghai,weibo,breathingExercise,dismissedAppOpening,1751790905.877878,
6,False,Asia/Shanghai,weibo,breathingExercise,dismissedAppOpening,1751791171.304564,
6,False,Asia/Shanghai,weibo,breathingExercise,openedApp,1751792617.164613,娱乐
6,False,Asia/Shanghai,weibo,breathingExercise,dismissedAppOpening,1751803073.27687,
6,False,Asia/Shanghai,weibo,breathingExercise,dismissedAppOpening,1751803075.4060512,
6,False,Asia/Shanghai,weibo,breathingExercise,dismissedAppOpening,1751803147.42596,
6,False,Asia/Shanghai,weibo,breathingExercise,dismissedAppOpening,1751803649.954056,
6,False,Asia/Shanghai,weibo,breathingExercise,dismissedAppOpening,1751803654.31623,
6,False,Asia/Shanghai,weibo,breathingExercise,dismissedAppOpening,1751803657.237551,
6,False,Asia/Shanghai,weibo,breathingExercise,dismissedAppOpening,1751803671.639862,
6,False,Asia/Shanghai,weibo,breathingExercise,openedApp,1751805305.95275,娱乐
6,False,Asia/Shanghai,weibo,breathingExercise,dismissedAppOpening,1751806585.210398,
6,False,Asia/Shanghai,weibo,breathingExercise,openedApp,1751812239.727653,娱乐
6,False,Asia/Shanghai,weibo,breathingExercise,dismissedAppOpening,1751812379.811162,
6,False,Asia/Shanghai,weibo,breathingExercise,openedApp,1751813192.36222,娱乐
6,False,Asia/Shanghai,weibo,breathingExercise,dismissedAppOpening,1751817685.184842,
6,False,Asia/Shanghai,weibo,breathingExercise,dismissedAppOpening,1751817938.1937141,
6,False,Asia/Shanghai,weibo,breathingExercise,dismissedAppOpening,1751817945.618154,
6,False,Asia/Shanghai,weibo,breathingExercise,dismissedAppOpening,1751817952.0650558,
6,False,Asia/Shanghai,weibo,breathingExercise,dismissedAppOpening,1751817957.946595,
6,False,Asia/Shanghai,weibo,breathingExercise,openedApp,1751847089.9128551,娱乐
6,False,Asia/Shanghai,weibo,breathingExercise,openedApp,1751847229.90817,逃跑/避开
6,False,Asia/Shanghai,weibo,breathingExercise,openedApp,1751851624.3617911,放松
6,False,Asia/Shanghai,weibo,breathingExercise,dismissedAppOpening,1751852416.158386,
6,False,Asia/Shanghai,weibo,breathingExercise,openedApp,1751856284.9556751,放松
6,False,Asia/Shanghai,weibo,breathingExercise,dismissedAppOpening,1751856455.3524098,
6,False,Asia/Shanghai,weibo,breathingExercise,dismissedAppOpening,1751859510.169127,
6,False,Asia/Shanghai,weibo,breathingExercise,openedApp,1751865101.667904,娱乐
6,False,Asia/Shanghai,weibo,breathingExercise,openedApp,1751871743.0674539,娱乐
6,False,Asia/Shanghai,weibo,breathingExercise,openedApp,1751879645.343817,娱乐
6,False,Asia/Shanghai,weibo,breathingExercise,openedApp,1751891683.367743,放松
6,False,Asia/Shanghai,weibo,breathingExercise,dismissedAppOpening,1751891892.67723,
6,False,Asia/Shanghai,weibo,breathingExercise,openedApp,1751891918.476022,娱乐
6,False,Asia/Shanghai,weibo,breathingExercise,dismissedAppOpening,1751892381.160905,
6,False,Asia/Shanghai,weibo,breathingExercise,dismissedAppOpening,1751898484.1192842,
6,False,Asia/Shanghai,weibo,breathingExercise,dismissedAppOpening,1751898493.962572,
6,False,Asia/Shanghai,weibo,breathingExercise,openedApp,1751898512.690026,娱乐
6,False,Asia/Shanghai,weibo,breathingExercise,openedApp,1751899707.133549,娱乐
6,False,Asia/Shanghai,weibo,breathingExercise,dismissedAppOpening,1751901829.058103,
6,False,Asia/Shanghai,weibo,breathingExercise,dismissedAppOpening,1751901832.875684,
6,False,Asia/Shanghai,weibo,breathingExercise,dismissedAppOpening,1751901838.002058,
6,False,Asia/Shanghai,weibo,breathingExercise,dismissedAppOpening,1751901849.783562,
6,False,Asia/Shanghai,weibo,breathingExercise,openedApp,1751903298.652915,逃跑/避开
6,False,Asia/Shanghai,weibo,breathingExercise,dismissedAppOpening,1751904035.085557,
6,False,Asia/Shanghai,weibo,breathingExercise,openedApp,1751904050.1597981,搜索信息
6,False,Asia/Shanghai,weibo,breathingExercise,openedApp,1751939826.645021,放松
6,False,Asia/Shanghai,weibo,breathingExercise,dismissedAppOpening,1751941397.560564,
6,False,Asia/Shanghai,weibo,breathingExercise,dismissedAppOpening,1751941399.709773,
6,False,Asia/Shanghai,weibo,breathingExercise,dismissedAppOpening,1751941413.818218,
6,False,Asia/Shanghai,weibo,breathingExercise,openedApp,1751943091.639707,检查点赞
6,False,Asia/Shanghai,weibo,breathingExercise,dismissedAppOpening,1751944808.42051,
6,False,Asia/Shanghai,weibo,breathingExercise,dismissedAppOpening,1751947339.5426512,
6,False,Asia/Shanghai,weibo,breathingExercise,openedApp,1751947377.807898,娱乐
6,False,Asia/Shanghai,weibo,breathingExercise,openedApp,1751951640.9394479,放松
6,False,Asia/Shanghai,weibo,breathingExercise,openedApp,1751951784.318229,放松
6,False,Asia/Shanghai,weibo,breathingExercise,openedApp,1751958029.135871,娱乐
6,False,Asia/Shanghai,weibo,breathingExercise,openedApp,1751963249.808999,娱乐
6,False,Asia/Shanghai,weibo,breathingExercise,openedApp,1751967563.498488,娱乐
6,False,Asia/Shanghai,weibo,breathingExercise,openedApp,1751970604.6868582,放松
6,False,Asia/Shanghai,weibo,breathingExercise,openedApp,1751976208.631098,逃跑/避开
6,False,Asia/Shanghai,weibo,breathingExercise,openedApp,1751976277.7300339,放松
6,False,Asia/Shanghai,weibo,breathingExercise,dismissedAppOpening,1752025764.047573,
6,False,Asia/Shanghai,weibo,breathingExercise,openedApp,1752025802.1198921,娱乐
6,False,Asia/Shanghai,weibo,breathingExercise,openedApp,1752035485.346922,娱乐
6,False,Asia/Shanghai,weibo,breathingExercise,openedApp,1752044342.078915,娱乐
6,False,Asia/Shanghai,weibo,breathingExercise,dismissedAppOpening,1752047091.864675,
6,False,Asia/Shanghai,weibo,breathingExercise,openedApp,1752047119.333016,娱乐
6,False,Asia/Shanghai,weibo,breathingExercise,dismissedAppOpening,1752047829.0153952,
6,False,Asia/Shanghai,weibo,breathingExercise,openedApp,1752047883.3813372,娱乐
6,False,Asia/Shanghai,weibo,breathingExercise,openedApp,1752048110.692955,无所事事
6,False,Asia/Shanghai,weibo,breathingExercise,openedApp,1752048728.211543,放松
6,False,Asia/Shanghai,weibo,breathingExercise,openedApp,1752048982.401229,逃跑/避开
6,False,Asia/Shanghai,weibo,breathingExercise,openedApp,1752061015.5147471,逃跑/避开
6,False,Asia/Shanghai,weibo,breathingExercise,openedApp,1752061472.363717,娱乐
6,False,Asia/Shanghai,weibo,breathingExercise,openedApp,1752070249.825747,发布一些内容
6,False,Asia/Shanghai,weibo,breathingExercise,openedApp,1752072412.674917,娱乐
6,False,Asia/Shanghai,weibo,breathingExercise,openedApp,1752110058.583139,娱乐
6,False,Asia/Shanghai,weibo,breathingExercise,openedApp,1752118262.2050009,放松
6,False,Asia/Shanghai,weibo,breathingExercise,openedApp,1752120088.889303,娱乐
6,False,Asia/Shanghai,weibo,breathingExercise,openedApp,1752123241.6062632,娱乐
6,False,Asia/Shanghai,weibo,breathingExercise,openedApp,1752123449.9256492,娱乐
6,False,Asia/Shanghai,weibo,breathingExercise,openedApp,1752128187.102191,发布一些内容
6,False,Asia/Shanghai,weibo,breathingExercise,openedApp,1752128252.581486,放松
6,False,Asia/Shanghai,weibo,breathingExercise,dismissedAppOpening,1752128429.885006,
6,False,Asia/Shanghai,weibo,breathingExercise,openedApp,1752189951.1419148,逃跑/避开
6,False,Asia/Shanghai,weibo,breathingExercise,openedApp,1752204521.495191,娱乐
6,False,Asia/Shanghai,weibo,breathingExercise,openedApp,1752206921.5919042,娱乐
6,False,Asia/Shanghai,weibo,breathingExercise,openedApp,1752209439.647773,娱乐
6,False,Asia/Shanghai,weibo,breathingExercise,openedApp,1752218067.997541,放松
6,False,Asia/Shanghai,weibo,breathingExercise,openedApp,1752222646.833396,放松
6,False,Asia/Shanghai,weibo,breathingExercise,openedApp,1752229543.35498,逃跑/避开
6,False,Asia/Shanghai,weibo,breathingExercise,openedApp,1752236134.1454802,娱乐
6,False,Asia/Shanghai,weibo,breathingExercise,openedApp,1752248071.71496,娱乐
6,False,Asia/Shanghai,weibo,breathingExercise,openedApp,1752285895.620883,放松
6,False,Asia/Shanghai,weibo,breathingExercise,dismissedAppOpening,1752288655.179162,
6,False,Asia/Shanghai,weibo,breathingExercise,openedApp,1752295946.317645,娱乐
6,False,Asia/Shanghai,weibo,breathingExercise,openedApp,1752296637.282572,娱乐
6,False,Asia/Shanghai,weibo,breathingExercise,openedApp,1752305516.7107491,娱乐
6,False,Asia/Shanghai,weibo,breathingExercise,dismissedAppOpening,1752305930.8449101,
6,False,Asia/Shanghai,weibo,breathingExercise,dismissedAppOpening,1752305972.352641,
6,False,Asia/Shanghai,weibo,breathingExercise,dismissedAppOpening,1752306114.3565779,
6,False,Asia/Shanghai,weibo,breathingExercise,dismissedAppOpening,1752306119.409768,
6,False,Asia/Shanghai,weibo,breathingExercise,dismissedAppOpening,1752306121.6331291,
6,False,Asia/Shanghai,weibo,breathingExercise,dismissedAppOpening,1752306137.966106,
6,False,Asia/Shanghai,weibo,breathingExercise,openedApp,1752306213.998935,逃跑/避开
6,False,Asia/Shanghai,weibo,breathingExercise,openedApp,1752306730.798332,放松
6,False,Asia/Shanghai,weibo,breathingExercise,openedApp,1752308182.552195,娱乐
6,False,Asia/Shanghai,weibo,breathingExercise,openedApp,1752317094.578109,娱乐
6,False,Asia/Shanghai,weibo,breathingExercise,openedApp,1752317574.046626,娱乐
6,False,Asia/Shanghai,weibo,breathingExercise,dismissedAppOpening,1752318650.397307,
6,False,Asia/Shanghai,weibo,breathingExercise,openedApp,1752337455.7407842,逃跑/避开
6,False,Asia/Shanghai,weibo,breathingExercise,openedApp,1752337524.769981,放松
6,False,Asia/Shanghai,weibo,breathingExercise,openedApp,1752369325.026876,留在循环中
6,False,Asia/Shanghai,weibo,breathingExercise,dismissedAppOpening,1752371773.943156,
6,False,Asia/Shanghai,weibo,breathingExercise,openedApp,1752372165.247992,放松
6,False,Asia/Shanghai,weibo,breathingExercise,openedApp,1752377874.454863,发布一些内容
6,False,Asia/Shanghai,weibo,breathingExercise,openedApp,1752389919.181402,娱乐
6,False,Asia/Shanghai,weibo,breathingExercise,openedApp,1752390160.3371382,放松
6,False,Asia/Shanghai,weibo,breathingExercise,openedApp,1752400406.7995272,逃跑/避开
6,False,Asia/Shanghai,weibo,breathingExercise,dismissedAppOpening,1752448451.884861,
6,False,Asia/Shanghai,weibo,breathingExercise,dismissedAppOpening,1752456119.185288,
6,False,Asia/Shanghai,weibo,breathingExercise,dismissedAppOpening,1752460129.128654,
6,False,Asia/Shanghai,weibo,breathingExercise,dismissedAppOpening,1752460161.523715,
6,False,Asia/Shanghai,weibo,breathingExercise,dismissedAppOpening,1752460168.6666079,
6,False,Asia/Shanghai,weibo,breathingExercise,openedApp,1752460192.040004,逃跑/避开
6,False,Asia/Shanghai,weibo,breathingExercise,dismissedAppOpening,1752460532.351265,
6,False,Asia/Shanghai,weibo,breathingExercise,dismissedAppOpening,1752460677.70686,
6,False,Asia/Shanghai,weibo,breathingExercise,dismissedAppOpening,1752464998.658716,
6,False,Asia/Shanghai,weibo,breathingExercise,dismissedAppOpening,1752465069.611692,
6,False,Asia/Shanghai,weibo,breathingExercise,openedApp,1752465097.868789,放松
6,False,Asia/Shanghai,weibo,breathingExercise,dismissedAppOpening,1752470525.388976,
6,False,Asia/Shanghai,weibo,breathingExercise,openedApp,1752470999.1964731,娱乐
6,False,Asia/Shanghai,weibo,breathingExercise,dismissedAppOpening,1752471087.841939,
6,False,Asia/Shanghai,weibo,breathingExercise,dismissedAppOpening,1752471092.40337,
6,False,Asia/Shanghai,weibo,breathingExercise,openedApp,1752481034.0050058,娱乐
6,False,Asia/Shanghai,weibo,breathingExercise,dismissedAppOpening,1752481240.0707211,
6,False,Asia/Shanghai,weibo,breathingExercise,openedApp,1752502520.010808,娱乐
6,False,Asia/Shanghai,weibo,breathingExercise,openedApp,1752506154.941036,逃跑/避开
6,False,Asia/Shanghai,weibo,breathingExercise,openedApp,1752536205.18496,娱乐
6,False,Asia/Shanghai,weibo,breathingExercise,openedApp,1752536228.872652,逃跑/避开
6,False,Asia/Shanghai,weibo,breathingExercise,openedApp,1752539306.2516,娱乐
6,False,Asia/Shanghai,weibo,breathingExercise,openedApp,1752539347.192363,娱乐
6,False,Asia/Shanghai,weibo,breathingExercise,dismissedAppOpening,1752540600.071321,
6,False,Asia/Shanghai,weibo,breathingExercise,openedApp,1752541166.857469,搜索信息
6,False,Asia/Shanghai,weibo,breathingExercise,openedApp,1752552773.362619,娱乐
6,False,Asia/Shanghai,weibo,breathingExercise,openedApp,1752580241.166181,娱乐
6,False,Asia/Shanghai,weibo,breathingExercise,openedApp,1752580400.0972471,放松
6,False,Asia/Shanghai,weibo,breathingExercise,dismissedAppOpening,1752622658.506335,
6,False,Asia/Shanghai,weibo,breathingExercise,openedApp,1752623023.1575599,放松
6,False,Asia/Shanghai,weibo,breathingExercise,openedApp,1752625715.31571,娱乐
6,False,Asia/Shanghai,weibo,breathingExercise,openedApp,1752630201.579526,搜索信息
6,False,Asia/Shanghai,weibo,breathingExercise,dismissedAppOpening,1752636620.668443,
6,False,Asia/Shanghai,weibo,breathingExercise,dismissedAppOpening,1752643117.038187,
6,False,Asia/Shanghai,weibo,breathingExercise,openedApp,1752643309.812201,娱乐
6,False,Asia/Shanghai,weibo,breathingExercise,openedApp,1752643654.8796701,娱乐
6,False,Asia/Shanghai,weibo,breathingExercise,dismissedAppOpening,1752664595.820739,
6,False,Asia/Shanghai,weibo,breathingExercise,dismissedAppOpening,1752664618.1952329,
6,False,Asia/Shanghai,weibo,breathingExercise,openedApp,1752664661.668112,无所事事
6,False,Asia/Shanghai,weibo,breathingExercise,openedApp,1752668280.9332519,娱乐
6,False,Asia/Shanghai,weibo,breathingExercise,openedApp,1752677790.31897,娱乐
6,False,Asia/Shanghai,weibo,breathingExercise,openedApp,1752713181.5355859,娱乐
6,False,Asia/Shanghai,weibo,breathingExercise,dismissedAppOpening,1752714404.811168,
6,False,Asia/Shanghai,weibo,breathingExercise,openedApp,1752725867.63889,逃跑/避开
6,False,Asia/Shanghai,weibo,breathingExercise,openedApp,1752726105.1565099,逃跑/避开
6,False,Asia/Shanghai,weibo,breathingExercise,openedApp,1752727805.590773,娱乐
6,False,Asia/Shanghai,weibo,breathingExercise,openedApp,1752731996.692584,放松
6,False,Asia/Shanghai,weibo,breathingExercise,openedApp,1752732498.761889,逃跑/避开
6,False,Asia/Shanghai,weibo,breathingExercise,dismissedAppOpening,1752738641.962745,
6,False,Asia/Shanghai,weibo,breathingExercise,openedApp,1752739135.444129,逃跑/避开
6,False,Asia/Shanghai,weibo,breathingExercise,openedApp,1752739902.0885038,放松
6,False,Asia/Shanghai,weibo,breathingExercise,openedApp,1752749219.9955611,放松
6,False,Asia/Shanghai,weibo,breathingExercise,dismissedAppOpening,1752749264.2956681,
6,False,Asia/Shanghai,weibo,breathingExercise,openedApp,1752749286.641665,放松
6,False,Asia/Shanghai,weibo,breathingExercise,openedApp,1752760207.751713,放松
6,False,Asia/Shanghai,weibo,breathingExercise,dismissedAppOpening,1752760363.9782639,
6,False,Asia/Shanghai,weibo,breathingExercise,dismissedAppOpening,1752760370.8194551,
6,False,Asia/Shanghai,weibo,breathingExercise,dismissedAppOpening,1752760378.064879,
6,False,Asia/Shanghai,weibo,breathingExercise,dismissedAppOpening,1752760382.311473,
6,False,Asia/Shanghai,weibo,breathingExercise,dismissedAppOpening,1752760385.1562572,
6,False,Asia/Shanghai,weibo,breathingExercise,dismissedAppOpening,1752760386.940699,
6,False,Asia/Shanghai,weibo,breathingExercise,dismissedAppOpening,1752760389.1002111,
6,False,Asia/Shanghai,weibo,breathingExercise,dismissedAppOpening,1752760404.809696,
6,False,Asia/Shanghai,weibo,breathingExercise,openedApp,1752760785.953866,放松
6,False,Asia/Shanghai,weibo,breathingExercise,dismissedAppOpening,1752761149.400908,
6,False,Asia/Shanghai,weibo,breathingExercise,openedApp,1752761172.2493591,娱乐
6,False,Asia/Shanghai,weibo,breathingExercise,openedApp,1752761660.502232,娱乐
6,False,Asia/Shanghai,weibo,breathingExercise,dismissedAppOpening,1752762564.7573,
6,False,Asia/Shanghai,weibo,breathingExercise,openedApp,1752762579.731333,娱乐
6,False,Asia/Shanghai,weibo,breathingExercise,openedApp,1752796195.2531018,放松
6,False,Asia/Shanghai,weibo,breathingExercise,openedApp,1752812097.7719522,娱乐
6,False,Asia/Shanghai,weibo,breathingExercise,dismissedAppOpening,1752814635.75405,
6,False,Asia/Shanghai,weibo,breathingExercise,openedApp,1752815703.247456,逃跑/避开
6,False,Asia/Shanghai,weibo,breathingExercise,openedApp,1752817336.4695802,娱乐
6,False,Asia/Shanghai,weibo,breathingExercise,openedApp,1752817839.880379,逃跑/避开
6,False,Asia/Shanghai,weibo,breathingExercise,openedApp,1752829759.419958,逃跑/避开
6,False,Asia/Shanghai,weibo,breathingExercise,dismissedAppOpening,1752831668.476949,
6,False,Asia/Shanghai,weibo,breathingExercise,dismissedAppOpening,1752837085.2542539,
6,False,Asia/Shanghai,weibo,breathingExercise,openedApp,1752840938.0043721,娱乐
6,False,Asia/Shanghai,weibo,breathingExercise,dismissedAppOpening,1752845245.143127,
6,False,Asia/Shanghai,weibo,breathingExercise,openedApp,1752853041.343287,娱乐
6,False,Asia/Shanghai,weibo,breathingExercise,openedApp,1752887256.7120261,娱乐
6,False,Asia/Shanghai,weibo,breathingExercise,openedApp,1752887284.452932,娱乐
6,False,Asia/Shanghai,weibo,breathingExercise,openedApp,1752896114.706943,娱乐
6,False,Asia/Shanghai,weibo,breathingExercise,dismissedAppOpening,1752896932.2780352,
6,False,Asia/Shanghai,weibo,breathingExercise,openedApp,1752899063.888067,娱乐
6,False,Asia/Shanghai,weibo,breathingExercise,dismissedAppOpening,1752900543.250498,
6,False,Asia/Shanghai,weibo,breathingExercise,openedApp,1752903269.7455401,跟踪暗恋对象
6,False,Asia/Shanghai,weibo,breathingExercise,openedApp,1752907966.9943218,放松
6,False,Asia/Shanghai,weibo,breathingExercise,openedApp,1752924332.736155,娱乐
6,False,Asia/Shanghai,weibo,breathingExercise,dismissedAppOpening,1752930096.1915998,
6,False,Asia/Shanghai,weibo,breathingExercise,openedApp,1752988355.952555,娱乐
6,False,Asia/Shanghai,weibo,breathingExercise,dismissedAppOpening,1752988426.365697,
6,False,Asia/Shanghai,weibo,breathingExercise,openedApp,1752988624.396245,发布一些内容
6,False,Asia/Shanghai,weibo,breathingExercise,openedApp,1752998497.959649,娱乐
6,False,Asia/Shanghai,weibo,breathingExercise,dismissedAppOpening,1752999933.209807,
6,False,Asia/Shanghai,weibo,breathingExercise,dismissedAppOpening,1752999936.4844089,
6,False,Asia/Shanghai,weibo,breathingExercise,dismissedAppOpening,1752999949.314467,
6,False,Asia/Shanghai,weibo,breathingExercise,openedApp,1753055244.361843,放松
6,False,Asia/Shanghai,weibo,breathingExercise,openedApp,1753061322.817234,娱乐
6,False,Asia/Shanghai,weibo,breathingExercise,openedApp,1753077999.994802,娱乐
6,False,Asia/Shanghai,weibo,breathingExercise,dismissedAppOpening,1753096555.904584,
6,False,Asia/Shanghai,weibo,breathingExercise,openedApp,1753096916.088245,娱乐
6,False,Asia/Shanghai,weibo,breathingExercise,dismissedAppOpening,1753112914.0138478,
6,False,Asia/Shanghai,weibo,breathingExercise,dismissedAppOpening,1753112916.6184192,
6,False,Asia/Shanghai,weibo,breathingExercise,dismissedAppOpening,1753112918.774562,
6,False,Asia/Shanghai,weibo,breathingExercise,dismissedAppOpening,1753112979.4540129,
6,False,Asia/Shanghai,weibo,breathingExercise,openedApp,1753151792.717183,娱乐
6,False,Asia/Shanghai,weibo,breathingExercise,openedApp,1753151831.475848,放松
6,False,Asia/Shanghai,weibo,breathingExercise,openedApp,1753153642.617048,放松
6,False,Asia/Shanghai,weibo,breathingExercise,openedApp,1753157820.514224,放松
6,False,Asia/Shanghai,weibo,breathingExercise,dismissedAppOpening,1753157913.298582,
6,False,Asia/Shanghai,weibo,breathingExercise,openedApp,1753157931.900882,逃跑/避开
6,False,Asia/Shanghai,weibo,breathingExercise,openedApp,1753158365.2327409,娱乐
6,False,Asia/Shanghai,weibo,breathingExercise,openedApp,1753158412.656441,娱乐
6,False,Asia/Shanghai,weibo,breathingExercise,openedApp,1753158465.817204,放松
6,False,Asia/Shanghai,weibo,breathingExercise,openedApp,1753160239.4338942,娱乐
6,False,Asia/Shanghai,weibo,breathingExercise,openedApp,1753171167.655188,娱乐
6,False,Asia/Shanghai,weibo,breathingExercise,openedApp,1753184272.654525,娱乐
6,False,Asia/Shanghai,weibo,breathingExercise,openedApp,1753250518.626656,娱乐
6,False,Asia/Shanghai,weibo,breathingExercise,openedApp,1753260745.2605848,逃跑/避开
6,False,Asia/Shanghai,weibo,breathingExercise,openedApp,1753271298.3516278,娱乐
6,False,Asia/Shanghai,weibo,breathingExercise,openedApp,1753314424.4238482,放松
6,False,Asia/Shanghai,weibo,breathingExercise,openedApp,1753315669.353477,娱乐
6,False,Asia/Shanghai,weibo,breathingExercise,openedApp,1753315767.705299,放松
